:020000040800F2
:1000000000500020ED0000084501000845010008EF
:1000100045010008450100084501000800000000F6
:100020000000000000000000000000004501000882
:1000300045010008000000004501000845010008D6
:100040004501000845010008450100084501000878
:100050004501000845010008450100084501000868
:100060004501000845010008450100084501000858
:100070004501000845010008450100084501000848
:100080004501000845010008450100084501000838
:100090004501000845010008450100084501000828
:1000A0004501000845010008450100084501000818
:1000B0004501000845010008450100084501000808
:1000C00045010008450100084501000845010008F8
:1000D00045010008450100084501000845010008E8
:0C00E0004501000845010008450100082A
:1000EC000E480F490F4A9142BEBF50F8043B41F8ED
:1000FC00043BF8E70C490D4A00239142BCBF41F880
:10010C00043BFAE700F01AF809480A490860BFF303
:10011C004F8FBFF36F8F00F02FFBFEE750080008E6
:10012C00000000200000002000000020240100201E
:10013C000000000808ED00E0FEE70000374B82B03D
:10014C001A6842F001021A605968354A0A405A602E
:10015C001A6822F0847222F480321A601A6822F42F
:10016C0080221A605A6822F4FE025A604FF41F0271
:10017C009A600022009201921A6842F480321A604E
:10018C001A6802F400320192009A01320092019A2C
:10019C001AB9009AB2F5A06FF2D11A6812F40032B3
:1001AC0018BF01220192019A012A30D11D4A11680F
:1001BC0041F010011160116821F003011160116808
:1001CC0041F0020111605A685A605A685A605A68C4
:1001DC0042F480625A605A6822F47C125A605A685F
:1001EC0042F4E8125A601A6842F080721A601A6877
:1001FC009201FCD55A6822F003025A605A6842F008
:10020C0002025A605A6802F00C02082AFAD14FF026
:10021C000062054B9A6002B0704700BF00100240AC
:10022C000000FFF80020024000ED00E0006870477D
:10023C00024AD368DB07FCD4704700BF00200240A1
:10024C000D4908B5FFF7F4FF0B6943F002030B618E
:10025C0048610B6943F040030B61FFF7E9FF34235E
:10026C00C868CB6000F01400B0FA80F00B6940094C
:10027C0023F002030B6108BD00200240094A1368F9
:10028C00506803F16043B3F5A04F09D800F17843EF
:10029C00A3F58053B3F56C4F02D200F00100704708
:1002AC00002070470010000808B5074B19685A6801
:1002BC0072B60024054884810548836081F3088860
:1002CC0062B69047FEE700BF0010000800480040EF
:1002DC0000ED00E04FF0FF3330B50A4D0144884289
:1002EC0001D1D84330BD10F8012B5340082243F301
:1002FC000004013A2C4012F0FF0284EA5303F6D1B9
:10030C00EDE700BF2083B8EDF0B51C4D8BB0BDF808
:10031C00404000950125264660F07F00ADF80610A0
:10032C0002928DF804508DF80500ADF80C400DF1DB
:10033C000D0219198B421CD10E3421466846FFF769
:10034C00C9FF6D46030C2F192DF80400BB70000E6D
:10035C000B4BF87015F8012B19880906FCD5013EDA
:10036C0016F1120F9A80F5D11A885206FCD50BB0F3
:10037C00F0BD13F8010B02F8010FDBE753544D5796
:10038C000048004010B5FFF779FFD0B10E4C236840
:10039C00E168DA43914215D10C4A934211D0A2F58F
:1003AC00DD22A2F5E06293420CD161684B1EB3F5DD
:1003BC006C4F07D20648FFF78DFFA3681B1A5842F3
:1003CC00584110BD0020FCE700FC00085346573193
:1003DC00001000082DE9F041174600244FF03408B6
:1003EC00174D2B6943F001032B61BC4206D3144A11
:1003FC000120136923F00103136117E0631CBB4256
:10040C0038BFCB5C0E5D34BF46EA032646F47F460C
:10041C002652FFF70DFFEB68C5F80C8013F0140F94
:10042C0006D000202B6923F001032B61BDE8F0817D
:10043C00235A9BB2B342F4D10234A4B2D5E700BF25
:10044C00002002400E212DE9F043A94DA94E89B0A0
:10045C00431CA94A9BB21488A406FCD59288042B91
:10046C002A540DD12846FFF7E1FEB04206D06B7836
:10047C002B70AB786B70EB78AB7003231846E7E707
:10048C000E2B0FD12A68B24240F073812A79012ACF
:10049C0040F06F81A989B1F5807F00F26A81123139
:1004AC0089B2EBE79942E9D104396818FFF7BEFE2F
:1004BC0007462846FFF70EFFB8426C7940F0528190
:1004CC00013C052C00F24481DFE814F006003F00EB
:1004DC008D00CD000E013A01884B0024B3F8E030BA
:1004EC0087489BB29A008DF80D209A099B0B8DF8CA
:1004FC000F304FF46C438DF80C40CDE904038DF8AC
:10050C000E20FFF73FFF4FF48263079314238DF8FF
:10051C0018008DF81940ADF81A406F7900932246F7
:10052C003846E98803ABFFF7EFFE042F40F0158146
:10053C00002C40F01E817349734BCA6802F4E062D0
:10054C001343CB60BFF34F8FFEE7AB89082B40F012
:10055C00FF806A4BB3F8E0309BB2402B02D00023F3
:10056C000324DAE76948FFF761FE694B044618601B
:10057C006848FFF75BFEDFF8A081631EB3F56C4F94
:10058C00C8F80000EBD2654B65481A69110641BFEB
:10059C00644A5A6002F188325A60FFF751FE10B972
:1005AC0000230524B9E704F2FF346FF3090404F1C6
:1005BC000064534F04F580543846FFF741FE002881
:1005CC00EED007F58067BC42F6D80022564B514856
:1005DC00FFF72CFE1A600122544BC8F800001A7069
:1005EC0000231C4699E7514B1B78002B00F0B3807D
:1005FC00DFF83481A868D8F80090AF89484514D248
:10060C003B1899450ED1002300F10061484C01F5CF
:10061C0080519AB2BA42E3D2CA5C14F8010F01338A
:10062C009042F6D00023042477E7FBD17B1EFF2BEE
:10063C00F8D8374BC41919688C42F3D810F0010361
:10064C00F0D1FA0701D58C42EDD100F100603A46A9
:10065C002E4900F58050FFF7BDFE0028A0D04F4476
:10066C00C8F80070BCE7314F3B78002B38D0284BD2
:10067C002D4A1B68D2F80080984531D1414620485C
:10068C00FFF728FE244B04461B68984202D0062430
:10069C00002342E7FFF7F2FD0028F8D0254B10228B
:1006AC00CDE90338244B1E4803A905940693FFF7A4
:1006BC0091FEB8B10024194A136943F08003136109
:1006CC003C70A2F58052D36943F0C053D361A2F5BC
:1006DC00D032136843F480731360184B9C80D7E7B7
:1006EC000224D5E70524D3E70022104B77E700BF9F
:1006FC001000002053544D570048004000F7FF1FD6
:10070C000010000800ED00E00400FA051E000020B7
:10071C000C000020220000200800002000200240D5
:10072C0000FC0008230167450400002000000020A5
:10073C001D00002053575031ACA8AFCE006C0040C8
:10074C00FFF720FE034600287FF44AAF0724E4E6B7
:10075C0000230124E1E60224DFE6062F09D144B987
:10076C00FFF7A2FD002301222046E9880093FFF742
:10077C00CBFD0E21002381E62A4B73B59A692A49D9
:10078C0042F008029A61DA69284C42F48022DA615C
:10079C004A6822F47F4242F496424A604FF49C72BB
:1007AC00228142F20C02A281DA6942F0C052DA6173
:1007BC001F4A136843F4807313604BF207021D4BFE
:1007CC009B889BB293422AD0FFF7DCFD38B3002202
:1007DC00194D1A4B1A4E01920199A94201D9FFF7F2
:1007EC0063FD2188890614D5511CA08889B204297F
:1007FC00985412D11846FFF719FDB04202D10846A1
:10080C00FFF720FE5A781A709A785A70DA789A7034
:10081C000322019901310191DEE70A46F9E7002034
:10082C00EEE700BF00100240000C01400048004001
:10083C0000700040006C00403F5489001000002004
:04084C0053544D575D
:10FC000053465731FFFFFFFFFFFFFFFFACB9A8CE00
:04000005080000ED02

:020000040800F2
:1010000000500020811300087D1200087F120008A4
:1010100081120008831200088512000800000000F9
:10102000000000000000000000000000871200081F
:1010300089120008000000008B1200088D120008C1
:10104000D9130008D9130008D9130008D9130008D0
:10105000D9130008D9130008D9130008D9130008C0
:10106000D9130008D9130008A1960008D913000865
:10107000D9130008D9130008D9130008D9130008A0
:10108000D9130008D9130008D9130008D913000890
:10109000D9130008D9130008D9130008D913000880
:1010A000D913000839400008D9130008D9130008E3
:1010B0005D210008D913000845210008D913000854
:1010C000D9130008D9130008D9130008D913000850
:1010D000D9130008D9130008A9370008992C000873
:0C10E000D9130008D9130008D913000828
:1010F0008FB5022000F072F900F09AFE022000F095
:10110000A9F9012000F0A6F901F05CFA01F07AFAE1
:10111000002141F61F4001F099FA4FF4E13000F050
:10112000D9FE4FF46131482002F0DCFA4FF4E1308F
:1011300001F00AFC00F058FF00F0A4FF01F018F8DD
:1011400001F074FB00204FF6FF7505F049FB02F03B
:10115000C3F9002100240C264FF001080846502353
:10116000A022009502F00CF84FF4784324213C4A69
:101170001420CDE90164009502F09EF84FF47A70D6
:1011800000F08EFE01F0F4FD01F008FE4FF478430C
:101190002421344A1420CDE90164009502F08CF832
:1011A0004FF47A7000F07CFE5023A02221462046A6
:1011B000009501F0E5FF4FF4784324212A4A1420DA
:1011C000CDE90164009502F077F84FF47A7000F0F1
:1011D00067FE264F21465023A0222046009501F0AD
:1011E000CFFF234887F8008008F028F921462048DF
:1011F00008F02AFA40BBCDE901604FF4784324217E
:1012000014201C4A009587F8008002F055F84FF42E
:101210007A7000F045FE00214FF6FF730846A022C9
:101220000093502301F0ACFF00F08CFE41F61F410B
:10123000632001F067FB04F089FF3B78002BFAD0B4
:101240000B4808F015FAF6E74FF4784324211420F0
:10125000CDE90164084A009502F02EF83C70D6E70B
:1012600060C200086DC200087EC20008C8040020E9
:10127000200600208DC200089FC200087047FEE7CC
:10128000FEE7FEE7FEE770477047704770470000D3
:10129000374B82B01A6842F001021A605968354A29
:1012A0000A405A601A6822F0847222F480321A606E
:1012B0001A6822F480221A605A6822F4FE025A60E8
:1012C0004FF41F029A600022009201921A6842F4C1
:1012D00080321A601A6802F400320192009A0132D8
:1012E0000092019A1AB9009AB2F5A06FF2D11A6869
:1012F00012F4003218BF01220192019A012A30D162
:101300001D4A116841F010011160116821F00301BC
:101310001160116841F0020111605A685A605A6800
:101320005A605A6842F480625A605A6822F47C1209
:101330005A605A6842F4E8125A601A6842F08072A1
:101340001A601A689201FCD55A6822F003025A60AA
:101350005A6842F002025A605A6802F00C02082AE7
:10136000FAD14FF00062054B9A6002B0704700BF9F
:10137000001002400000FFF80020024000ED00E0F5
:101380000E480F490F4A9142BEBF50F8043B41F846
:10139000043BF8E70C490D4A00239142BCBF41F8D9
:1013A000043BFAE7FFF774FF09480A490860BFF3F6
:1013B0004F8FBFF36F8FFFF79BFEFEE770DA0008D9
:1013C00000000020C8040020C804002018090020E4
:1013D0000010000808ED00E0FEE70000C3430849E4
:1013E0001B02CA6803F4E06322F4E0621204120CE8
:1013F000134343F0BF6343F40033CB60704700BF37
:1014000000ED00E0F8B51546044618460E46FFF715
:10141000E5FF01220E4B690953F8217005F01F0CFE
:1014200002FA0CF23A4343F821202B440F25C0F175
:10143000040125FA00F093F800238C4000EA06012D
:101440000C4342EA0412D2B283F80023F8BD00BF75
:1014500000E100E0064A936943F001039361A2F5BD
:101460008832536823F0E06343EA40635360704777
:101470000010024070B50125017801F01F039D4066
:10148000C3784C09BBB10E4B4678DA68D243C2F33D
:101490000222C2F104039E4083780F2020FA02F258
:1014A00013403343074A1B01DBB2114481F8003378
:1014B00042F8245070BD034B203443F82450F9E720
:1014C00000ED00E000E100E04FF0E0231A6904289D
:1014D0000CBF42F0040222F004021A6170470000BF
:1014E00008B5144B98420BD101214FF4007000F065
:1014F00093F900214FF40070BDE8084000F08CB96A
:101500000D4B984208D101214FF4806000F084F91E
:1015100000214FF48060EFE7084B984208D1012189
:101520004FF4004000F078F900214FF40040E3E769
:1015300008BD00BF0024014000280140003C0140DC
:1015400043680A7923F4702323F4807343EA022367
:101550000A6810B5134343608468D1E9022313433A
:10156000084A224013434A7943EA420383600A7CD3
:10157000C36A013A23F47003D2B243EA0253C3624E
:1015800010BD00BFFDF7F1FF836819B143F00103FF
:101590008360704723F00103FAE7836819B143F4CD
:1015A000A0038360704723F4A003FAE7092970B50C
:1015B0001BD90726A1F10A04C56804EB4404A64020
:1015C00025EA060503FA04F42C43C460062A17D85A
:1015D0001F24013A436B02EB8202944023EA040386
:1015E00001FA02F21A43426370BD0725046901EB58
:1015F0004106B54024EA0504B34023430361E5E70F
:101600000C2A0CD81F24073A036B02EB8202944089
:1016100023EA040301FA02F21A430263E4E71F24F7
:101620000D3AC36A02EB8202944023EA040391401C
:101630001943C162D8E7C06C80B2704700680840A7
:10164000003818BF01207047014B5861704700BF38
:1016500000040140F0B5CB780E88DA0648BF8A78DE
:1016600003F00F0548BF15430A78C2B100210127D6
:101670004FF00F0C026807FA01F434EA060E0AD1A3
:10168000282B2AD144618C000CFA04FE22EA0E02B7
:1016900005FA04F4224301310829ECD10260FF2E3F
:1016A0001AD9002101274FF00F0C426801F10804FC
:1016B00007FA04F434EA060E0AD1282B11D144614A
:1016C0008C000CFA04FE22EA0E0205FA04F422430E
:1016D00001310829EAD14260F0BD482BD3D1046121
:1016E000D1E7482B08BF0461EAE701617047416117
:1016F000704700000028164A30B500F44015B4BF0A
:10170000D3695368B5F5401F84B210D1556823F0F2
:10171000706325F07065556019B1420D1201944057
:1017200023430B4A0028B4BFD361536030BDC202CB
:101730004DBF0322420D1201C0F303454CBFAA4026
:1017400004FA02F223EA020343F07063E4E700BF05
:1017500000000140034A536823F4404303435360AD
:10176000704700BF001002401A4A10B5536803F0DA
:101770000C03082B2CD153685168C3F38343CC036B
:1017800003F102031FD414494B4303605168134C07
:10179000C1F30311615CCB4043605168C1F3022186
:1017A000615C23FA01F181605168C1F3C221615C7F
:1017B000CB40C36052680A49C2F381328A5CB3FBF2
:1017C000F2F3036110BD51688903DCD40549DBE7FE
:1017D000044BDAE70010024000093D0010C9000880
:1017E0000CC9000800127A00044B9A6911B1024337
:1017F0009A61704722EA0002FAE700BF0010024037
:10180000044BDA6911B10243DA61704722EA00023F
:10181000FAE700BF00100240044BDA6811B102433E
:10182000DA60704722EA0002FAE700BF00100240C7
:1018300030B5048C42EA031224F001042404240C81
:101840000484048B144B24F0F3042404058C240C2E
:1018500014439842ADB2A4B212D003F5006398428B
:101860000ED0B0F1804F0BD0A3F59833984207D03B
:1018700003F58063984203D003F58063984207D153
:1018800025F00205294341F001010483018430BDA4
:1018900025F00A05F6E700BF002C014070B5048C66
:1018A000120224F010042404240C0484058B42EA60
:1018B000033225F44075164B2D05048C2D0D0E01B9
:1018C00015439842A4B2B6B2ADB212D003F500638C
:1018D00098420ED0B0F1804F0BD0A3F598339842C8
:1018E00007D003F58063984203D003F580639842E4
:1018F00008D124F0200346EA030444F010010583D4
:10190000018470BD24F0A004214341F01001F6E7EA
:10191000002C0140224A038890429BB212D002F56B
:10192000006290420ED0B0F1804F0BD0A2F59832F9
:10193000904207D002F58062904203D002F58062A7
:10194000904209D14A8823F070031343CA8823F4D4
:1019500040739BB2134306E0124A904203D002F553
:1019600080629042F2D103808B8883850B88038547
:101970000B4B98420FD003F5006398420BD003F550
:101980004063984207D003F58063984203D003F583
:101990008063984201D10B7A0386012383827047CA
:1019A000002C014000100040038C70B523F00103AF
:1019B0001B041B0C0384038C8488028B0D8822F08B
:1019C00073021204120C4E882A4323F002030D897D
:1019D0001B0435431B0C2B43144DA4B2A8429BB2ED
:1019E0000FD005F50065A8420BD005F54065A8426B
:1019F00007D005F58065A84203D005F58065A842AB
:101A00000ED14D8923F008032B438D8823F0040366
:101A1000CE892B438D8924F4407435432C43A4B2E2
:101A200084800283CA888286038470BD002C0140B2
:101A3000038C70B523F480531B041B0C0384038CAC
:101A40008488828B0D8822F4E6421204120C42EA4A
:101A500005224E880D8923F400531B0435431B0CCB
:101A600043EA05330B4DA4B2A84292B29BB203D015
:101A700005F50065A84205D18D8924F4804444EA27
:101A80008514A4B284808283CA88A0F8402003848D
:101A900070BD00BF002C01404FF6FF738380002310
:101AA0000380C380438003727047002301220380B8
:101AB00043808280C38003817047038821B19BB239
:101AC00043F001030380704723F001031B041B0C48
:101AD000F8E783899BB212B119438181704723EAE9
:101AE0000101FAE770B50689048B058C24F4407473
:101AF00024F0030425F0220526F0070624042D0413
:101B00003604240C2D0C42EA0312360C44F4807483
:101B100015430E4344F00104ADB2068104830584ED
:101B200070BD038821B19BB243F0800303807047EE
:101B300023F080031B041B0CF8E7038B23F008033E
:101B40001B041B0C0B4303837047838B23F400633C
:101B50001B041B0C43EA01239BB2838370478184DF
:101B60007047038B23F00C031B041B0C0383038BB4
:101B70009BB20B4303837047038B23F440631B0426
:101B80001B0C0383038B9BB243EA01239BB20383A9
:101B90007047838B23F00C031B041B0C8383838B04
:101BA0009BB20B4383837047838B23F440631B04F6
:101BB0001B0C8383838B9BB243EA01239BB28383F9
:101BC00070470000F8B50E46098804467588B2884B
:101BD000338939B92946FFF72BFEF188BDE8F84073
:101BE000FFF7BFBF042907D12946FFF757FEF18849
:101BF000BDE8F840FFF7C0BF0829008CF18837D155
:101C000020F480700004000C2084A68B208CB6B2D7
:101C100026F0F306164346EA0316354B2F029C4284
:101C200080B2BFB2B6B212D003F500639C420ED0B0
:101C3000B4F1804F0BD0A3F598339C4207D003F545
:101C400080639C4203D003F580639C420CD120F456
:101C5000007347EA030040F48070A6832084204686
:101C6000BDE8F840FFF795BF20F420602843F2E775
:101C700020F480500004000C2084A68B1B0326F463
:101C80004076360543EA0223360D1E43184B208C5E
:101C90002F039C4280B2BFB2B6B212D003F50063EC
:101CA0009C420ED0B4F1804F0BD0A3F598339C42E8
:101CB00007D003F580639C4203D003F580639C4208
:101CC0000CD120F4005347EA030040F48053A6836C
:101CD00020462384BDE8F840FFF766BF20F400707B
:101CE0004004400C45EA000343F48053EFE700BF93
:101CF000002C0140C94389B20182704730B50446C7
:101D0000038ACA889BB223F44053134387B00382EB
:101D100083898A8823F4B05323F00C031B041B0C23
:101D200013430A890D4613434A8913439BB28381A7
:101D3000838A8A899BB223F440731343838201A868
:101D4000FFF712FDDDE9033214498C4208BF134648
:101D50001922A18953432A680D044CBF52009200F6
:101D60006421B3FBF2F3B3FBF1F001FB103302018A
:101D7000A08900044BBFDB001B01323332334BBF61
:101D8000B3FBF1F3B3FBF1F303F0070303F00F032D
:101D900013439BB2238107B030BD00BF0038014020
:101DA000838921B19BB243F400538381704723F4AC
:101DB00000531B041B0CF8E7012310B5C1F34214B8
:101DC000012C01F01F0103FA01F305D10C3042B1DF
:101DD00002681343036010BD022C0CBF1030143096
:101DE000F5E7026822EA0303F4E78088C0F30800FD
:101DF000704703460120C1F3421210B5012A01F0D9
:101E00001F0400FA04F00DD19A891B8892B2104089
:101E10009BB230B10122090A8A401340181E18BF34
:101E2000012010BD022A0CBF1A8A9A8AEDE7000031
:101E300008B56FF00400FFF747FB084B084A1B6822
:101E4000B3FBF2F3074ADBB21370C3EB431203EBAD
:101E50008203054ADB00138008BD00BF1C00002080
:101E600000127A00F8040020F60400200B4B002238
:101E70001B7858434FF0E02358619A611A6942F089
:101E800001021A611A6902F00112012AFAD01A69D4
:101E900022F001021A6100229A617047F8040020C2
:101EA0000B4B00221B8858434FF0E02358619A6186
:101EB0001A6942F001021A611A6902F00112012A3C
:101EC000FAD01A6922F001021A6100229A61704761
:101ED000F604002010B5012186B0044644F2040047
:101EE000FFF782FC144B01A914480193FFF7B2FBE2
:101EF0004FF48063ADF80430042310480DEB030168
:101F00008DF80730FFF7A6FB4FF44023029400241E
:101F100002A90B48CDE90343ADF81440FFF7EEFEEC
:101F2000224640F225510648FFF746FF01210448AA
:101F3000FFF736FF06B010BD00020318000801408D
:101F40000038014010B5012186B04FF40170FFF751
:101F50004BFC4FF40040FFF7FDFB002410236946C3
:101F60000E48ADF800308DF80340FFF773FB0C48C6
:101F7000FFF7B6FA4FF460230194CDE90334ADF8CE
:101F80000840012401A906488DF81440FFF7D8FA4B
:101F900021460348FFF7F8FA06B010BD00080140DB
:101FA00000240140014608B5094807230122FFF734
:101FB000FDFA01210648FFF7F0FA02210448FFF775
:101FC0003DFB0028F9D0BDE808400148FFF733BBCE
:101FD0000024014008B50420FFF7E4FF41F6C813D0
:101FE0005843001308BD0000012130B5084689B0F0
:101FF000FFF706FC01210420FFF7F6FB042303256D
:102000000DEB03011E488DF80730ADF80450FFF7C3
:1020100021FB02A8FFF740FD00244FF6FF7302A941
:102020004FF08040CDE90243FFF774FC224623467F
:1020300029464FF08040FFF755FD05A8FFF735FD15
:102040000A2305A94FF08040ADF81C30FFF7BAFD18
:1020500001214FF08040FFF74DFE01224FF08040FC
:102060001146FFF736FD21464FF08040FFF777FD20
:1020700001214FF08040FFF720FD09B030BD00BFC7
:102080000008014010B5012188B00420FFF7B8FB1B
:1020900001210820FFF7A8FBC023ADF8043004237A
:1020A0001A480DEB03018DF80730FFF7D3FA02A8A9
:1020B000FFF7F2FC00244FF6FF7302A91448CDE9A4
:1020C0000243FFF727FC2246234603211048FFF76F
:1020D00009FD05A8FFF7E9FC0A2305A90C48ADF89E
:1020E0001C30FFF76FFD01210948FFF703FE0122B5
:1020F00007481146FFF7EDFC21460548FFF72FFD85
:1021000001210348FFF7D9FC08B010BD000C0140C5
:102110000008004003280AD004280AD002280AD167
:102120004FF080430022988C9A8400B27047034B92
:10213000F8E7034BF6E70020704700BF00040040BB
:1021400000080040044A138A138A23F001031B0489
:102150001B0C1382704700BF000800404FF0804204
:10216000138A138A23F001031B041B0C138270478C
:1021700007B501210C20FFF737FB074B01A90748E2
:102180000193FFF767FA064B064801A90193FFF791
:1021900061FA03B05DF804FB008003100008014001
:1021A00008000310000C014070B50124124B134DC0
:1021B0005A6822F070425A605A6842F040525A609F
:1021C000C5F8BC41D5F83C310BB9002070BD0C4EB0
:1021D0002046C6F88C41FFF749FE0023C5F8BC3104
:1021E000D5F83C51002DF0D12046FFF73FFE2046A8
:1021F000C6F88C51EAE700BF000801400000214208
:102200000080214238B50E4B0E4D5A680E4C22F01C
:1022100070425A605A68012042F040525A600023CE
:10222000C5F88C31C4F8BC31FFF720FE0120C5F899
:102230008C01C4F8BC01BDE83840FFF717BE00BFF1
:1022400000080140008021420000214238B50124ED
:10225000144B154D5A68204622F070425A605A6855
:1022600042F000425A60C5F8BC41FFF7FFFD0F4B3A
:102270002046C3F88C41FFF7F9FD3324D5F83C31F3
:1022800023B90A4A0120C2F88C3106E0013C14F05F
:10229000FF0403D1FFF7B6FF204638BD0120FFF74A
:1022A000E5FDEBE7000801400000214200802142EB
:1022B00038B500250C4C0D4BC4F88C515A680120E0
:1022C00022F070425A605A6842F040525A60084BFD
:1022D000C3F8BC51FFF7CAFD0120C4F88C01FFF719
:1022E000C5FDC4F88C5138BD008021420008014072
:1022F0000000214270B5002601240D4D0D4BC5F89C
:102300008C615A68204622F070425A605A6842F046
:1023100040525A60084BC3F8BC41FFF7A7FD204666
:10232000C5F88C41FFF7A2FDC5F88C6170BD00BFF8
:10233000008021420008014000002142164B2DE997
:10234000F0415A68044622F070425A605A680825E3
:1023500042F040525A6000230127104EDFF84080BF
:10236000C6F88C31E309C8F8BC310120FFF77EFDC7
:102370000120C6F88C71FFF779FD00230120C6F813
:102380008C31013DFFF772FD640015F0FF05E4B2EA
:10239000E8D1BDE8F08100BF000801400080214283
:1023A00000002142F8B504460F4615461E46FFF7C9
:1023B000FBFE48B1600000F0FE00FFF7BFFFFFF733
:1023C00045FF18B9FFF71EFF012010E03846FFF760
:1023D000B5FF0024FFF73AFFA54205DD305DFFF7AA
:1023E000ADFFFFF733FF18B9FFF70CFF0020F8BD72
:1023F0000134F1E72DE9F041002405460827A04605
:10240000144B154E5A6822F070425A605A6842F0D6
:1024100000425A600220C6F88C81FFF727FD012395
:10242000C6F88C319C400D4BE4B2D3F83C310BB173
:102430000134E4B20220FFF719FD7B1E13F0FF0701
:10244000E8D125B1FFF734FF2046BDE8F081FFF762
:1024500051FFF9E7000801400080214200002142BD
:10246000F8B505460F4614461E46FFF79DFE48B1D7
:102470006D00EDB22846FFF761FFFFF7E7FE18B9E0
:10248000FFF7C0FE0120F8BD3846FFF757FFFFF702
:10249000DDFEFFF789FE681CC0B2FFF74FFFFFF7B4
:1024A000D5FE1CB9FFF7AEFE2046ECE7012C0CBFB1
:1024B00000200120FFF79EFF013C06F8010BE4B26B
:1024C000EFE738B504460D46FFF76EFE2046FFF7EE
:1024D00035FFFFF7BBFE2846FFF730FFFFF7B6FEDC
:1024E000FFF762FE601CC0B2FFF728FFFFF7AEFEE9
:1024F0000020FFF77FFF0446FFF784FE204638BD2B
:10250000F8B507460E4615461C46FFF74DFE384601
:10251000FFF714FFFFF79AFE3046FFF70FFFFFF7B4
:1025200095FE2544AC4203D1FFF76CFE0120F8BDB7
:1025300014F8010BFFF702FFFFF788FEF2E7F7B58B
:102540001C46174605460E46FFF7BBFF9DF8203098
:10255000C4F108029340DBB2C7F107021341FF2226
:10256000E41B0734013742FA04F4BA402243104016
:1025700018438DF807000122314628460DF1070364
:10258000FFF7BEFF012003B0F0BDF7B50D461746BB
:1025900004461E46FFF795FF012101FA07F276B1C6
:1025A00040EA0203DBB28DF80730012229462046BB
:1025B0000DF10703FFF7A4FF012003B0F0BD20EAEF
:1025C0000203EFE707B501210820FFF70DF94FF4EB
:1025D0008073ADF804304823044801A98DF8073012
:1025E000FFF738F803B05DF804FB00BF000C0140B2
:1025F000034BD3F82001B0FA80F04009704700BFC8
:102600000080214207B501211820FFF7EDF80A4BA1
:1026100001A90A480193FFF71DF8094B094801A9D0
:102620000193FFF717F80122074BC3F8A421C3F861
:10263000902103B05DF804FB30020310000C014050
:1026400000800310001001400080214270B500247A
:1026500006460D4688B001210D20FFF7C5F801217F
:102660000220FFF7CDF81F4B69461F480093FEF785
:10267000F1FF1E4B69461E480093FEF7EBFF01A8D1
:10268000FFF70AFA01A91B48ADF80A40ADF8064069
:10269000ADF80860ADF80450FFF73CF9164B04A9FB
:1026A00014480493ADF81840ADF81640FFF77CF9D4
:1026B00004A91048FFF7BCF908210E48FFF73DFABE
:1026C00008210C48FFF741FA01210A48FFF729FACF
:1026D00001210848FFF7F1F9064B9C86A3F840401A
:1026E00008B070BD02000318000C01404000031840
:1026F00000080140000400407000010008B54FF4DC
:1027000000610A48FEF7F1FF4FF480510748FEF7D9
:10271000ECFF4FF480510548FEF7E9FFBDE80840A3
:102720004FF400610148FEF7E2BF00BF000801401E
:1027300008B54FF400610748FEF7D7FF4FF480510A
:102740000448FEF7D4FFBDE808404FF4805101482B
:10275000FEF7CBBF0008014008B54FF40061054803
:10276000FEF7C3FFBDE808404FF400610148FEF7E3
:10277000BEBF00BF0008014038B54FF400610446F9
:102780000F48FEF7B4FF082523064FF480510C488C
:1027900012D5FEF7AAFF4FF400610948FEF7A5FF26
:1027A000013D4FF400610648FEF7A1FF640015F0FB
:1027B000FF05E4B2E8D138BDFEF799FFEBE700BFB3
:1027C0000008014010B50446FFF798FF7820FFF796
:1027D000D3FFFFF7C1FF0020FFF7CEFFFFF7BCFFDD
:1027E0002046FFF7C9FFFFF7B7FFBDE81040FFF72E
:1027F0009FBF10B50446FFF781FF7820FFF7BCFFAD
:10280000FFF7AAFF4020FFF7B7FFFFF7A5FF20461D
:10281000FFF7B2FFFFF7A0FFBDE81040FFF788BF4A
:10282000C0B209B1FFF7E5BFFFF7CCBF07B5012183
:102830000420FEF7D9FF314B01A931480193FEF77F
:1028400009FF4FF4C0512E48FEF74FFF4FF4487078
:10285000FFF726FBAE20FFF7B5FF0020FFF7B2FF22
:102860001020FFF7AFFF4020FFF7ACFFB020FFF7CD
:10287000A9FF8120FFF7A6FFFF20FFF7A3FFA120FC
:10288000FFF7A0FFA620FFF79DFFA820FFF79AFF04
:102890003F20FFF797FFC820FFF794FFD320FFF7F3
:1028A00091FF0020FFF78EFFD520FFF78BFF8020E0
:1028B000FFF788FFD820FFF785FF0520FFF782FF8D
:1028C000D920FFF77FFFF120FFF77CFFDA20FFF729
:1028D00079FF1220FFF776FFDB20FFF773FF302030
:1028E000FFF770FF8D20FFF76DFF1420FFF76AFFE1
:1028F000AF20FFF767FF03B05DF804FB001803107B
:10290000000801400E4A936943F4006393610D4B44
:10291000988519859A89032192B242F001029A8121
:102920009A8992B242F040029A811A8892B242F099
:1029300001021A80022319221846FEF763BD00BF68
:1029400000100240002C014010B5012186B0044661
:102950000820FEF749FF01214FF48020FEF750FFC9
:10296000164B694616480093FEF774FE4FF4006359
:10297000ADF800300423694611488DF80330FEF7A6
:1029800069FE104B01A80193FEF774FD00234FF47C
:10299000402202A90C48CDE90332ADF8143002946C
:1029A000FFF7ACF9012240F225510748FFF704FA7E
:1029B00001210548FFF7F4F906B010BD0004031823
:1029C000000C01402700010100480040142208B516
:1029D0000021034807F0CEFD0022024B1A7008BD0B
:1029E00000050020FF04002006490B783BB1064A91
:1029F0001078984202D100200870704713700120AF
:102A0000704700BFFF040020FE04002070B50E4692
:102A10000546144607F080FDC0B2B0424FF00003F7
:102A200006DA237009E0A918314411F8011CA154F9
:102A3000DAB2A95C01330029F5D170BD024B988050
:102A40001A885206FCD570470048004010B504466D
:102A500001448C4200D110BD14F8010BFFF7EEFFCA
:102A6000F7E700007FB5FFF7BFFF002853D17C4C8C
:102A70007C49204607F0FAFF0546002800F09180C7
:102A8000A378794A2D2B794947D1637A2D2B27D109
:102A90006FF00905237BA07A303B6B436425C0F1BE
:102AA000300005FB0033607B30381B1A6FF00905DE
:102AB00048BF0733DB1013806379E078303B6B430A
:102AC0006425C0F1300005FB0033A07930381B1AB3
:102AD00048BF073343F3CF03782B57DD782311E04A
:102AE000A3F12A0015280BD86425303B6B430A2537
:102AF000E07A303805FB0033207B30381B18D5E7EF
:102B0000002313800B80B2F90030782B44DD78234A
:102B10001380FFF75BFF04B070BDA3F12A001528F6
:102B2000EED8207A2D2821D16FF00906E07A657A57
:102B3000303870436426C5F1300506FB0500257B5F
:102B4000303D401B4FF06405A3F1300305FB03F358
:102B50004FF00A0548BF0730C01010802079303888
:102B600005FB0033607930381B18B1E7A0F12A0566
:102B7000152DC5D86426303870430A26A57A303D15
:102B800006FB0500E57A303D4019DBE70B80783322
:102B9000B9DA4FF68873B5E77833BADA4FF6887347
:102BA000B6E72046324907F061FF68B101AA082163
:102BB0002046FFF72BFF294601A806F097FE08F0F4
:102BC00019FE2C4B1860A4E720462B4907F04EFF56
:102BD000054628B10821224801AAFFF717FF98E708
:102BE0002046264907F042FF064660B101AA0821A7
:102BF0002046FFF70BFF294601A806F077FE08F0F4
:102C0000F9FD1F4BDEE720461E4907F02FFF054662
:102C100060B101AA08212046FFF7F8FE314601A85D
:102C200006F064FE08F0E6FD174BCBE72046174997
:102C300007F01CFF60B101AA08212046FFF7E6FE5D
:102C4000294601A806F052FE08F0D4FD104BB9E762
:102C50002046104907F00AFF0028BBD159E700BF02
:102C600000050020ACC20008FA040020FC0400208B
:102C7000AFC2000814000020B7C20008BFC200089D
:102C800010000020C7C200080C000020CFC20008BE
:102C900008000020D7C2000810B540F225510948AD
:102CA000FFF7A7F868B1084C06482378132B84BFB8
:102CB00000232370FFF799F82378044AD054013396
:102CC000237010BD00480040FF04002000050020D4
:102CD00090F90030002B0CDC0DD190F90130002B65
:102CE0000BDC0CD190F90230002B0ADC0BD0062053
:102CF000704700207047042070470120704705206E
:102D00007047022070470720704707B503230090E3
:102D100002226B21D020FFF712FC03B05DF804FB08
:102D200007B50223009004221B21D020FFF707FCE7
:102D300003B05DF804FB07B50223009004221C21B8
:102D4000D020FFF7FCFB03B05DF804FB034606222E
:102D50006B21D020FFF719BC034605226A21D02041
:102D6000FFF713BC034601223721D020FFF70DBC2B
:102D700008B50220FFF7C9FF0320FFF7D1FF0020AD
:102D8000FFF7D9FF0020FFF7E1FF0020FFF7E4FF86
:102D9000BDE808400020FFF7E5BF00000023012246
:102DA00030B5524C89B075218DF8003068206B46E3
:102DB0002270FFF755FB4E4806F006FE9DF80030E6
:102DC000682B09D04B494C4BCA6802F4E0621343AC
:102DD000CB60BFF34F8FFEE702F0B8F8002840F059
:102DE0008180782002F052F810B9414806F0ECFDDD
:102DF000782001F09FFE10B9404806F0E5FDC8209C
:102E000002F004F810B93E4806F0DEFD02F0B6FB11
:102E100010B93C4806F0D8FD3B48FFF759FF024681
:102E20003A48FFF755FF01463948FFF751FF830144
:102E300043EAC100104380B202F0AAFB10B9354842
:102E400006F0C2FD40F2731002F064FE10B9324881
:102E500006F0BAFDC82002F0C7FC10B92F4806F0F2
:102E6000B3FD05A902A802F0F5F9072833D101A89E
:102E700001F020FE019D029808F0C6FD294608F0E9
:102E800017FE08F0DBFF0290039808F0BDFD29460D
:102E900008F00EFE08F0D2FF0390049808F0B4FD8D
:102EA000294608F005FE08F0C9FF049002A802F0C8
:102EB0000FFC0DF1020001F01DFEBDF80220059B84
:102EC00005A853430593069B53430693079B53431F
:102ED000079302F049FC012002F07EF910B9104876
:102EE00006F072FD0023237009B030BDF404002009
:102EF000DFC2000800ED00E00400FA0500C300088E
:102F000025C300084BC30008200000202300002038
:102F1000260000207DC30008A3C30008C8C3000822
:102F2000ECC30008000000002DE9F04F6E4C89B0A2
:102F30000DF10B0301936D4903AB6D48009404AA96
:102F400002F0C0FE2388DB0540F1C580049808F03C
:102F50005BFD4FF0425108F0ABFD664B0646186032
:102F6000059808F051FD4FF0425108F0A1FD624B69
:102F700005461860069808F047FD4FF0425108F0EA
:102F800097FD5E4B04461860079808F03DFD4FF032
:102F9000425108F08DFD5A4B074618604FF04041F2
:102FA000284608F085FD31468046304608F078FC1A
:102FB00041468246384608F07BFD51468146204610
:102FC00008F076FD0146484608F06AFC08F0EAF889
:102FD00006F0CAFD42A3D3E9002308F03BF908F04C
:102FE00009FC484B21461860204608F059FC414630
:102FF0008346284608F05CFD59468046204608F086
:1030000057FD0146404608F049FC4FF07E5108F05C
:1030100047FC08F0C7F8804689463846594608F00C
:1030200047FD51468346284608F042FD0146584672
:1030300008F036FC08F0B6F842464B4606F0C8FCED
:1030400027A3D3E9002308F005F908F0D3FB2E4BA2
:1030500031461860304608F02BFD29468046284648
:1030600008F026FD0146404608F01AFC214680463D
:10307000204608F01DFD0146404608F00FFC394689
:103080008046384608F014FD0146404608F006FC2C
:1030900008F088F8804689462846214608F008FD51
:1030A00039460446304608F003FD0146204608F044
:1030B000F7FB014608F0F4FB08F074F842464B4673
:1030C00006F086FC06A3D3E9002308F0C3F808F055
:1030D00091FB0E4B186009B0BDE8F08FAFF3008094
:1030E0006666666666A64C402C0500202E0500200C
:1030F000340500202C0000201C05002018050020AD
:1031000014050020280500202405002020050020AB
:1031100010B54121D020FFF7D4F942210446D02038
:10312000FFF7CFF900EB042008F06EFC4FF08E4162
:10313000044608F079FE28B120464FF08F4108F090
:10314000ADFB044620460C4908F066FD08F02AF85D
:1031500007A3D3E9002307F0C7FE0022074B08F0BE
:1031600079F808F047FB08F069FE10BDAFF3008066
:10317000A4703D0AD74342400000AA430000244007
:103180002DE9F84317461E46013A013B9BB292B225
:1031900080460C46BDF8209000F07EF9B4420BD377
:1031A000BDE8F883484600F05BF90135ADB2BD4299
:1031B000F8D30134A4B2F1E74546F8E710B5144658
:1031C0000B46024600F068F92046BDE8104000F0CA
:1031D00047B900002DE9F04F87B00193BDF84030AA
:1031E0009DF8446004939DF848301546059316F009
:1031F0000E0318BF012303EB16137343421E029301
:103200004B1E334402EB56029BB292B207460C4669
:103210004FF0000800F040F90C22264B203DEDB2A3
:1032200002FB0533C1463D464FF0060B0093029B5F
:103230001FFA88F2934202D807B0BDE8F08F0C2E37
:10324000FAD14FF0000A009B13F8012B0392009370
:10325000039B43FA0AF2059B02F0010293B97AB18B
:10326000019800F0FDF809F101035FFA83F9B9FB59
:10327000FBF20BFB129212F0FF0214D191460FE009
:103280000498EEE722B121462846019AFFF796FFFF
:103290000135ADB2EA1B062A05D13D460134A4B280
:1032A00008F10108C3E70AF1010ABAF1080FCFD10A
:1032B000F6E700BF20C900082DE9F04F04460E468E
:1032C0001F4685B09DF83C80BDF838909DF840A021
:1032D000551E4FEA580B15F8012F12B905B0BDE87D
:1032E000F08F20463B463146CDE9018ACDF800906B
:1032F0005C44FFF76FFFA4B2EDE72DE9F04F002526
:1033000082462F464FF00A0989B09DF850800792F7
:10331000BDF848205E1E0592BDF84CB04FEA580239
:1033200004910692F4B2FF2C02D109B0BDE8F08FEF
:1033300022460123013AD2B2FF2A1ED1079AB2FBDC
:10334000F3F3B3FBF9F209FB1233DAB2CFB9AE42B1
:1033500017DDABB92022CDE90187059BCDF800B080
:1033600050460499FFF736FF069B013C0AEB030029
:1033700001351FFA80FAE4B2D5E709FB03F3D9E778
:10338000012700233032CDE90183CDF800B0059B41
:10339000D2B2E5E707B501210520FEF725FA0121A4
:1033A0000820FEF721FA01211020FEF71DFA012165
:1033B0000E48FEF79FF90E4B01A90E480193FEF748
:1033C00049F90D4B01A90D480193FEF743F90C4B48
:1033D00001A90C480193FEF73DF94FF4005109484B
:1033E000FEF783F903B05DF804FB00BF0002300074
:1033F000A00003100008014001100310000C014060
:10340000006003100010014038B54FF480410446BD
:103410001148FEF76CF9082501211048FEF767F9FD
:1034200023064FF480510D4812D5FEF75EF90121B5
:103430000A48013DFEF759F9640015F0FF05E4B2B2
:10344000EAD1BDE838404FF480410348FEF74DB95A
:10345000FEF74DF9EBE700BF00100140000C014002
:1034600010B50446000AFFF7CFFFE0B2BDE81040F8
:10347000FFF7CABF10B5044680210648FEF737F9AA
:103480002046FFF7C1FFBDE8104080210148FEF74C
:103490002CB900BF00080140F8B5074616460D4696
:1034A0001C462A20FFF7E6FF3846FFF7D9FF3046D3
:1034B000FFF7D6FF2B20FFF7DDFF05F1180080B2E4
:1034C000FFF7CEFF04F1180080B2FFF7C9FFBDE897
:1034D000F8402C20FFF7CEBF08B5FFF75BFF202197
:1034E0007E48FEF704F96420FEF7DAFC20217B48D1
:1034F000FEF7FBF86420FEF7D3FC4FF40051784848
:10350000FEF7F3F86420FEF7CBFC1120FFF7B2FFC3
:103510007820FEF7C5FCB120FFF7ACFF0520FFF7D0
:1035200073FF3C20FFF770FF3C20FFF76DFFB220D8
:10353000FFF7A0FF0520FFF767FF3C20FFF764FFC0
:103540003C20FFF761FFB320FFF794FF0520FFF752
:103550005BFF3C20FFF758FF3C20FFF755FF05209D
:10356000FFF752FF3C20FFF74FFF3C20FFF74CFFD7
:10357000B420FFF77FFF0320FFF746FF2120FFF76E
:1035800079FFC020FFF776FF0E20FFF73DFF0E20EA
:10359000FFF73AFF0420FFF737FFC120FFF76AFF6C
:1035A000C520FFF731FFC220FFF764FF0D20FFF7B2
:1035B0002BFF0020FFF728FFC320FFF75BFF8D20C4
:1035C000FFF722FF2A20FFF71FFFC420FFF752FF5B
:1035D0008D20FFF719FFEE20FFF716FFC520FFF73C
:1035E00049FF0620FFF710FF3620FFF743FF782042
:1035F000FFF70AFF3A20FFF73DFF5520FFF704FFD2
:10360000E020FFF737FF0B20FFF7FEFE1720FFF744
:10361000FBFE0A20FFF7F8FE0D20FFF7F5FE1A204B
:10362000FFF7F2FE1920FFF7EFFE1620FFF7ECFE82
:103630001D20FFF7E9FE2120FFF7E6FE2620FFF719
:10364000E3FE3720FFF7E0FE3C20FFF7DDFE002021
:10365000FFF7DAFE0920FFF7D7FE0520FFF7D4FEBB
:103660001020FFF7D1FEE120FFF704FF0C20FFF749
:10367000CBFE1920FFF7C8FE0920FFF7C5FE0D207D
:10368000FFF7C2FE1B20FFF7BFFE1920FFF7BCFEAD
:103690001520FFF7B9FE1D20FFF7B6FE2120FFF72A
:1036A000B3FE2620FFF7B0FE3920FFF7ADFE3E2027
:1036B000FFF7AAFE0020FFF7A7FE0920FFF7A4FEF0
:1036C0000520FFF7A1FE1020FFF79EFE7820FEF7F1
:1036D000E7FBBDE808402920FFF7CCBE0008014009
:1036E000001001402D4B70B558430D4608F088F985
:1036F0000446280108F084F90146204608F08CFAB7
:10370000054608F0C1FB84B2204608F07DF9014669
:10371000284608F0C3F84FF0834108F0C9F908F0D3
:10372000B3FB1F4B00EB04119A6989B242F004020B
:103730009A61DA6942F40032DA611A4A106820F4B8
:103740007F401060106840F40B401060D06840F07B
:103750000800D0601A6942F400321A611A6922F432
:1037600000321A61A3F5E633198101219A890846CE
:1037700092B242F4005242F00C029A819A8992B2BB
:1037800042F480729A819A8992B242F020029A8120
:103790000223BDE870402622FDF734BE40420F00F0
:1037A0000010024000080140204B10B51A88940612
:1037B0000ED51F499A88B1F900000B88002892B2F3
:1037C00006DB5804D2B221D50A2A02D000230B808E
:1037D00010BD184843780478303B5A436423303C8A
:1037E00003FB04228378C3F194039B1A13EB430376
:1037F000114A48BF03339B101380C3780F4A303BF4
:103800009B000E2BC8BF0E231380DFE70D2A02D1C9
:1038100043F48043DBE7C3F30D0001339BB2054C57
:103820001E2B22540B80D1D8D2E700BF00440040A9
:103830003A0500203C050020FA040020FC0400208A
:1038400038B50D4B0C4601460C481D6808F026F8AB
:1038500005F100450146284608F02AF9084B0546BF
:10386000196804F1004008F023F90146284608F0E1
:1038700017F808F0E3FA38BD14000020000020C05B
:1038800010000020000000002DE9F041544B0746D5
:103890001B780E46012B534D73D1534B1B68A3F17C
:1038A0009602962A19D80520C3F1960393FBF0F0EF
:1038B00008F0AAF8DFF834810446414608F0B4FA6B
:1038C00010B1C5F800800AE0DFF8248141462046A7
:1038D00008F08CFA0028F4D100E000242C60B8191C
:1038E00008F092F80146286807F0D8FF07F05AFC64
:1038F00037A3D3E9002307F0ADFC3E4E0446306801
:103900000D4607F04FFC34A3D3E9002307F0A2FCD7
:1039100007F070FF07F046FC02460B46204629469A
:1039200007F0E2FA07F066FF3060334E0546316873
:1039300007F0B6FF3149044608F076FA002842D174
:1039400020462F4908F052FA00B12D4C2D4B34601F
:10395000196805F1004008F0ABF82B4B05461968D3
:10396000204608F0A5F80146284607F097FF274BA8
:103970001B78012B04BF0023336008F05FFABDE819
:10398000F081234B1B78012B12D1174B1868C828E4
:10399000A3DCC0F1C80008F037F8DFF878800446EF
:1039A000414608F041FA00288BD1DFF86C808DE7A2
:1039B0001A4BB3F900006FF0020390FBF3F008F02C
:1039C00023F828608BE70D4CC0E700BFAFF3008001
:1039D000EC51B81E85EBC13F85EB51B81E85EB3F1E
:1039E000D104002068050020D40400200000884194
:1039F000000088C1640500206005002000007A44B2
:103A000000007AC40C0000200800002018000020EC
:103A1000D004002000007041000070C1FC040020B0
:103A2000F8B5114B05461F68104BB3F90000404232
:103A300007F0EAFF044608F001FA90B10C4B1E684B
:103A4000394604F1004008F033F829460446304670
:103A500008F02EF80146204607F020FF08F0EEF9A6
:103A6000F8BD0026ECE700BF04000020FA040020A7
:103A70000000002080EAE072A2EBE072642AC8BF76
:103A8000012330B5104C92B2C8BFC4F8903181EA1E
:103A9000E173A3EBE173642BC4BF0125C4F8A45107
:103AA0000028CCBF012400240029CCBF0021012123
:103AB00005489BB2C0F894410448A0F84020044A4D
:103AC000C2F8BC11838630BD008021420004004052
:103AD0000000224208B5FEF78BFD01280FD1084AED
:103AE000002113780846B3FA83F35B091370FFF7DC
:103AF000C1FFBDE808404FF4FA70FEF7D1B908BD28
:103B000018000020000000002DE9F74F0446FFF7E1
:103B1000FFFA9F4B012C9F4FDFF87CA218601CD14D
:103B2000FFF702FA9D4CDAF80030B4F900003B6070
:103B300007F06AFF9A4B1860B4F9040007F064FFBD
:103B4000984B1860984BB3F9040007F05DFF0446EA
:103B5000964B1C6003B0BDE8F08F4321D020FEF7E8
:103B6000B0FC44210446D020FEF7ABFC00EB04205F
:103B700007F04AFF45210646D020FEF7A2FC462169
:103B80000446D020FEF79DFC00EB042007F03CFF2C
:103B900047210546D020FEF794FC48210446D0205A
:103BA000FEF78FFC00EB042007F02EFF3B2183463D
:103BB000D020FEF786FC3C210446D020FEF781FC95
:103BC00000EB042007F020FF3D218046D020FEF7C7
:103BD00078FC3E210446D020FEF773FC00EB042065
:103BE00007F012FF3F218146D020FEF76AFC4021FA
:103BF0000446D020FEF765FC00EB042007F004FF2C
:103C00004FF08E410446304608F00EF928B1304698
:103C10004FF08F4107F042FE06464FF08E41284696
:103C200008F002F928B128464FF08F4107F036FE20
:103C300005464FF08E41584608F0F6F828B1584630
:103C40004FF08F4107F02AFE83464FF08E414046E9
:103C500008F0EAF828B140464FF08F4107F01EFE09
:103C600080464FF08E41484608F0DEF828B14846BD
:103C70004FF08F4107F012FE81464FF08E412046F3
:103C800008F0D2F828B120464FF08F4107F006FE29
:103C90000446434A05F100431360204607F082FAC8
:103CA000CDE90001484607F07DFADDE9002305F083
:103CB0008FFE00223E4B07F0CDFA31A3D3E900235B
:103CC00007F0F2FB07F096FD8146404607F06AFADE
:103CD000DDE9002305F07CFE0022354B07F0BAFA3F
:103CE00027A3D3E9002307F0DFFB07F083FD80461D
:103CF000304607F057FA24A3D3E9002307F0D4FB9A
:103D000007F078FD0646284607F04CFA1EA3D3E9D3
:103D1000002307F0C9FB07F06DFD264B05461B7815
:103D2000022B17D13146484602F090F8224B00F1A1
:103D30000040186005F10041404602F047F900F1EB
:103D40000040CAF80000DAF800303B60154BC3F8B9
:103D500000B0FDE6032BF6D13146484602F014F9D7
:103D600000F10040CAF800002946404602F0CCF9B4
:103D7000114B00F100401860E5E700BFAFF3008091
:103D8000F1D4C853FB21094066666666666630401A
:103D9000E8040020E0040020240500203405002071
:103DA000DC040020D80400202E050020CC040020D4
:103DB0000080664019000020280500200028B8BFB8
:103DC00040427047F8B52C4D14462A880F461E46CF
:103DD000002A48D184EAE47386EAE671A1EBE67131
:103DE000A3EBE4730B44132B244902DD0A8000206B
:103DF000F8BD0B8801339BB20A2B0B80F7D9012346
:103E00000A802B801E4A138801339BB2C82B30D9FD
:103E1000002313802B801B4908F006F80028E6D009
:103E20003846194908F000F8F8B13846174907F044
:103E3000DDFFD0B102232B80154A138801339BB2DA
:103E4000642B89BF0023138013802B80002CB8BF04
:103E50006442002EB8BF76423444962CC7DD00235E
:103E600001202B80C4E7012ACCD02B88022BE3D081
:103E7000BDE71380CFE700BF5E0500205C05002092
:103E80005A0500200050C3460000B4C100008C4118
:103E900058050020F8B51C4B07461B780D46144604
:103EA0000BB90020F8BD194E33884BBB184907F0F9
:103EB000BBFF0028F5D03846164907F097FF0028C9
:103EC000EFD055EA0403ECD101233380124A138862
:103ED00001339BB2322B89BF0023138013803380C0
:103EE000002DB8BF6D42033D422DDAD8002CB8BF7B
:103EF0006442033C422CD4D8002301203380D1E714
:103F0000012BE3D0CDE700BF1800002056050020AC
:103F1000000048C10000F0405405002000000000EF
:103F200010B50C4607F02CF90022234B07F092F94C
:103F30000022224B07F08EF900221F4B07F0B4FA43
:103F400007F058FC07F02EF917A3D3E9002307F078
:103F500081F917A3D3E9002307F07CF907F04AFCA5
:103F6000174B1860204607F00BF90022124B07F0A0
:103F700071F90022114B07F06DF900220E4B07F08A
:103F800093FA07F037FC07F00DF907A3D3E90023F4
:103F900007F060F906A3D3E9002307F05BF907F007
:103FA00029FC084B186010BDF1D4C853FB2109400F
:103FB0009A99999999991940000059400000D03F69
:103FC000B8050020B405002010B5174B1B781BB9AD
:103FD0000022164B1A6010BD012BFCD10028FAD12B
:103FE000124A00291468B8BF4942214411604A1E90
:103FF000622A04D80E4B18700E4B1870EBE7A1F133
:104000006402632A04D80A4A10700A4A1370E2E76D
:10401000A1F1C802632A02D8054A1370ECE7B1F592
:10402000967FD5DAD7E700BF1800002050050020A2
:10403000D1040020D0040020AD4A2DE9F84F138AA6
:10404000DB0740F1DC80138A23F001031B041B0C07
:104050001382A84B1878FFF757FD0220FEF75AF895
:1040600004460420FEF756F80546474214B9A24B11
:10407000C3F8A44115B9A04BC3F890513946204666
:10408000FFF74EFFFDF7A6FF9C4A9D4913680E6897
:1040900001333044642B136008600CD190FBF3F3C0
:1040A000984E336000231360974A0B609042974A02
:1040B00040F3A8801370FFF70DFDDFF854B2954B65
:1040C000DBF800001968FFF7BBFB394606462046BF
:1040D000FFF7DAFB8046904BDFF840A21868FFF745
:1040E0009FFC06EB080341F270761918B1420246B4
:1040F000A8BF31468A489B1A8142ACBFCAF800105B
:10410000CAF80000B342A8BF3346DFF81892DBF8C4
:1041100000808342ACBFC9F80030C9F80000824873
:104120003B46224641460068FFF74CFE7F4E08B1F1
:10413000012333703A4621464046FFF7ABFE08B1F3
:104140000023337040467A4907F050FE58B9404684
:10415000784907F069FE30B93378012B03D0764BEC
:104160001B78012B01D101233370744B1B781BB1D9
:1041700039462046FFF728FF3378002B4CD1D9F879
:104180000010DAF800006E4EFFF774FC3378002B55
:1041900045D103216B48FEF759FC6B49DBF8000061
:1041A00007F07EFB694907F083FC07F047FE68498A
:1041B0000246684805F0C8FA05216648FEF746FC45
:1041C000544B186807F03AFE61490246624805F010
:1041D000BBFA05216048FEF739FC60496048621B64
:1041E00005F0B2FA04215E48FEF730FC3378013363
:1041F000DBB2042B08BF0023337005F059FA00200E
:10420000BDE8F88F13780133DBB20A2B137002BFBD
:104210000122494B1A704EE700210846B3E7022BF2
:10422000E4D1504C2378072B24D8DFE803F00411A5
:104230002B353F494CB903214B48FEF707FC0023BF
:104240004A4A136013714A4B186806F0ABFF4CE002
:1042500003214848FEF7FAFB0023444A1360137118
:10426000002200234449414805F06EFA05213F48E9
:10427000FEF7ECFB23780133DBB2142B88BF00235D
:104280002370B3E703213D48FEF7E0FB0023374AE4
:10429000136013713A4BD7E703213A48FEF7D6FB78
:1042A0000023324A13601371374BCDE7032137489F
:1042B000FEF7CCFB00232D4A13601371344BC3E788
:1042C00003213448C6E703213348FEF7BFFB002330
:1042D000264A136013710B4B186807F095FB06F024
:1042E00061FF00222D4B07F0DFF802460B46B9E7CD
:1042F000002C0140190000200080214270050020A0
:104300006C050020E4040020DF9304007405002005
:10431000E0040020DC040020D8040020F004002089
:1043200090E8FFFFEC040020CC04002018000020DF
:104330000000A0C20000A04275050020C8040020B3
:104340008A05002026C400080000B4420000C842CC
:1043500010C40008840500207F05002015C4000853
:104360007B050020890500201AC40008760500207E
:104370001400002021C400081EC4000825C4000841
:104380001000002029C400080C0000202DC40008E3
:104390000800002031C4000835C4000800408F40E8
:1043A00003210948FEF752FB0023084ADAF800000F
:1043B00013601371D9F80030184407F025FB4FF053
:1043C0007C5107F075FB40E739C4000876050020F2
:1043D0002DE9F043012785B0B34CADF804700646D3
:1043E0000D46D4E900109046897C0222007801AB8A
:1043F000FDF7D8FF814628B14FF0FF38404605B0A1
:10440000BDE8F083C820FDF74BFDD4E900108DF81E
:1044100004903A46C97B007801ABFDF7C3FF002842
:10442000EAD1D4E900103A464979007801ABFDF7AA
:10443000B9FF0028E0D1D4E900103A46897C007821
:1044400001ABFDF7AFFF0028D6D1D4E900103A4602
:10445000C97D007801ABFDF7A5FF0028CCD1D4E9D8
:1044600000103A460979007801ABFDF79BFF002860
:10447000C2D1D4E900100C238DF804303A460979F2
:10448000007801ABFDF78EFF0028B5D10F20FDF7B6
:1044900007FDD4E90010A36A3A465B7A89788DF863
:1044A0000430007801ABFDF77DFF0028A4D1D4E9EA
:1044B0000010A36A3A461B7A49788DF804300078D8
:1044C00001ABFDF76FFF002896D1D4E90010A36A75
:1044D000C8EBC8029B7A897943EA42138DF804300D
:1044E0003A46007801ABFDF75DFF002884D1B8F1B2
:1044F000000F00F0D780A36ADB7A43F0E0038DF869
:104500000430D4E900100122C979007801ABFDF72D
:1045100049FF00287FF470AFB8F1000F02D0C82027
:10452000FDF7BEFCD4E9001040238DF804300122D1
:104530000979007801ABFDF735FF00287FF45CAF07
:10454000D4E9001078238DF80430012249790078ED
:1045500001ABFDF727FF074600287FF44DAF32205F
:10456000FDF79EFCD4E900108DF804700122497912
:10457000007801ABFDF716FF00287FF43DAFD4E9CA
:1045800000100222897A007801ABFDF769FF8046AE
:1045900000287FF431AF0C23BDF8047081467FBA48
:1045A000BFB2B7FBF3F7C6E901003060C5E901000F
:1045B000FFB228605FFA89F3BB4277D33468832265
:1045C000E11709040023200441EA144107F07CFCB0
:1045D0003A46002307F078FC74688322E117090447
:1045E0000023306041EA1441200407F06DFC3A4694
:1045F000002307F069FCB4688322E1170904002353
:10460000706041EA1441200407F05EFC00233A4642
:1046100007F05AFCB0602B68D917090451EA13411E
:104620004FEA034004D540F2FF73C01841F1000186
:10463000C00A002340EA41503A46C91207F044FC40
:104640006B682860D917090451EA13414FEA034007
:1046500004D540F2FF73C01841F10001C00A0023E5
:1046600040EA41503A46C91207F02EFCAB68686038
:10467000D917090451EA13414FEA034004D540F227
:10468000FF73C01841F10001C00A40EA41503A46A8
:104690000023C91207F018FC002839DDA0F580308E
:1046A000A860ABE618232AE730000020D4E9001008
:1046B0000C22C97A007801ABFDF7D2FE09F101099D
:1046C00000287FF499AEBDF804002B68C0BA0344FB
:1046D000BDF806102B606B68C9BA0B44BDF8082002
:1046E0006B60AB68D2BA1344AB60BDF80A003368A4
:1046F000C0BA0344BDF80C1033607368C9BA0B44E8
:10470000BDF80E207360B368D2BA1344B36051E7AA
:1047100000F58030C4E700BF13B50F4C94F8243087
:1047200083B140008DF807000122D4E900100DF19B
:104730000703C97B0078FDF735FE50B99DF80730B7
:10474000637406E0A37A23B10028EBD0637C002BCE
:10475000E8D002B010BD00BF3000002013B5564CA9
:10476000A37A1BB94FF0FF3002B010BD0023D4E98B
:1047700000108DF807300122C97B00780DF1070386
:10478000FDF710FE0028EDD1D4E90010012249798F
:1047900000780DF10703FDF705FE0028E2D1D4E90A
:1047A00000100122097900780DF10703FDF7FAFDE9
:1047B0000028D7D1D4E90030197994F82430002B9F
:1047C00040D00C238DF80730012200780DF107034B
:1047D000FDF7E8FD0028C5D1D4E90010C0238DF80D
:1047E0000730A37A0122DB0744BFE0238DF80730AE
:1047F000097900780DF10703FDF7D4FD0028B1D148
:10480000D4E90010637C0122003B18BF01235B0048
:104810008DF80730C97B00780DF10703FDF7C2FD65
:1048200000289FD10DF107038DF80700D4E900108F
:10483000012249790078FDF7B5FD003818BF012045
:10484000404291E704238DF80730012200780DF1F2
:104850000703FDF7A7FD002884D1A37C4BBBA37AF7
:1048600013F0010F0CBF40236023D4E900108DF832
:1048700007300122097900780DF10703FDF792FD59
:1048800000287FF46FAFD4E90010637C0122003B65
:1048900018BF01238DF80730C97B00780DF107039D
:1048A000FDF780FD00287FF45DAFD4E90010034BD5
:1048B000BEE74023D9E700BF3000002040000020C1
:1048C0000B4B1B7A032B0ED8DFE803F00F02070A0D
:1048D0004FF4FA730380002070474FF47A73F9E7BE
:1048E0004FF4FA63F6E70023F4E7FA23F2E700BF98
:1048F0003000002013B5184CA37A43B1B0F57A7F8D
:104900000ED008D8FA2823D0B0F5FA7F22D04FF085
:10491000FF3002B010BDB0F5FA6FF8D1182300E0F7
:104920001023227A8DF80730B2EBD30F0ED0D4E9E2
:1049300000100122897900780DF10703FDF732FD9F
:104940000028E4D19DF80730DB0823720020E0E75F
:104950000023E6E70823E4E7300000200C4A537AFE
:10496000032B12D8DFE803F00C02080A04230370BB
:10497000D27C3AB9002070470823F8E71023F6E705
:104980000223F4E75B000370F4E74FF0FF30704759
:104990003000002013B5174CA37A33B108280CD08F
:1049A00007D8022821D0042821D04FF0FF3002B0D0
:1049B00010BD1028F9D1182300E01023627A8DF879
:1049C0000730B2EBD30F0ED0D4E900100122C97921
:1049D00000780DF10703FDF7E5FC0028E5D19DF80F
:1049E0000730DB0863720020E1E70023E6E70823D5
:1049F000E4E700BF300000200C4BDB7A013B052BC5
:104A000010D8DFE803F0110307090B0D62230380C0
:104A1000002070472A23FAE71423F8E70A23F6E771
:104A20000523F4E70023F2E7BC23F0E73000002081
:104A300013B5184CA37A1BB94FF0FF3002B010BD6C
:104A4000BB2810D8612810D8292810D8132810D8CE
:104A500009288CBF05230623E27A8DF807309A4295
:104A600009D10020EAE70123F6E70223F4E7032354
:104A7000F2E70423F0E7D4E90010012289780078F6
:104A80000DF10703FDF78EFC0028D5D19DF8073006
:104A9000E372E6E730000020054A034692F824005E
:104AA00010B9D2891A8070474FF0FF30704700BFAD
:104AB000300000200A4B1B7A032B0DD8DFE803F0EF
:104AC0000206080A074B036000207047064BFAE70E
:104AD000064BF8E7064BF6E74FF0FF30704700BF94
:104AE00030000020000003430000834233330342C0
:104AF000333383410E4A537A032B16D8DFE803F091
:104B00000F02090C41F69C730380D27C52B900203D
:104B100070474FF48053F7E74FF40063F4E74FF426
:104B20008043F1E75B080380F1E74FF0FF30704707
:104B300030000020F8B5124E96F824300BB100205A
:104B4000F8BDB47AC4B100F0FE05307D2C40284396
:104B5000377C34740CD00120FFF7DEFD002DEED041
:104B6000FFF7FCFD38B9601B18BF4FF0FF30E7E7D7
:104B7000FFF7D2FDE3E737744FF0FF30E0E700BF07
:104B8000300000202DE9F341214F064697F82430EC
:104B9000884615468BB1BB7A7BB1D7E9001002225B
:104BA000897A007801ABFDF75BFC30B9BDF80440B1
:104BB00064BAA4B2A64205D928704FF0FF3002B003
:104BC000BDE8F08178684388B4EB530F11D9396898
:104BD0000122497C007801ABFDF742FC0028ECD1B2
:104BE0009DF80430DB0604D5FFF7B8FD6FF0010037
:104BF000E5E7D7E900104346C97A0078F2B2FDF73D
:104C00002FFC0028D9D1B4FBF6F4013C2C70D6E778
:104C10003000002037B5394C0546A37C83426AD06A
:104C2000636801221878236819790DF107036DB3C1
:104C3000FDF716FC18B14FF0FF3003B030BD9DF802
:104C40000730D4E9001023F020038DF8073001224B
:104C5000097900780DF10703FDF7A4FB0028EAD1DC
:104C60000320FDF71DF902238DF8073094F8223058
:104C700013B182238DF8073094F823307BB39DF86D
:104C8000073043F030038DF8073028E0FDF7E8FBEC
:104C90000028D0D1D4E90010A27A9DF80730D207BD
:104CA0004CBF43F0200303F0DF038DF807300122EF
:104CB000097900780DF10703FDF774FB0028BAD1DC
:104CC0000320FDF7EDF894F8223094F82320003B00
:104CD00018BF0123DB018DF80730002AD1D1D4E9B8
:104CE00000100122097D00780DF10703FDF75AFB42
:104CF0000028A0D1A57400209FE700BF300000204D
:104D000037B5164C054694F82330834220D000284E
:104D10000CBF00233023A27C8DF807301AB143F07A
:104D200002038DF8073094F822302BB19DF807303C
:104D300063F07F038DF80730D4E900100122097D6C
:104D400000780DF10703FDF72DFB20B984F82350FF
:104D5000002003B030BD4FF0FF30FAE730000020F4
:104D6000282837B5054603D94FF0FF3003B030BDD2
:104D7000254C90B9FFF7C4FFD4E900104FF4E0636D
:104D8000ADF804300222897C007801ABFDF70AFB04
:104D90000028E9D120750020E8E70120FFF7B0FFE7
:104DA0002023012D8DF804301ED1002305208DF81D
:104DB0000530FFF73DFED4E900109DF805300222D2
:104DC0009B0143F007038DF80530897C007801AB27
:104DD000FDF7E8FA0028C7D108220123A272207348
:104DE0002375FFF7A7FED6E7052D01D80123DDE7E0
:104DF000142D95BF022303230A20142094BF8DF89D
:104E000005308DF80530D4E73000002073B51E4D15
:104E10000446AB7A1BB94FF0FF3002B070BD95F875
:104E200024000028F7D12B7D4BB1631E272B04D81B
:104E3000E0B2FFF795FF0020EFE7FFF791FFD5E91C
:104E40000010B4F57A7F28BF4FF47A74042C38BF71
:104E500004244FF47A76B6FBF4F4013C8DF8074055
:104E60000122497800780DF10703FDF79BFA00282D
:104E7000D1D19DF807300133B6FBF3F0E88140084B
:104E8000FFF7D6FDD7E700BF3000002010F0700F0D
:104E90000CBFB0FA80F3012373B504BF5B099B011B
:104EA000294D8DF807300446D5E900100122897C90
:104EB00000780DF10703FDF775FA30B100234FF0CC
:104EC000FF36AB72304602B070BD9DF80730A106C8
:104ED00023F040032B73C4F3801383F001034FEAE4
:104EE00083038DF807305EBFDBB243F002038DF819
:104EF0000730E20658BF9DF80730D5E900105CBFC7
:104F000043F001038DF80730230758BF9DF80730A1
:104F10004FF001025CBF43F038038DF80730C97CC5
:104F200000780DF10703FDF73DFA06460028C5D1CC
:104F300014F0F70F01D0FFF7E3FE00233220AC722C
:104F40002B75FCF7ADFFBDE730000020802337B59F
:104F5000474C8DF80030D4E900106B460122897C63
:104F60000078FDF71FFA0546002861D16420FCF7A0
:104F700097FFD4E900108DF800506B460122897C20
:104F80000078FDF70FFA002852D1D4E900106B46E3
:104F90000622897D0078FDF763FA002848D19DF844
:104FA00005109DF8033089005B0003F0020301F057
:104FB000040119439DF8013003F0010319433CD06B
:104FC000012952D0022930D10023E3744FF6FF7338
:104FD000E3812374FF23A3744FF0FF330122A36006
:104FE000002324494FF4FA60C4F8163022734B6052
:104FF0008B60A38262846362FFF77CFCC0B90220ED
:10500000FFF7C8FCA0B92A20FFF712FD80B93220B3
:10501000FFF7FCFE60B9FFF78DFD48B9FFF7FAFD19
:10502000044628B9FFF732FF04E0134804F0CCFC33
:105030004FF0FF34204603B030BDD4E900106B467A
:105040000122C9780078FDF70BFA0028F0D19DF80D
:10505000003013F00F0303D1084804F0B5FCE7E774
:10506000042BB1D1064804F0AFFC0123ADE700BF2B
:1050700030000020460000203DC4000863C4000842
:10508000B1C40008F7B50D4616461AB94FF0FF3007
:1050900003B0F0BD114CA37A002BF7D0676843BA78
:1050A000ADF80430C0B27B8908449842EEDC216838
:1050B0000222097E387801ABFDF774F90028E5D1AA
:1050C000D4E900103346497D0078EAB2FDF76AF969
:1050D000003818BF01204042DAE700BF300000204E
:1050E000F7B50D4616461AB94FF0FF3003B0F0BDC4
:1050F000114CA37A002BF7D0676843BAADF804309F
:10510000C0B27B8908449842EEDC21680222097E05
:10511000387801ABFDF746F90028E5D1D4E9001055
:105120003346497D0078EAB2FDF79AF9003818BF96
:1051300001204042DAE700BF300000202DE9F04FA7
:10514000244D89B095F8254081468A46164601933C
:1051500024B14FF0FF3009B0BDE8F08F0029F8D03E
:105160004C4512D376BAADF80C60D5E90010022296
:10517000897E007803ABFDF715F90028E9D10123FA
:1051800085F82530019BEB84E5E7A9EB0408B8F12D
:10519000100FA8BF4FF010080AEB040B1FFA88F796
:1051A0005A4639462046FFF76DFF0028D1D13946CF
:1051B000204604AAFFF794FF0028CAD13A46584671
:1051C00004A905F009FD10B92744BCB2C8E76FF087
:1051D0000100C0E73000002037B51D4C054694F8AB
:1051E000243083421ED000B394F825306BB30020E6
:1051F000FFF792FA0020FFF70DFDE08CFFF706FEA7
:10520000002360688DF807300122232100780DF11A
:105210000703FDF7C7F8012084F82400FFF77CFAA4
:10522000FFF79CFA002003B030BDFFF775FA237C2E
:1052300060688DF807300122232100780DF1070303
:10524000FDF7B0F884F82450EAE74FF0FF30EAE7C2
:10525000300000202DE9F04FB34D95B095F8243083
:1052600080468946009323B10020FFF7B5FF012354
:1052700000930DF11E00FFF723FB0DF11D00FFF75A
:105280006DFB0DF12200FFF7B7FB08A8FFF704FC48
:10529000AB7A002201932B7C494640460393FFF7EB
:1052A00097F800287FD101220EA90BA8FFF790F8EC
:1052B000002840F0A980686804220D2100780AAB1C
:1052C000FDF7CEF80446002800F0A6800024A3468F
:1052D0000EAE11AF56F8043B59F82B00C01A002847
:1052E000B8BF404206F090FB4FF05E5106F0E0FB85
:1052F00057F8043B824600211846029306F06CFDE5
:10530000002840F0CB80029B5046194606F084FCF2
:105310004FF07E5106F0C2FA844920F0004006F0BA
:1053200083FD18B1012303FA0BF31C430BF1010BAE
:10533000BBF1030FCED16868E3B202935A460D2148
:10534000007811ABFDF78CF80446002840F0E980A6
:1053500006464FF0010BBDF844309DF8462023F47B
:10536000604302F01F0223F0E003ADF844308DF8F3
:1053700046200DF12C0A11AF5AF8043B58F82600CC
:10538000C01A0028B8BF404206F03EFB4FF05E5105
:1053900006F08EFB17F8013B8146002B00F0B4802D
:1053A000634864498AE0002249464046FFF710F806
:1053B00000283FF478AF00244FF6FF730126EB81FD
:1053C0002B744FF0FF33BDF81E00AB602E73FFF758
:1053D00091FA9DF81D00FFF7DDFABDF82200FFF7F6
:1053E00027FBBDF82000FFF711FD0198FFF74EFDE8
:1053F0000398FFF79FFB009B13B13046FFF7ECFECD
:10540000204615B0BDE8F08F01220EA90BA8FEF7CB
:10541000DFFF0028CFD14EE79DF828309DF82B20E4
:10542000DB10C2F3011103F01C030B438DF8243091
:105430009DF82930C2F38101DB1003F01C030B43FC
:105440008DF825309DF82A3002F00302DB1003F0BE
:105450001C0313438DF826300023DFF8DCB03749F6
:105460000DF1240A11AF1AF8016BAEB93B6001349B
:10547000E4B2032C07F10407F5D127E70493029166
:1054800006F016FB0299049B013E16F0FF063860F9
:10549000F4D10AF8016CEAE75846F5E75046284986
:1054A00006F0A4FC00287FF43DAF5046254936E7BE
:1054B000CDE9041306F0FCFADDE90413013B13F017
:1054C000FF03F5D1014607F8013C484606F0A4FB6E
:1054D0004FF07E5106F0E2F9144920F0004006F04A
:1054E000A3FC10B10123B3401C430136032E7FF40B
:1054F00043AFE4B2B4FA84F46409029B002B7FF456
:105500005BAF44F0020457E70F4906F06FFC28B97F
:1055100048460E4906F088FC0028E6D00BFA06F350
:10552000E2E70024E9E700BF30000020295C0F3EDD
:105530000000C84154E3853F7B14AE3E1D5A843FB2
:105540009A99993E3333733F000020410000D242C4
:10555000704700001FB5084A01AB10685168127A05
:1055600003C309211A704FF4976001AAFFF78AFD5F
:1055700005B05DF804FB00BFD0C40008C8234FF499
:10558000806240F6F6300149FFF7D8BDE4CD00084F
:1055900010B54A4B86B01A889B78ADF808208DF874
:1055A0000A30474B00F003011A889B78ADF80C20B5
:1055B0008DF80E30434B04461A889B78ADF81020C6
:1055C0008DF81230404B1A889B78ADF814208DF876
:1055D000163001F118030DEB030111F8103CC0F374
:1055E000C1028DF8003002F118030DEB030212F82E
:1055F000103C11F80C1C8DF80130C0F381131833E6
:105600006B4413F8100C12F80C2C13F80C3C8DF8AA
:1056100002008DF804108DF8052003216A4640F23F
:1056200026408DF80630FFF72DFD18B14FF0FF3002
:1056300006B010BD032140F22A4001AAFFF722FD67
:105640000028F3D1049B6107ADF800304FEA134303
:105650008DF80230059B4FF00301ADF804304FEA9E
:1056600013438DF8063041BF37238DF800302723D0
:105670008DF80430A20641BF57238DF8013047232F
:105680008DF80530E30542BF77238DF8023067239C
:105690006A464FF4886048BF8DF80630FFF7F2FC89
:1056A0000028C3D1032140F2314001AAFFF7EAFCF0
:1056B0000028BBD1054B1C81BAE700BFDAC4000843
:1056C000DEC40008E2C40008E6C400088C0500201F
:1056D000234B37B51A8902F00303C2F3C10150F816
:1056E0002330540750F8215048BF5B42910648BF11
:1056F0006D42C2F38111D2051A4A50F8211085FB80
:10570000025048BF4942AD0F45EA800581FB0210B7
:1057100083FB02329B0F8C0F43EA820344EA80042E
:105720001BBA04214FF4747001AA0193FFF7AAFC7D
:1057300018B14FF0FF3003B030BD2DBA04214FF443
:10574000757001AA0195FFF79DFC0028F1D124BADC
:10575000042101AA4FF476700194FFF793FCEAE765
:105760008C05002009E3CA027FB506460DF1020050
:10577000FFF7C0F91B4BBDF802401D89E40305F09B
:10578000030356F82310C5F3C1036A0756F8232014
:1057900048BF4942AB0648BF5242E80581FB0410AE
:1057A000C5F381134FEA917156F8233041EA800125
:1057B00009BA48BF5B42019182FB042183FB043498
:1057C000920F42EA81029B0F12BA43EA84030292CB
:1057D0001BBA0C2101AA4FF425700393FFF752FC6A
:1057E00004B070BD8C05002010B50446144A86B084
:1057F0001068516803AB03C39068C82C186003D9C4
:105800004FF0FF3006B010BD00238DF80430C823E0
:10581000B3FBF4F30221013B40F2162001AA8DF8FC
:105820000530FFF72FFC0028EAD10C2140F6C120FB
:1058300003AAFFF727FC0028E2D1024B9C81E1E795
:10584000EAC400088C05002073B5044608466107C9
:1058500015D0B0F5C86F12D806F0D2F8434906F05B
:10586000DBF906460DF10300FFF778F89DF80330E9
:10587000082B5FD007D8022B11D0042B50D04FF04B
:10588000FF3002B070BD102BF9D14FF08A41304685
:1058900006F00EF906F0F8FA354985B208E04FF047
:1058A0008D41304606F004F906F0EEFA314985B232
:1058B000304606F0FDF806F0E7FA80B26DBA40BA5D
:1058C000E207ADF80450ADF806003DD4A30710D5AB
:1058D00002214FF4EC7001AAFFF7D4FB0028CED1CF
:1058E00002214FF494700DF10602FFF7CBFB002864
:1058F000C5D114F00400C4D002214FF4EE7001AA07
:10590000FFF7C0FB0028BAD102214FF496700DF1C9
:105910000602FFF7B7FB003818BF01204042B0E78E
:105920004FF08C41304606F0C3F806F0ADFA12494C
:1059300085B2BDE74FF08B41304606F0B9F806F06E
:10594000A3FA0E4985B2B3E702214FF4EA7001AA27
:10595000FFF798FB002892D102214FF492700DF1CD
:105960000602FFF78FFB0028B0D088E7000048430D
:105970000000C044000040460000C0450000404513
:1059800010F0010318BF302307B582078DF80730E8
:1059900042BFDBB243F00C038DF80730430748BF2A
:1059A0009DF807304FF0010148BF43F003030DF1AC
:1059B00007024FF4A47048BF8DF80730FFF762FB71
:1059C00003B05DF804FB042807B528BF04200128B4
:1059D00038BF012001388DF8070001210DF10702C1
:1059E00040F24F10FFF74EFB03B05DF804FB0523B8
:1059F00007B5B0FBF3F040BAADF80400022101AAEC
:105A00004FF4EF70FFF73EFB03B05DF804FB052396
:105A100007B5B0FBF3F040BAADF80400022101AACB
:105A20004FF4ED70FFF72EFB03B05DF804FB4FF46D
:105A30007A7307B590FBF3F0484300BA0190042154
:105A400001AA4FF4AE70FFF71DFB03B05DF804FB35
:105A5000052307B5B0FBF3F040BAADF8040002210E
:105A600001AA4FF4AD70FFF70DFB03B05DF804FB26
:105A7000052307B5B0FBF3F040BAADF804000221EE
:105A800001AA4FF4AC70FFF7FDFA03B05DF804FB18
:105A90001FB520B105B05DF804EBFFF75BBD084A08
:105AA00001AB10685168127A03C309211A704FF4D0
:105AB000976001AAFFF7E6FA05B05DF804FB00BFA6
:105AC000F7C4000807B560B1074B042101AA40F6EE
:105AD00098200193FFF7D6FAFEF740FE03B05DF879
:105AE00004FB4FF08B33F0E7C0C2C4C607B560B10A
:105AF000074B042101AA40F69E200193FFF7C2FA4A
:105B0000FEF72CFE03B05DF804FB4FF0A333F0E783
:105B1000202830382DE9FF41674B042101AA0446B3
:105B200068200193FFF7AEFAA32314F0400803BFE7
:105B300019461A461846C8211CBFC222C02014F4B8
:105B4000C0768DF804300CBFA323C4238DF8061053
:105B50008DF8072004BF19461A468DF808304FF01B
:105B6000A3031CBFCC21C6228DF80B304AF2A3330D
:105B70008DF805008DF809108DF80A200A2101AA78
:105B800040F6A720ADF80C30FFF77CFA14F00307BD
:105B90000CBFD8232023012140F6B62001AA8DF89E
:105BA0000430FFF76FFA14F0200075D0FFF7D2FC35
:105BB000C6B1E2055DBFB0208021B422B22045BF4E
:105BC0008B21B62290239B238DF804008DF80510BD
:105BD0008DF80620042140F6A22001AA8DF8073096
:105BE000FFF750FAE3075AD5F82301AA01214FF431
:105BF0000B608DF80430FFF745FAFA210720FFF714
:105C000023FE0720FFF7BCFE0120FFF7DCFE642027
:105C1000FFF7EDFE4FF4FA70FFF7F9FEC8212748B1
:105C2000FFF705FF2820FFF713FF0A20FFF720FFEB
:105C300014F0020F0CBFD823D923012101AA40F28E
:105C40003D708DF80430FFF71DFA14F0040018BF02
:105C50000120FFF737FF14F0100018BF0120184D86
:105C6000FFF744FF44F008036B81FEF777FDB8F1BE
:105C7000000F0CBF00230623DEB9AB7314F0140F22
:105C80001EBFAB7B1033AB7317B1AB7B0433AB736D
:105C9000002004B0BDE8F081FFF7FAFE88E7D823C2
:105CA000012101AA4FF40B608DF80430FFF7EAF9E7
:105CB000BEE70633E1E700BF02CAE30909E3CA020F
:105CC0008C0500202DE9F04F9A46002389B0129DE3
:105CD000DFF874B18046894617466946139A9BF8E7
:105CE0000E002B80FEF74EFF064648BBBBF80A00AD
:105CF000694610F0140F00F0A580019B009A93FAFA
:105D000083FCC7F804C04FEA2C4C0CFB0CFC12BA05
:105D10003A60121402FB02C2029B039C1BBABB60D6
:105D20001B1403FB032324BAFC60241404FB043477
:105D300004F17144B4F1007F08D9FEF70FFD2E8005
:105D40004FF0FF36304609B0BDE8F08F10222B88A7
:105D500043F480732B80440634D502F120036B4456
:105D600013F8204C531CDBB220336B4413F8203C57
:105D700043EA0423A9F80030931CDBB220336B44C0
:105D800013F8204CD31CDBB220336B4413F8203CB7
:105D900043EA0423A9F80230131DDBB220336B441D
:105DA00013F8204C531DDBB220336B4413F8203C16
:105DB000063243EA0423A9F804302B88D2B243F018
:105DC00008032B8010F4C07F20D002F120036B4425
:105DD00013F8207C13F81F4C063244EA0724A8F875
:105DE000004013F81E7C13F81D4CD2B244EA07247D
:105DF000A8F8024013F81C4C13F81B3C43EA042398
:105E0000A8F804302B8843F070032B80800715D04E
:105E10008C186378E578DA0708D5DBF800302BB109
:105E200005F007010131C5F3C200984763781B07ED
:105E300004D5DBF804300BB1A80998475046FFF7AA
:105E400087FB7FE7324686E78C0500202DE9F04F7F
:105E5000474B85B01A6806460192464A0846D2F872
:105E600000A0019905F01AFD514605F021FE424AB5
:105E7000424C116805F014FDD4F80480A76841462F
:105E800002903F4805F00AFD394605F007FD5146EE
:105E900005F00EFE216805F003FDD4F80CB00546B0
:105EA00051460BF1004005F003FE81460146404695
:105EB00005F0F6FC49468046384605F0F1FC0299AB
:105EC0000390304605F0EAFC4FF07C5181462846AD
:105ED00005F0E6FC06460146284605F09DFE3146E3
:105EE0000746039805F098FE39460646284605F011
:105EF000DFFD0146284605F0D1FC394620604046CA
:105F000005F0D6FD0146404605F0C8FC314660600C
:105F1000284605F0CDFD0146039805F0BFFC194960
:105F2000A060504605F0C4FD594605F0B9FC314665
:105F30000546404605F0BCFD0146284605F0AEFC8E
:105F40003946E060484605F0B3FD029905F0A8FC2B
:105F5000094A044610603146484605F0A9FD0199FA
:105F600005F09EFC024B1860204605B0BDE8F08F9E
:105F7000B00500207C000020AC0500206C00002053
:105F80006F12833AA69B443B0C4B70B50C4E0546F2
:105F90000846196805F08CFD316805F081FC094957
:105FA00005F086FD08490446284605F081FD0146B6
:105FB000204605F075FC306070BD00BF7C000020FD
:105FC000A805002048E17A3F0AD7A33C2DE9F04F0D
:105FD000474B85B01A6806460192464A0846D2F8F1
:105FE00000A0019905F05AFC514605F061FD424AB6
:105FF000424C116805F054FCD4F80480A76841466F
:1060000002903F4805F04AFC394605F047FC5146EE
:1060100005F04EFD216805F043FCD4F80CB00546B0
:1060200051460BF1004005F043FD814601464046D4
:1060300005F036FC49468046384605F031FC0299A9
:106040000390304605F02AFC4FF07C5181462846EB
:1060500005F026FC06460146284605F0DDFD3146E2
:106060000746039805F0D8FD39460646284605F050
:106070001FFD0146284605F011FC394620604046C8
:1060800005F016FD0146404605F008FC314660600B
:10609000284605F00DFD0146039805F0FFFB194960
:1060A000A060504605F004FD594605F0F9FB314665
:1060B0000546404605F0FCFC0146284605F0EEFB8F
:1060C0003946E060484605F0F3FC029905F0E8FB2C
:1060D000094A044610603146484605F0E9FC01993A
:1060E00005F0DEFB024B1860204605B0BDE8F08FDE
:1060F000A40500207C000020A00500205C000020FA
:106100006F12833AA69B443B0C4B70B50C4E054670
:106110000846196805F0CCFC316805F0C1FB094957
:1061200005F0C6FC08490446284605F0C1FC0146B6
:10613000204605F0B5FB306070BD00BF7C0000203C
:106140009C05002048E17A3F0AD7A33C2DE9FF4196
:10615000CC4B00211B78012B40F090824FF6FF734F
:106160000C22CDE900324FF47843C74A0291084629
:10617000FDF7A2F8C54B1B78012B40F09A820C2347
:106180000021CDE901314FF6FF7300934FF47843BE
:10619000BF4AC04C3720FDF78FF82378002B40F022
:1061A0009A820C230021CDE901314FF6FF7378204C
:1061B0000093B94A4FF47843FDF77EF80C2400258C
:1061C0004FF6FF76B54F214628464FF47843CDE988
:1061D0000145B34A0096FDF76FF80021386805F0D5
:1061E00005FE48B14FF4FC6321462820CDE9014566
:1061F000AC4A0096FDF760F80021386805F00AFE09
:1062000060B100230C21CDE901134FF6FF73282064
:106210000093A54A4FF4FC63FDF74EF8386805F08B
:106220000DFE0C24FDF7CAFD4FF6FF754FF4FC661A
:106230004FF0000882B2032321462E20CDE90154FD
:106240000096FDF75AF83346984A21464220CDE998
:1062500001480095FDF730F89549386805F028FCAD
:1062600005F0ECFDFDF7AAFD0A2390FBF3F202FB1B
:106270001302214601234A2092B2CDE901548D4FE9
:106280000096FDF73AF821465A204FF47843CDE9BD
:106290000148894A0095FDF70FF80021386805F09C
:1062A000A5FD40B1334621467320CDE901487D4A22
:1062B0000095FDF701F80021386805F0ABFD60B1ED
:1062C00000230C21CDE901134FF6FF7373200093D7
:1062D000754A4FF4FC63FCF7EFFF386805F0AEFD3C
:1062E0000C24FDF76BFD4FF6FF754FF4FC6700269D
:1062F00082B2042321467D20CDE901540097FCF7AA
:10630000FCFF4FF47843182130466C4ACDE9014632
:106310000095FCF7D1FF0A22694B1A201988032344
:10632000B1FBF2F2CDE9015418210097FCF7E5FF2B
:106330004FF4784318213420624ACDE90146009594
:10634000FCF7BAFF4FF4784318214B205E4ACDE9A1
:1063500001460095FCF7B0FF4FF4784318218720E1
:106360005A4ACDE901460095FCF7A6FFCDE9015454
:10637000574A00970423182166201288DFF85481B9
:10638000FCF7BBFF4FF4784324213046CDE90146AA
:10639000514A0095FCF790FFD8F80030B342C0F2A4
:1063A000AC810C2500234FF6FF7424213E4A2520A2
:1063B000CDE9015300944FF4FC63FCF77DFFD8F85E
:1063C0000000FDF7FBFC4FF4FC6382B20093242134
:1063D00004232F20CDE90145FCF78FFF3F4C00211E
:1063E000206805F003FD70B10C234FF0000CCDE9DF
:1063F000013C4FF6FF732421009350204FF4FC63BF
:10640000284AFCF759FF0021206805F003FD68B118
:106410000C230027CDE901374FF6FF7324210093A9
:1064200050204FF4FC63204AFCF746FF206805F03B
:1064300005FDFDF7C3FC4FF6FF740C254FF4FC6817
:10644000002782B2032324215720CDE90145CDF84E
:106450000080FCF752FF224E4FF4784324216F2036
:10646000204ACDE901570094FCF726FF4FF478430A
:1064700030213846CDE901571B4A0094FCF71CFF38
:10648000336833E01900002001C50008D104002062
:1064900010C500081800002044C50008E0040020D2
:1064A0005DC500082EC5000830C500088BC2000875
:1064B00000002041DC04002064C5000869C5000814
:1064C000D40400206EC5000871C5000876C5000818
:1064D000E4040020F004002079C50008B80500207D
:1064E000EC0400203DC5000880C50008BB42C0F296
:1064F00020810C2500234FF6FF743021AA4A252065
:10650000CDE9015300944FF4FC63FCF7D5FE3068ED
:10651000FDF754FC4FF4FC6382B200933021042356
:106520002F20CDE90145FCF7E8FEA04C00212068B2
:1065300005F05CFC68B10C230026CDE901364FF66E
:10654000FF733021009350204FF4FC63984AFCF70E
:10655000B3FE0021206805F05DFC68B10C23002526
:10656000CDE901354FF6FF733021009350204FF4F1
:10657000FC638D4AFCF7A0FE206805F05FFCFDF788
:106580001DFC4FF6FF740C254FF4FC63002682B20D
:10659000302157200093CDE901450323FCF7ADFEE0
:1065A000844F4FF4784330216F20834ACDE9015660
:1065B0000094FCF781FE4FF478433C213046CDE94E
:1065C00001567E4A0094FCF777FEB7F90030B342DB
:1065D000C0F2CA800C230020CDE901304FF6FF73D2
:1065E0003C21009319204FF478436F4AFCF764FE76
:1065F000B7F90000FDF7E2FB4FF6FF750C264FF4EC
:10660000FC63002782B23C2123200093CDE9015690
:1066100003236B4CFCF771FE4FF478433C21502070
:10662000CDE90167674A0095FCF746FEB4F90030F2
:10663000BB42C0F2A9800C230021CDE901314FF605
:10664000FF733C21009369204FF47843564AFCF7CE
:1066500033FEB4F90000FDF7B1FB4FF6FF730C22D7
:10666000CDE901324FF4FC6382B200933C21032355
:106670007320FCF742FE04B0BDE8F081022B0AD182
:106680004FF6FF734FF00C084F4ACDE900380291E6
:106690004FF478436BE5032B7FF46CAD4FF6FF733B
:1066A0004FF00C0E494ACDE9003E02914FF4784379
:1066B0005DE5474B00211B78012B4FF00C03CDE922
:1066C00001314FF6FF7308BF424A009318BF424A98
:1066D0004FF478435DE50C230021CDE901314FF6FD
:1066E000FF73782000933D4A4FF47843FCF7E4FDB4
:1066F0002378002B7FF462AD53E53B4624212C4ADE
:106700002520CDE901460095FCF7D6FDD8F800001C
:10671000FDF754FB042382B224212F20CDE901543C
:106720000097FCF7EAFDD8F80030002BFFF656AED4
:1067300037E6434630211E4A2520CDE90157009413
:10674000FCF7BAFD3068FDF739FB042382B2302133
:106750002F20CDE90145CDF80080FCF7CEFD336850
:10676000002BFFF6E2AEC4E64FF478433C2119203B
:10677000CDE901560E4A0094FCF79EFDB7F90030B2
:10678000002BFFF635AF25E74FF478433C21692015
:10679000CDE90167064A0095FCF78EFDB4F900309B
:1067A000002BFFF656AF46E730C50008B4050020C1
:1067B0002EC50008FC0400203DC500084CC500089B
:1067C000FA04002051C5000805C500080CC50008E2
:1067D000D004002017C5000856C5000848C50008A9
:1067E00070B50646B02500212846FCF719F80021AF
:1067F0000846FCF715F800211020FCF711F880245A
:1068000001213046013CFCF70BF814F0FF04F7D1EE
:106810000135B82DE7D170BD02F084BA02F0C4BAD8
:1068200002F0ECBA00F0D0BD4A088A2102F046BD61
:10683000152906D8044BCB40DB0702D50174002094
:1068400070476FF0070070470B00300010B50A4624
:106850000C46092102F066FD18B9237803F0010304
:10686000237010BD01F097BE01F074BD01F079BE38
:106870000023F7B50C46174601210DF10702064625
:106880008DF8073002F04EFD0546D8B9012F9DF86E
:10689000073026D1042C3AD8DFE804F003171A1D7C
:1068A000200043F010049C420CD0224601213046C7
:1068B00002F004FD054628B93046716986F830417A
:1068C000FFF7D0FF284603B0F0BD43F02804EAE705
:1068D00043F00404E7E743F04004E4E743F08004B6
:1068E000E1E7042C13D8DFE804F00306090C0F00DD
:1068F00003F0EF04D7E703F0D704D4E703F0FB0479
:10690000D1E703F0BF04CEE703F07F04CBE76FF0DD
:106910000305D7E7002313B50C460DF1070201214B
:106920008DF8073002F0FEFC78B99DF80730C3F30C
:1069300000122270C3F3C002A270C3F3800262701F
:10694000C3F38012DB09E270237102B010BD37B5CA
:106950000D460DF10202F821044602F0EEFC70B97A
:106960000421204601AA02F0F3FC40B9BDF8022040
:106970001AB1019BB3FBF2F32B602B68A36103B048
:1069800030BD037F00200B70704738B50446007F90
:106990000D4608B925620DE0B4F852312046B3F532
:1069A0007A7F0CBFC1F3CF020022202102F091FCBC
:1069B0000028EFD038BD37B50D460DF10602202175
:1069C000044602F0BAFC28B9BDF8063023B9236AA0
:1069D0002B60207703B030BDDB002B6023620123E6
:1069E0002377F7E701F079B80529F8B504460E4694
:1069F000154635D862B100EB81035A6B01210023A3
:106A0000701E042807D8DFE800F00E171A1D2400B6
:106A100011460123F4E784F828103444E5B984F8DA
:106A20002850002007E044212046C2F34F2202F004
:106A300050FC0028F1D0F8BD84F82A10EDE784F866
:106A40002B10EAE7FE225B006021204602F04CFC9E
:106A5000EFE7EF221B01F7E7012384F82830E0E796
:106A60006FF00300E7E705298DBF0023401890F879
:106A700028306FF0030098BF00201370704770B586
:106A8000431893F8283004460E46154623B900EB08
:106A900081067263002013E005291AD8DFE801F0AF
:106AA000030811131515426304EB86046563F1E7CF
:106AB0004421C2F34F22204602F00BFC0028F3D001
:106AC00070BDC263F0E70264EEE76421C2F34F22B7
:106AD000F1E76FF00300F3E737B5044615460529E3
:106AE0002AD8DFE801F0030614161818436B2B6050
:106AF0001FE044210DF1060202F01FFCD0B9BDF8E1
:106B0000062053028AB12B60A36301230FE0C36BFD
:106B1000EDE7036CEBE764210DF1060202F00DFCDA
:106B200040B9BDF806305B02E1E7A26B2A6084F849
:106B30002930002003B030BD6FF00300FAE737B50D
:106B40000D460DF107020121044602F0EBFB38B9B6
:106B50009DF8073084F83031DB092B7084F84C3015
:106B600003B030BD2DE9F843037C0C4601F8083B27
:106B70000546FFF7ECFE70BB207304F110012846B8
:106B8000FFF719FF38BB284604F1140100F038FC68
:106B900008BB064604F1240705F1270904F117088C
:106BA0003A462846B1B2FFF797FFA0B919F8013F5E
:106BB0000136062E08F8013F07F10407F0D12846F8
:106BC00004F13C01FFF7BBFF28B92846211DBDE8B1
:106BD000F84301F048BDBDE8F8830000F0B5FE229F
:106BE0000123892193B0054602F07EFB024618B9C5
:106BF0008821284602F062FB4FF47A72A5F85221F0
:106C00004FF4C8720023A5F854214C4A2846C5F811
:106C100058214B4A85F8F030C5F8D4202B6202A9E0
:106C2000FFF7A0FF044670B9ADF8080005F11007A2
:106C300002AE0FCE0FC70FCE0FC70FCE0FC796E80D
:106C40000F0087E80F003F4B0126C5F834314FF4A1
:106C5000FA73A5F838314FF420633246A5F83C3179
:106C60008021284685F8506102F028FB324607460D
:106C7000FF21284602F022FB002207431146284646
:106C800002F01CFB3C4364B2912104430DF1070266
:106C9000284602F047FB9DF8073064B285F83A3188
:106CA000324600210443284602F008FB64B2002269
:106CB000FF210443284602F001FB64B20443002292
:106CC0008021284602F0FAFA64B22043002440B240
:106CD00088BBA1B2012228460134FFF785FE062CAD
:106CE000F6D140BB04460246688504212846FFF7DA
:106CF0007BFE00BB024605212846FFF775FED0B992
:106D00004FF490134FF48042012128466B63FFF744
:106D1000B6FE80B94FF40C13FF22C5E90F300121F4
:106D2000284685F8302102F0C9FA012385F832316E
:106D300008B985F8154113B0F0BD00BF856B01009F
:106D4000A470090064008403012300F086BD2DE9CE
:106D5000F0428EB00C460C23142104AA054602F022
:106D60009CFA8446002861D1BDF81620BDF8183081
:106D7000A075BDF8121052BA5BBA20606060BDF811
:106D80001A60B5F8520192B29BB249BA5B02520244
:106D90002361A18276BAE260B0F57A7F8BB295F872
:106DA00031719DF81010B6B20AD070434FF47A7664
:106DB00000F5FA70B0FBF6F02E7F002E3AD186B2C5
:106DC000002F41D0B001C0B2B608E0750DF10F0040
:106DD0002681CDE90040284601F09CFE844628BB70
:106DE0009DF80FE005F1500684F818E007AF0FCECC
:106DF0000FC796E80700E37D87E80700D4E90301A1
:106E0000A28AD4F808906468CDE90A01CDE908495E
:106E1000503507ACADF830208DF833308DF834E0C4
:106E20000FCC0FC597E8070086E8070060460EB054
:106E3000BDE8F0822E8C5E43B2EB262F4FEA262C63
:106E400004D157B948F6E0260020BEE780B250438F
:106E5000A2EB0C06B0FBF6F0B1E742F2B826B1E7C0
:106E6000F7B517460E210DF106021D46064602F043
:106E700064FA0A4CBDF8063004EA43433B6050B95B
:106E80000C2130460DF1060202F057FABDF806302B
:106E900004EA43442C6003B0F0BD00BF0000FE1FB5
:106EA00073B590F8DA300646013B022B0C4634D815
:106EB00001AB6A460121FFF7D3FF009B0546B3F5FE
:106EC0007F0F03D8019BB3F57F0F23D915BB34B1D6
:106ED0003046134902B0BDE8704001F029BC0422DD
:106EE000FF21304602F0EAF92A4604467021304676
:106EF00002F0E4F92A46FF210443304602F0DEF9AD
:106F000064B22A4604438021304602F0D7F964B2C5
:106F1000044365B2284602B070BD0025FAE700BF01
:106F20008000002037B5044601228021057C02F054
:106F3000C5F90122FF21204602F0C0F900222046B7
:106F4000114602F0BBF9912194F83A21204602F053
:106F5000B5F901220021204602F0B0F90022FF21FC
:106F6000204602F0ABF900228021204602F0A6F96B
:106F7000012D23D0032D31D0BDBB0122294620464F
:106F800002F09CF901238DF80730A8B905469DF859
:106F900007300135DB070AD548B9B5F5FA6F27D0B8
:106FA00001460DF10702204602F0BCF9EFE7B5F506
:106FB000FA6F08BF6FF0060003B030BD18B929465C
:106FC0002046FFF76DFF02220021204602F076F9ED
:106FD0000028F1D1042384F83231EDE718B90121FA
:106FE0002046FFF75DFF0422EEE76FF00700E3E7BE
:106FF0006FF00600E0E738B5057C044625B1204671
:1070000000F07DFD28B138BDFFF78CFF0028F6D0D9
:10701000F9E7002DF7D1032384F83231F3E773B594
:107020000646002501220B21304602F047F90022D6
:1070300004460B21304602F041F9132104430DF1BF
:107040000702304602F06EF99DF8073064B204433F
:1070500001355B0760B2EDB205D0032D08D00028E2
:10706000E0D002B070BD032D08BF6FF00B00F8E751
:107070006FF00B00F5E738B50023037404460D46A6
:10708000FFF7B9FF50B929462046FFF760FE28B93F
:1070900001462046BDE83840FFF7C1BF38BD15297D
:1070A00070B5054616461C4667D10122FF2102F045
:1070B00005F9002204461146284602F0FFF8002296
:1070C000FF210443284602F0F9F864B2012280212E
:1070D0000443284602F0F2F864B2022285210443F8
:1070E000284602F0EBF864B20422FF21044328464C
:1070F00002F0E4F864B20022CD210443284602F0F5
:10710000DDF864B21122CC210443284602F0D6F8FF
:1071100064B20722FF210443284602F0CFF864B28C
:107120000022BE210443284602F0C8F864B20622B9
:10713000FF210443284602F0C1F864B20922CC21A1
:107140000443284602F0BAF864B20022FF21044347
:10715000284602F0B3F864B20122FF210443284616
:1071600002F0ACF8002264B204431146284602F053
:10717000A5F864B2204340B270BD042A17D80A2192
:1071800002F09CF80028F7D1231E18BF0123EF223C
:10719000842128461B0102F0A7F80028ECD185F8CD
:1071A000DA6001462846BDE87040FFF738BF6FF04F
:1071B0000A00E1E770B594B005464022002104A81A
:1071C00003F0D8F9002301212846ADF806308DF8E8
:1071D00003308DF80430029300F0E3FC95F814219D
:1071E000012A06D895F8131140F0AD80202940F20D
:1071F000AC80284601AA02A900F04AFB04460028F8
:1072000040F09E8095F85031002B40F0A280D5F8D8
:107210004C11284601F08CFA0446002840F090807A
:107220000346014604222846FFF739FF044600289A
:1072300040F086800122FF21284602F03FF8842199
:1072400006460DF10602284602F077F8224606436C
:10725000FF21284602F032F876B2064374B2002CC1
:107260006ED1BDF8063028461B01C5F8D43004A9FC
:10727000FFF778FC0446002862D128460DF103018F
:10728000FFF7E4FA044600285AD19DF8033005F1CF
:10729000100604AC85F831310FCC0FC60FCC0FC6E9
:1072A0000FCC0FC694E80F0086E80F000121284696
:1072B0000DF1030202F036F80446002840D19DF893
:1072C00003300246014685F830312846FFF7D0FAF0
:1072D0000446A8BB024602212846FFF7C9FA044625
:1072E00070BB0323014685F8323128460DF10502B3
:1072F00001F037F9044618BB9DF8053001212846F6
:1073000085F8E8300DF1050201F02BF90446B8B913
:107310009DF805300321284685F8E03003AA00F0E7
:1073200015FF044660B9039B04212846C5F8E430E4
:1073300003AA00F00BFF044610B9039BC5F8DC302C
:10734000204614B070BD0C2951E7284600F02CF9F6
:1073500054E701495DE700BF3602002013B50C4633
:107360000DF10702132101F0DDFF9DF8073013F046
:10737000180F18BF6FF0050003F00702226002B07B
:1073800010BD13B590F8DA300C46042B0BD101A9CF
:10739000FFF7E4FF019B042B01D1012300E0002350
:1073A000237002B010BD142101AA01F0BBFF002818
:1073B000F7D19DF80430DB07EFD42070F1E700F03F
:1073C000F3B800F065BA00000B4B99420ADC11F5E6
:1073D000FA2F0FDB002906DAFA2391FBF3F101F50E
:1073E000805103E01946FA23B1FBF3F18AB2282158
:1073F00001F06FBF0149EFE718CC07000030F8FF3C
:1074000013B50C460DF10602282101F096FF60B974
:10741000BDF80620C2F30B0312F4006F4FF0FA021E
:1074200018BFA3F580535343236002B010BDF0B5DD
:107430004FEAD20C4FF0FF34664600271C6002F082
:1074400007028E4200D207B1F0BD66450CBF15465B
:107450003D46845D04BF1441E4B214F0010704D03A
:1074600005EBC6051D600136EBE70135082D4FEA37
:107470005404F2D1F7E70000034B800953F82000D1
:10748000003818BF012070472C030020B1EBD20F49
:1074900002F0070310B54FEAD20483BF01229A40DD
:1074A000035D6FF0310082BF13430355002010BD10
:1074B0000A460623B02101F0DFBE0A460623B021AA
:1074C00001F0EBBE2DE9F04F0546894692461C4679
:1074D0004FF0000885B0109E129F0196119B9845B1
:1074E00015D1214628463E60FFF7E2FFE8B928465D
:1074F00002A9FFF7E2FF0E9A02ABA218944214D041
:1075000014F8015B13F8011B8D42F7D00BE03246F3
:1075100050460E9901ABFFF78AFFDDF804B0BBF1CE
:10752000FF3F05D13E606FF0310005B0BDE8F08F40
:107530000F9B0BEB0300FFF79FFF4845F2D15A4624
:107540002046FFF7A3FF0BF1010608F10108C5E78C
:1075500070B5C0220E4688B00121044690F8305123
:1075600001F0ACFEF0B9204601A9FFF784FDC8B9CF
:107570000122FF21204601F0A1FE98B93246B62132
:10758000204601F0DAFE68B90246FF21204601F0EC
:1075900095FE38B92A460121204601F08FFE08B930
:1075A00084F8305108B070BDF0B50F461646FF2183
:1075B000012289B0044601F081FE0246A8B94F219C
:1075C000204601F07BFE80B92C224E21204601F09E
:1075D00075FE024648B9FF21204601F06FFE20B932
:1075E000B422B621204601F069FE0025C4F82451DA
:1075F000A4F82851DEB9354607ABB422CDE90373B0
:1076000006233146CDE900322046029504F59273F7
:1076100004F59572FFF756FF30B9012384F8137112
:1076200084F8153184F8146109B0F0BD013505F115
:10763000B400FFF721FF0028DED12C2DF6D1DBE7C7
:1076400010B541F001020021044601F037FE78B97F
:10765000204600F054FA58B901462046FFF7DFFCF7
:1076600030B9024601462046BDE8104001F026BE72
:1076700010BD2DE9F74F4FF0000B88461746FF214C
:10768000012205461E469DF838A09DF83C908DF8D5
:1076900007B001F013FE5A4604465946284601F049
:1076A0000DFE5A460443FF21284601F007FE64B24E
:1076B000044364B2B8F1000F32D0BAF1000F06D023
:1076C000CB2128460C9A01F02DFE204344B2B9F19B
:1076D000000F07D0EE2128460DF1070201F022FE2F
:1076E000204344B20122FF21284601F0E7FD012298
:1076F00000210443284601F0E1FD64B20022FF218D
:107700000443284601F0DAFD64B29DF807300D9A73
:10771000204323F0100340B2137003B0BDE8F08F94
:10772000BAF1000F06D03A46CB21284601F0C6FD3B
:10773000204344B2B9F1000FD4D033468022EE2169
:10774000284601F0D1FDCBE72DE9F0471546002290
:1077500086B006460F4699468DF817201BB390F861
:10776000308101223046114601F0A8FD04468246D0
:10777000F0B940213046FFF763FF0446A8B9012D58
:1077800019D10DF117030246CDE90250CDE900737E
:10779000294603463046FFF76CFF68B10446204691
:1077A00006B0BDE8F0879846DBE787F800A0F6E76B
:1077B00000233B70F3E73870B9F1000FEFD0424679
:1077C0000121304601F07AFD04460028E7D186F811
:1077D0003081E4E72DE9F04707460D461646994605
:1077E00086B01BB390F8308102220121384601F0A7
:1077F00065FD04468246F0B901463846FFF720FF92
:107800000446A8B9012E19D10DF117030246CDE99E
:10781000020600933146034601953846FFF729FFDB
:1078200068B10446204606B0BDE8F0879846DBE71D
:1078300085F800A0F6E700232B70F3E72870B9F174
:10784000000FEFD042460121384601F037FD0446D3
:107850000028E7D187F83081E4E7F8B51D461646E1
:1078600000232A46044690F83071FFF76DFF70B987
:1078700003462A4631462046FFF7ACFF38B93A4660
:107880000121204601F01AFD08B984F83071F8BDD5
:1078900000232DE9F04F93B0CDE90A12C0F824314E
:1078A0000122FF21A0F828310546CDE90E33B0F8BA
:1078B0003C718DF834308DF8353001F0FFFC044612
:1078C000002840F0E78002464F21284601F0F6FCF0
:1078D0000446002840F0DE802C224E21284601F08C
:1078E000EDFC0446002840F0D5800246FF212846E2
:1078F00001F0E4FC0446002840F0CC80B422B6211C
:10790000284601F0DBFC0446002840F0C380024614
:107910008021284601F0D2FC0446002840F0BA80BD
:1079200003460DF1350228460DA9FFF796FF0446E0
:10793000002840F0AF8005F5957308930323B42128
:10794000CDE90203062305F592790DF13808CDE95A
:107950000031CDF8108001464B46284605F595725A
:10796000FFF7B0FD0446002840F0948028460DF152
:1079700036010E9EFFF7ECFD0446002840F08A8099
:10798000BDF83630BB424CD9C5F82401A5F8280112
:1079900006F1B400FFF770FD08B92B2E3FD906237E
:1079A000B4224FF0030ACDE9003201214B462846AC
:1079B000CDE9026A089ACDF81080FFF783FD60BB1D
:1079C00028460DF136010E9EFFF7C2FD28BBBDF81B
:1079D0003630BB427AD84FF0010B9F4279D9DB1B7E
:1079E00083EAE372A2EBE3720323069305F5927335
:1079F0005FFA8BF809920793079B324618689B88B9
:107A00001090ADF8443006210FAB0898FFF70FFD3A
:107A10000F9E731C08D16FF0310004463AE0013626
:107A2000B6E74FF0000BD8E706F1B400FFF724FDEE
:107A3000584537D1069B3246484603F1010AFFF705
:107A400025FD0028E7D1494628460136FFF730FDDD
:107A50000028E2D128460DF13601FFF779FD002814
:107A6000DBD1BDF83610CA1B002AB8BF5242B9425A
:107A700014D9099B934217D210A92846FFF718FD85
:107A80000346BDF8442010980799C5F824018A8060
:107A900043B11C46204613B0BDE8F08FCDF818A0C6
:107AA0000992A9E7DDF818A00A9BC3F800A00B9B78
:107AB00083F80080012385F815310A9B1B6885F83F
:107AC00013310B9B1B7885F81431E3E74FF0010865
:107AD000EAE74FF00008C246E6E710B5012486B099
:107AE00013460DF1170201920DF116020092CDE935
:107AF00002440A460021FFF7BCFD06B010BD00237A
:107B000037B504464FF4FA658DF8073020460DF17D
:107B10000701FFF736FC58B99DF80730012B07D055
:107B2000013D03D0204601F01EFCEFE76FF0060098
:107B300003B030BD02464FF08043934202D800208C
:107B400013B970479B08F8E7C11891424FEA5000FB
:107B50009CBFC018521A9B08F2E773B5002283211C
:107B6000054601F0ABFB044690B906468321284642
:107B70000DF1070201F0D6FB9DF8073004460343E0
:107B8000DBB22BB90136B6F5FA6FEFD16FF0060410
:107B900001228321284601F091FB204340B202B02C
:107BA00070BD2DE9F04F002690F8F07091B0072FCE
:107BB00005468846CDE9076600F0838201228021D0
:107BC00001F07CFB01220446FF21284601F076FBF0
:107BD000324631460443284601F070FB64B2062267
:107BE000FF210443284601F069FB64B2832104436A
:107BF0000DF11502284601F095FB9DF8152064B2A1
:107C00008321044342F00402284601F057FB64B28A
:107C10000722FF210443284601F050FB64B20122F1
:107C200081210443284601F049FB64B204432846FD
:107C300001F099FB64B2044301228021284601F03F
:107C40003DFB64B2044318F0010B64B200F03D82C6
:107C5000FA0700F13D826B229421284601F02EFBA9
:107C600006462846FFF779FF9021064306AA2846D4
:107C700001F06EFB344364B224229421044328466D
:107C8000069E01F01BFB64B204432846FFF765FF24
:107C900064B29021044306AA284601F059FB069BD2
:107CA00064B21BBA2522942104432846099301F0AB
:107CB00005FB64B204432846FFF74FFF64B2044358
:107CC00006AA9021284601F043FB069B64B21A0ED7
:107CD00004431B0CC6F3062A64B2C6F3C0368DF803
:107CE00028208DF8293018F00203029300F0DB8081
:107CF00017F0020940F0D78002229421284601F0B3
:107D0000DDFA01902846FFF728FF019B90210343ED
:107D10000DF1160228461C4301F004FB64B27B22DD
:107D200094210443284601F0C9FA64B2044328466A
:107D3000FFF713FF64B2902104430DF117022846A8
:107D400001F0F0FA64B2772294210443284601F04E
:107D5000B5FA64B204432846FFF7FFFE64B29021EF
:107D6000044306AA284601F0F3FA069B64B25A0EB1
:107D70008DF82C20C3F386428DF82D20C3F3C62244
:107D80008DF82E20C3F30612DB0003F07803942154
:107D900004438DF82F20284678228DF8153001F005
:107DA0008DFA64B204432846FFF7D7FE64B29021EF
:107DB000044306AA284601F0CBFA069B9DF815203D
:107DC00064B202EB53728DF83020C3F386528DF803
:107DD0003120C3F3C6328DF83220C3F306228DF86A
:107DE0003320C3F346029B0103F040039421044374
:107DF0008DF83420284679228DF8153001F05EFA8E
:107E000064B204432846FFF7A8FE64B290210443FD
:107E100006AA284601F09CFA069B9DF8152064B23C
:107E200002EB93628DF83520C3F3C6428DF83620FD
:107E3000C3F306328DF83720C3F346129B0003F0DC
:107E40007C03942104438DF8382028467A228DF84B
:107E5000153001F033FA64B204432846FFF77DFE83
:107E600064B2044306AA9021284601F071FA069BE9
:107E70009DF8152064B202EB93728DF83920C3F39C
:107E8000C6528DF83A20C3F3064204438DF83B20D6
:107E9000C3F34622C3F3860364B28DF83C208DF809
:107EA0003D308DF83E9018F00403019300F01281EC
:107EB0007B0700F10F817B229421284601F0FEF917
:107EC00081462846FFF749FE902149EA000907AAA2
:107ED000284601F03DFA44EA09094FFA89F97C2263
:107EE000942149EA0004284601F0E8F964B2044309
:107EF0002846FFF732FE64B29021044308AA2846C0
:107F000001F026FA64B2732294210443284601F05A
:107F1000D5F964B204432846FFF71FFE64B29021EE
:107F2000044306AA284601F013FA069B64B21B021A
:107F300074229421044328461FFA83F901F0BEF904
:107F400064B204432846FFF708FE64B2902104435C
:107F500006AA284601F0FCF964B29DF81B30752290
:107F600094210443284643EA090901F0A7F964B2C1
:107F700004432846FFF7F1FD64B29021044306AAAA
:107F8000284601F0E5F9069B64B21B029BB27622FB
:107F9000942104432846039301F090F964B204430A
:107FA0002846FFF7DAFD64B2044306AA902128466A
:107FB00001F0CEF964B29DF81B20039B044364B228
:107FC0001343002281212846039301F077F906220A
:107FD000FF210443284601F071F964B28321044370
:107FE0000DF11502284601F09DF99DF8152064B2A7
:107FF0008321044302F0FB02284601F05FF964B2DA
:108000000122FF210443284601F058F964B20122FD
:1080100000210443284601F051F964B20022FF21F7
:108020000443284601F04AF964B204430022802147
:10803000284601F043F964B2204340B2002841D100
:10804000039BBBF1000F0CD0F8070AD40998BDF8C8
:10805000282085F813A185F81461C5F82A01A5F830
:108060002E21029A82B1B9070ED49DF816200BA9D1
:1080700085F8F1209DF8172005F1F30085F8F2202E
:10808000029302F0DDFD029B019AB2B17A0714D48B
:10809000079AC5F81821089AC5F81C214FEA492209
:1080A000C5F820213BB14FF47A72A3F5C85353436E
:1080B0001B095B429BB21BB2EB6047EA080785F8DD
:1080C000F070002011B0BDE8F08F5E46DA460AE697
:1080D000B24608E64FF000094B4672E740B1002374
:1080E0000138FF2803F1010203D800EB032080B21E
:1080F000704713464008F4E7C3B2000A03FA00F0E1
:10810000013070474FF4FA60074B5A434FF47A73CB
:1081100002F5FA72B2FBF0F0B2FBF3F203FB0100DE
:10812000B0FBF2F0704700BF002F3A004FF47A70B6
:10813000054B5A4302F5FA72B2FBF0F24A4302F5DC
:10814000FA72B2FBF0F07047002F3A002DE9FF41C0
:1081500000250229074616468DF80350ADF8045055
:108160001CD829460DF10202FEF780FB044630B907
:10817000462138460DF1030201F0D4F804469DF87B
:108180000300FFF7B9FF81B29DF802203846FFF7E0
:10819000CDFF3060204604B0BDE8F081032918D13E
:1081A00029460DF10202FEF761FB0446002846D184
:1081B00001460DF102023846FEF758FB044628B985
:1081C0005121384601AA01F0B8F80446BDF8040070
:1081D000D7E7042935D102A9FEF79CFB9DF80B30A7
:1081E0004BB3294638460DF10202FEF73FFB044629
:1081F00018BB5121384601AA01F09FF80446BDF88A
:108200000400FFF779FF85B2BCB9012138460DF1B2
:108210000202FEF72BFB044678B9712138460DF1B6
:10822000060201F08AF80446BDF80600FFF764FF75
:1082300080B2401BA7E71D46E7E70020F9E7284684
:10824000A7E728462C46A4E7F0B5022905461646BE
:1082500085B01ED800210DF10502FEF707FB04468C
:10826000A0B99DF8052031462846FFF74BFF83B2A1
:10827000B3F5807F8EBFFF2200F1FF32D2B24621DC
:108280002846A5F8D82001F019F80446204605B084
:10829000F0BD03291FD100210DF10502FEF7E6FA1A
:1082A0009DF80520044631462846FFF72BFF80B293
:1082B000FFF714FF0246ADF80600A5F8D800002C21
:1082C000E4D15121284601F004F804460028DDD10C
:1082D000C5F8E460DAE7042939D102A9FEF71AFBF0
:1082E0009DF80B70B7B1002128460DF10502FEF78D
:1082F000BDFA04460028C9D1512128460DF10602D5
:1083000001F01BF804460028C0D1BDF80600FFF7B5
:10831000F3FE87B2012128460DF10502FEF7A6FA09
:1083200004460028B2D19DF8052031462846FFF7C3
:10833000E9FE3844FFF7D2FE71210246284600F0DC
:10834000C8FF04460028A1D1C5F8DC609EE76FF0A5
:1083500003049BE70023F0B585B08DF80330D30705
:1083600005460F46164605D441B9A2F10C03DAB210
:10837000062A12D96FF0030005B0F0BD012920D103
:10838000A2F10803DAB2062AF4D8062B19D8DFE8DE
:1083900003F03718651886189900062B11D8DFE806
:1083A00003F0041029102B102D0018225721284605
:1083B00000F084FF08225621284600F07FFF0028A5
:1083C000DAD17408013CE4B2002F00F08E80012F56
:1083D000D0D10421284601AAFFF7B8FE38B92246B9
:1083E0007021284600F06AFF002800F0B28085F86E
:1083F000E060C1E73022D9E74022D7E75022D5E735
:108400001022482100F05AFF08224721284600F098
:1084100055FF022204463221284600F04FFF0C226D
:1084200030210443284600F049FF64B2012204438E
:10843000FF21284600F042FF302264B2044364B2B8
:108440003021284600F03AFF00220443FF2128464D
:1084500000F034FF64B2204340B2B0E72822482144
:1084600000F02CFF08224721284600F027FF0322B6
:1084700004463221284600F021FF0922044364B259
:108480003021284600F01AFF01220443FF2128462C
:1084900000F014FF64B20443202264B2D0E7382213
:1084A000482100F00BFF08224721284600F006FF74
:1084B000032204463221284600F000FF044308222C
:1084C00064B2DDE74822114600F0F8FE0822472199
:1084D000284600F0F3FE032204463221284600F02D
:1084E000EDFE0443072264B2CAE70321284602AA2C
:1084F000FFF72CFE88B90221284603AAFFF726FEC3
:1085000058B922465021284600F0D8FE28B9032148
:108510002846029AFFF798FE10B185F8E8602BE72D
:1085200002212846039AFFF78FFE85F8E8600028AD
:108530007FF422AF28466969FEF794F900287FF49A
:108540001BAF0246012328460DF10301FFF742F954
:1085500012E704212846019AFFF776FE85F8E060CD
:10856000E5E713B5144629B1012910D06FF00300D7
:1085700002B010BD50210DF1070200F0D3FE00281B
:10858000F6D19DF8073001335B002370F0E77021CE
:108590000DF10702F1E700234FF4FA62F0B585B060
:1085A000CDE9002344F61F63994206460F4604D8DE
:1085B0006FF00305284605B0F0BD02A9FEF7AAF941
:1085C00005460028F6D19DF809209DF80830A7F649
:1085D000363413439DF80A2013431BD06A46022108
:1085E0003046FFF7B3FD00283BD19DF808302BB192
:1085F000009B03F24E239C42DAD9E41A9DF80A301C
:1086000023B3009B03F2B223B4EB430F4FEA4302C0
:10861000CED9A41A9DF80B305BB10321304601AAD4
:10862000FFF794FD019B03F525739C42C0D9C0B9A7
:10863000E41A9DF80C30002BBCD004213046A4F283
:108640002622FFF701FE77610546B3E79DF8093062
:10865000002BDFD0009B03F525739C42A8D9E41AB8
:10866000D8E70546A6E74FF4FA62002370B586B056
:10867000CDE9022340F636330C460B6004A90646CA
:10868000FEF748F90546002836D19DF811209DF8DF
:10869000103013439DF81220134319D002213046A5
:1086A00002AAFFF753FD002840D19DF810302BB1EE
:1086B000029B03F24E222368134423609DF812307C
:1086C000EBB1029B03F2B222236803EB4203236067
:1086D0009DF81330EBB99DF814305BB101AA042169
:1086E0003046FFF733FD019B03F226222368134433
:1086F0002360D8B923687361284606B070BD9DF821
:108700001130002BE4D0029B03F52572236813443B
:10871000DDE703AA03213046FFF718FD039B03F5AD
:1087200025722368134423600028D4D00546E3E76C
:108730002DE9F743002406460D46204615F804802F
:10874000B8F1000F00D010B103B0BDE8F083671C92
:10875000B8F1FF0F15F8079029D1A71CEB5DB9F10F
:10876000030F36D8DFE809F0020B131B271D2C443A
:10877000E27802EB0323A6F834313C46DEE7271DFE
:108780002C44E27802EB0323A6F83631F5E7271DE7
:108790002C44E27802EB0323A6F83831EDE7271DDD
:1087A0002C44E27802EB0323A6F83C31E5E7B8F16C
:1087B000040F0ED802344246291901A802F0B0FA7B
:1087C00043464946304601AA04EB080700F054FD31
:1087D000D3E76FF00300D0E7002373B50E461360B4
:1087E0000DF1070105461446FEF7CBF840B99DF898
:1087F00007302BB1B38A2A6A534380331B0A2360A4
:1088000002B070BD13B5CB681446136001AAFFF720
:10881000E3FF18B92368019A1344236002B010BD26
:10882000F8B5B0F85451D0F858010E46DDE90717F5
:1088300068438030000A1446454352B1B60206EB45
:108840005202B2FBF4F202EB4202524302F5004242
:10885000140C0620069A534301F50042120C033211
:10886000B2FBF0F2C2EBC202B2F5803F3CBF033173
:10887000B1FBF0F103F500433CBFC1EBC10101F5D1
:1088800000414FEA134338BF090C03FB03F334BF25
:108890004943184903EB57030B44B3FBF7F3FE229C
:1088A0009B037F33B3FBF2F34FF47A775C4304F519
:1088B000FA74B4FBF7F405F12000240104F5FA740E
:1088C0008009FFF737F9BC4221BF4FF4FA63B4FBCC
:1088D000F3F3B4FBF7F45B1906462CBFB3FBF4F0DB
:1088E0000020FFF727F9099B864294BF1E6018609D
:1088F0000020F8BD0000F0FF2DE9F04F05460F46BF
:1089000093B0CDE908230B6911AA0A93CB680D93A4
:10891000FFF778FF3946284610AAFFF75DFF834628
:1089200050BB4FF47A76119CD5F8DC3006FB04F18D
:1089300001F5004105911099803495F8E0A00B9164
:1089400024F0FF0106930C91D5F8E43011910599BC
:10895000BAF1080F07930CBF02230323090C95F803
:10896000E820DFF89C810E910AD1089BC3F80080B3
:10897000099BC5F840811860584613B0BDE8F08FD8
:10898000079928460F93FFF7BDFB5246814606998B
:108990002846FFF7B7FB0F9B814403FB09F94FEA19
:1089A000C92909F5FA7940F27763B9FBF6F903FBB7
:1089B00009F909F5FA79B9FBF6F9240A09FB04F477
:1089C00004F180030A9C4F4974430E9A0C40B4FB97
:1089D000F2F44D4A1B0A944228BF1446012B38BFBB
:1089E00001230C204FF4167258435443FFF7A2F8AA
:1089F0003B7E4FEA400A002B7FD14249059B3A89D2
:108A00000B4003F5FA71414B5A4341F25C23B2FB30
:108A1000F3F20B9B7343B3F5481F28BF4FF4481381
:108A2000A1EB4303B3FBF6F3B1FBF6F11B02B3FB7F
:108A3000F1F63602C6F58036564306F50046760C4A
:108A400006F500467643B60B4FF44873734303F5BF
:108A500000431B0C5B4304F50040000C00FB00309E
:108A6000FFF768F8642203043233B3FBF2F341F2F8
:108A70008837B3FBFAF340F6B53202FB0377244B99
:108A80004FF47A7A9F429CBF42F21073B7FBF3F720
:108A9000DDE9063213444FF4FA6203F5FA73B3FBCF
:108AA000F2F2B3FBFAF002F5C812B2FBF0F088BFA5
:108AB0004FF47047FFF73EF8000200F5FA70B0FB84
:108AC000FAF0404307FB0700FFF734F8DDE90C122A
:108AD0000AFB00F0404528BF4046089B1860099BF0
:108AE000C5F84001CDE902934FF44873284600933E
:108AF00001943346FFF794FE3EE74FF48036A3E738
:108B0000AE878F020000FFFF666666009A99060036
:108B10000F279F242DE9F04F9B4600238BB0C1F314
:108B2000C30990464FF2A10A19460DF10E02044600
:108B3000159F8DF80E308DF80F308DF810308DF8B0
:108B40001130ADF812300993FDF78DFF9DF80E50EE
:108B50002AFA09FA06460AF0010ADDB100230028C4
:108B600040F09C802046149909AB05AAFFF7C4FE8B
:108B7000002840F09580149A099B014653812046B5
:108B800006AAFDF7A9FF069D25B1059B9D422CBFB6
:108B90000025012520B90221204604AAFDF763FF24
:108BA0009DF8106026B300287CD10221204607AA38
:108BB000FDF792FF88B90122FF21204600F07EFBDD
:108BC00058B9B62120460DF1120200F0B6FB20B9CB
:108BD0000246FF21204600F071FBBDF81230079ECF
:108BE0005B02C4F848311EB19E422CBF002601260C
:108BF00028B9032120460DF11102FDF734FF9DF83D
:108C0000113093B100286ED1BBF1000F03D04FEAB1
:108C10000828B8FBFBFB0321204608AAFDF75CFFF0
:108C2000089B5B4594BF0023012320B9BAF1000FD4
:108C30003AD0FF223A703A780AB914994A81012150
:108C400020460DF10F020193FDF70DFF18BB9DF8B3
:108C50000E20019B002A08BF45F00105B9F1040F61
:108C600017BF9DF80F200122B2FA82F2520984F850
:108C70002F209DF8102084F82E50002A08BF46F0BF
:108C800001069DF8112084F83060002A08BF43F0E7
:108C9000010384F831300BB0BDE8F08F1D467FE74B
:108CA00035467DE70026AAE709F1FF32092A0AD8EE
:108CB000DFE802F0050505090907090B070B052286
:108CC000B8E70422B6E7012E01D10322B2E7B9F1D9
:108CD000040F01D0012B01D10222ABE7012D16BFF9
:108CE00000233D703B700023A5E70000F8B50F4658
:108CF000022106461446FEF754FF054640B996F891
:108D0000F13004F140002BB905493D7001F098FFA6
:108D10002846F8BD96F8F23006F1F3013B70F5E70E
:108D20007CC3000837B50C460A460DF1070105461D
:108D3000FFF7DCFF00BB9DF80730FBB91549204663
:108D400001F07EFF144904F1200001F079FFC021F9
:108D5000284604F1600200F0E5FA68B9C22128460D
:108D60000DF1060200F0DEFA012384F861309DF86F
:108D700006301B0984F8623003B030BD222B03D8C3
:108D8000202B03D00549DAE7262B01D80449D6E782
:108D90000449D4E787C50008C0C5000893C500088A
:108DA0009FC50008ABC5000808B503460846052B5B
:108DB00013D8DFE803F003080A0C0E10084901F08D
:108DC0003FFF002008BD0749F9E70749F7E70749D2
:108DD000F5E70749F3E70749F1E70749EFE700BF80
:108DE0001BC700082AC7000839C7000848C7000881
:108DF00057C7000866C7000875C7000808B50346CE
:108E000013F1630F084646D03233DAB2322A44D81F
:108E1000322B42D8DFE803F03D414141414141411D
:108E200041413B4141414141414141413941414140
:108E30004141414141413741414141414141293550
:108E400033312F2D2B272523211F1A00144901F020
:108E5000F7FE002008BD1349F9E71349F7E7134966
:108E6000F5E71349F3E71349F1E71349EFE713492E
:108E7000EDE71349EBE71349E9E71349E7E713493E
:108E8000E5E71349E3E71349E1E71349DFE713494E
:108E9000DDE71349DBE71349D9E71349D7E700BFFB
:108EA00084C700088DC70008A7C70008B9C7000815
:108EB000C9C70008E2C70008F6C700080CC80008C8
:108EC00018C8000827C8000840C8000851C8000892
:108ED00063C800087CC8000894C80008AAC8000835
:108EE000C1C80008DBC8000808C7000807B5012191
:108EF0000820F8F779FC094B01A909480193F8F714
:108F0000A9FB4FF400510648F8F7EFFB4FF48041FE
:108F10000348F8F7EAFB03B05DF804FB00600310B8
:108F2000000C014038B50D4B00255A680C4C22F05E
:108F300070625A605A68042042F040725A600123FD
:108F4000C4F8B831C4F8B431F8F790FF0420C4F87D
:108F5000B851F8F78BFFC4F8B45138BD000C01408C
:108F6000008021420E4B10B55A680E4C22F0706200
:108F70005A605A68042042F040725A600023C4F8D4
:108F8000B431C4F8B831F8F771FF01230420C4F8F4
:108F9000B431C4F8B831BDE81040F8F767BF00BF7E
:108FA000000C01400080214238B50125114B124CC4
:108FB0005A68284622F070625A605A6842F000628D
:108FC0005A60C4F8B851F8F751FF2846C4F8B451B4
:108FD000F8F74CFFFB23D4F8380110B9C4F8B401FA
:108FE00006E0013B13F0FF03F5D1FFF7BBFF0120C3
:108FF00038BD00BF000C01400080214238B500257B
:109000000C4C0D4BC4F8B4515A68022022F0706227
:109010005A605A6842F040725A60C4F8B851F8F782
:1090200025FF01230220C4F8B431F8F71FFFC4F86C
:10903000B45138BD00802142000C014070B50025BC
:1090400001260C4C0C4BC4F8B4515A68022022F093
:1090500070625A605A6842F040725A60C4F8B8614F
:10906000F8F704FF0220C4F8B461F8F7FFFEC4F873
:10907000B45170BD00802142000C0140F8B50027BA
:1090800004460825134B144E5A6822F070625A6049
:109090005A6842F040725A60C6F8B47123064ABF5B
:1090A0000123C6F8B871C6F8B8310220F8F7DEFE21
:1090B00001230220C6F8B431F8F7D8FE013D0220A2
:1090C000C6F8B471F8F7D2FE640015F0FF05E4B2FB
:1090D000E4D1F8BD000C0140008021422DE9F041AF
:1090E000002406460825A046144B154F5A6822F066
:1090F00070625A605A6842F000625A600420C7F8F1
:10910000B481F8F7B3FE0123C7F8B4319C40D7F817
:109110003831E4B20BB10134E4B20420013DF8F778
:10912000A5FE15F0FF05E9D126B9FFF787FF204618
:10913000BDE8F081FFF762FFF9E700BF000C0140D6
:1091400000802142F8B506460F4615461C46FFF73B
:10915000E9FE3046FFF792FFFFF726FF064618B1FB
:10916000FFF700FF3046F8BD3846FFF787FFFFF7EF
:109170001BFF2544AC42F3D014F8010BFFF77EFF30
:10918000FFF712FFF6E72DE9F0410746884614463F
:109190001E46FFF7C7FE3846FFF770FFFFF704FFD4
:1091A000054620B1FFF7DEFE2846BDE8F0814046C7
:1091B000FFF764FFFFF7F8FEFFF7B4FE47F001008A
:1091C000FFF75CFFFFF7F0FE002CEBD0012C0CBF8B
:1091D00000200120FFF782FF013C06F8010BA4B23A
:1091E000F2E710B414461A46234610BCFFF7AABF94
:1091F00010B414461A46234610BCFFF7C4BF07B587
:1092000001238DF807200DF10702FFF7EAFF03B0F5
:109210005DF804FB37B5CB0752BA05460C46ADF8EE
:1092200004200BD5012301AAFFF7DBFF0123214610
:10923000284601AAFFF7D5FF03B030BD022301AADB
:10924000F8E70123FFF7D4BF13B50223144601AAA0
:10925000FFF7CEFFBDF804305BBA238002B010BD2B
:10926000042313B514460DEB0302FFF7C1FF019B66
:109270001BBA236002B010BD10B53F2B90F85C0103
:109280009BB28CBF6FF003040024FFF7AAFF0028F5
:109290000CBF20466FF0130010BD10B53F2B90F8A7
:1092A0005C019BB28CBF6FF003040024FFF7A0FFAA
:1092B00000280CBF20466FF0130010BD08B590F8D1
:1092C0005C01FFF79CFF002814BF6FF01300002023
:1092D00008BD08B590F85C01FFF79CFF002814BF9B
:1092E0006FF01300002008BDF7B590F85C711546CB
:1092F00038460DF107020E461C46FFF7A2FF18B1D3
:109300006FF0130003B0F0BD9DF8073031461D40EB
:1093100044EA050238468DF80720FFF770FF002861
:10932000F0D0EDE708B590F85C01FFF78AFF002860
:1093300014BF6FF01300002008BD08B590F85C0161
:10934000FFF782FF002814BF6FF01300002008BD54
:1093500008B590F85C01FFF783FF002814BF6FF099
:109360001300002008BD002382B00193019BF92B5C
:1093700002D9002002B07047019B0133F5E700B528
:1093800089B06946FDF74CFA09B05DF804FB73B586
:1093900090F85C3105468B420E4603D100242046EE
:1093A00002B070BD00228821FFF788FF0446F0B9A3
:1093B000C02128460DF10602FFF7BFFF0446B0B9F1
:1093C0004EF6AA63BDF806209A42E7D131462846F8
:1093D000FDF72AFA044650B9C021284685F85C6199
:1093E0000DF10602FFF7A9FF04460028D6D020465B
:1093F000FFF7C5FFD3E7000070B590F85C51044655
:10940000542D0CD100230C4E1E20C6F8A031F8F7C5
:1094100047FD01231E20C6F8A031F8F741FD522375
:109420002946204684F85C31FFF7B1FF2046BDE8AD
:109430007040FDF7D3BB00BF0000214237B50546A1
:1094400001210420F8F7D0F9174B01A9174801931F
:10945000F8F700F90023164C6420C4F8A031F8F79F
:109460001FFD0123C4F8A031124BC5F85C31FFF792
:109470003DFD1E20F8F714FD54212846FFF787FF15
:109480002846FDF7ABFB044640B90220F8F708FD7B
:1094900028460949FDF7C0F9044610B12046FFF7F8
:1094A0006EFF204603B030BD0001031000080140EC
:1094B0000000214252019001BD0500202DE9F34139
:1094C00005460E46FFF798FF2846FDF773FE4F4B03
:1094D0001B7883B34E4F28467A787969FDF76FFF82
:1094E000044620BB0220F8F7DBFC2846FA78B9785E
:1094F000FDF778FA0446D0B90220F8F7D1FC2846E7
:109500003969FDF78FF9044688B90220F8F7C8FCDD
:109510002846B968FDF739FA044640B90220F8F741
:10952000BFFC00212846FDF783F90446B8B1204668
:10953000FFF725FF65E028460DF102020DF101015C
:10954000FDF702FC04460028F1D10220F8F7A8FC40
:1095500028460DF1030201A9FDF733FFDCE70220E5
:10956000F8F79EFC214601222846FDF73DFA044605
:109570000028DCD10220F8F793FC0122284611468E
:10958000FDF732FA04460028D1D1224F02204FEADB
:10959000061807EB0616F8F783FC21462846726882
:1095A000FDF76DFA04460028C1D10220F8F778FCD7
:1095B0000121284657F80820FDF761FA04460028E3
:1095C000B5D10220F8F76CFC2846B168FDF74AF9DE
:1095D00004460028ABD10220F8F762FC2146284659
:1095E000327BFDF741F904460028A0D10220F8F7AC
:1095F00057FC01212846727BFDF736F90446002806
:1096000095D1204602B0BDE8F08100BFBC05002026
:10961000C40700203C030020F8B50D461646FDF7B0
:109620002AFD044660B92F7E20220146304600F014
:10963000A1FF31463846FDF7F1F82A89014B1A801F
:109640002046F8BDA007002070B505460E4603244D
:1096500031462846FFF732FF00B970BD4FF4FA706B
:10966000013CF8F71DFC14F0FF04F1D10120F4E7F0
:1096700010B590F85C41064A0649FFF7CDFF542C1F
:1096800004D1054B054A1B889BB2136010BD00BF77
:1096900080070020A4070020A0070020D404002099
:1096A0000122024B10201A70F7F7CEBFC00700202E
:1096B00007B51C491C4801F0D9F968B30021012203
:1096C0001A4B08461A70FAF7D5F9194A0E21D369D0
:1096D000184843F0C053D361A2F5D032136843F465
:1096E000807313604BF20702134B9A80F9F7AEF9BF
:1096F0000023124A0193019B934209D91049114B4F
:10970000CA6802F4E0621343CB60BFF34F8FFEE7F9
:10971000019B01330193EEE703B05DF804EBF9F729
:10972000A1B900BFF1C80008000500201800002002
:1097300000100240FDC80008006C00407FFC0A00D9
:1097400000ED00E00400FA050EB42DE9F7470BAB7D
:1097500053F8041B04460A780193252A40F0BA8086
:109760004A78302A39D18A78A2F13400012800F2EF
:10977000B180C978642940F0AD80043301930C9B1B
:10978000A2F13000002BC0B217DA2D210A25313AA0
:10979000D2B221705B421444B3FBF5F105FB1133E7
:1097A000013A303312F0FF0204F801390B46F3D1CD
:1097B00003B0BDE8F04703B0704702460A250444F1
:1097C000B3FBF5F105FB1133013A303312F0FF0220
:1097D00004F8013D0B46F3D1EAE7662A7AD10DF190
:1097E000370323F00703D3E9006700220023304644
:1097F000394601F0A1FF002859D0B04607F10049D1
:109800004946404601F0D6FF824601F0A9FC0246D7
:109810000B464046494601F065FB2FA3D3E90023E0
:1098200001F018FD00222E4B01F05EFB01F0C2FF9B
:109830002C4B054698424FF000024FF00003304693
:10984000394684BF00250AF1010A01F075FF10B105
:109850002D23012023700A230122BAFBF3F18A424F
:1098600028D90A26BAFBF2F1B1FBF6F706FB17116D
:109870003031215411460929B2FBF6F2C3B21BD98B
:109880000130C1B20529EDD104220133DBB2052B31
:1098900018BF2E214FF00A001CBFE15402321249BA
:1098A00018BFD3B2DAB2042A08D9052080E7B0463F
:1098B000B946A5E75A43D2E71A46E6E7B5FBF1F207
:1098C000B2FBF0F600FB16223032E254B1FBF0F1AD
:1098D0000133E7E700206BE70000000080842E41A1
:1098E0000000E03F3F420F00A08601002DE9F84F45
:1098F000037806462D2B884605D14FF0010A013624
:109900000024002516E02B2B00D101364FF0000A71
:10991000F6E700222A4B2046294601F09BFC04462C
:109920000D46384601F02CFC22462B4601F0DCFAAD
:1099300004460D46334616F8012BA2F13007F9B262
:109940000929E6D92E2A38D1B34600261D4F5B4699
:109950001BF8019BA9F130095FFA89F2092A12D993
:10996000B8F1000F01D0C8F8003032463B4620461F
:10997000294601F099FDBAF1000F02D001F1004330
:109980001946BDE8F88F00220D4B2046294601F00C
:1099900061FC04460D46484601F0F2FB22462B4688
:1099A00001F0A2FA002204460D4630463946044B27
:1099B00001F050FC06460F46C9E70026014FCFE7ED
:1099C000000024400000F03F0FB4002004B07047B6
:1099D00000F002B8000000002DE9F84F994653420C
:1099E0005F4F134329F0004E4EEAD373BB42044647
:1099F0000D4690463DD84642064321F0004A4AEAC9
:109A0000D676BE4203468B4633D809F1404606F56A
:109A1000801616433DD04FEAA97606F002065AEAB0
:109A2000030346EAD1762CD05EEA020235D0BE4569
:109A300046D0BA4531D0AAEB0E0ABAF1747F4FEA8C
:109A40002A5339DAB9F1000F46DA3C3344DA002000
:109A50000021012E58D0022E49D086B134A3D3E97B
:109A6000002301F03FFA34A3D3E9002301F03AFACE
:109A700005E022462B464046494601F035FABDE84E
:109A8000F88F022E10D0032EF9D12DA1D1E90001BB
:109A9000F5E7BDE8F84F00F08FB8BBF1000F07DB2A
:109AA00029A1D1E90001EAE723A1D1E90001E6E714
:109AB00027A1D1E90001E2E723A1D1E90001C8E72C
:109AC000F24506F1FF3623D0022E29D8254B03EBB1
:109AD000C603D3E90601D2E742464B462046294653
:109AE00001F0E2FC00F026FC00F066F8B1E710A3FC
:109AF000D3E9002301F0F6F902460B460EA1D1E9A5
:109B0000000101F0EFF9BAE701F100431946B6E7A9
:109B1000022E08D8134B03EBC603D3E90001AEE7CE
:109B200000200021ABE70CA1D1E90001A7E700BFAD
:109B3000075C143326A6A13C182D4454FB21094090
:109B4000182D4454FB2109C0182D4454FB21F93F22
:109B5000182D4454FB21F9BF182D4454FB21E93F33
:109B60000000F07FE0D90008F8B504460D4600F08B
:109B7000BBF9224606460F462B462046294601F0F1
:109B800003FE40B92046294600F0D4FB0022084BD2
:109B900001F0F0FD10B930463946F8BD01F04AF841
:109BA0002122034603481A60BDE8F84000F0C6BB16
:109BB0000000F03F10DA00082DE9F84FC04B21F00B
:109BC00000469E4204460D468A4616D9BD4B9E422B
:109BD0000BD808D0BAF1000F40F3BF809CA1D1E9A7
:109BE0000001BDE8F88F0028F4D022462B4620461D
:109BF000294601F079F9BDE8F88FB34B9E4200F297
:109C0000B180A3F1DE739E4240F298804FF0FF3B9B
:109C100022462B462046294601F01CFB02460B46F5
:109C20008046894601F016FB8BA3D3E90023064644
:109C30000F4601F00FFB8AA3D3E9002301F054F98A
:109C400032463B4601F006FB87A3D3E9002301F02F
:109C50004BF932463B4601F0FDFA85A3D3E90023D8
:109C600001F042F932463B4601F0F4FA82A3D3E90F
:109C7000002301F039F932463B4601F0EBFA80A3AC
:109C8000D3E9002301F030F942464B4601F0E2FAF5
:109C90007DA3D3E90023804689463046394601F04A
:109CA000D9FA7BA3D3E9002301F01CF932463B46E5
:109CB00001F0D0FA78A3D3E9002301F013F932467A
:109CC0003B4601F0C7FA76A3D3E9002301F00AF975
:109CD00032463B4601F0BEFA73A3D3E9002301F0FC
:109CE00001F932463B4601F0B5FA02460B464046C2
:109CF000494601F0F9F822462B4601F0ABFABBF1D8
:109D0000FF3F02460B4656D0704E06EBCB06D6E917
:109D1000082301F0E7F822462B4601F0E3F802465B
:109D20000B46D6E9000101F0DDF8BAF1000FBFF6ED
:109D300062AF01F100431946BDE8F88F5CA3D3E997
:109D4000002301F0D1F80022614B01F013FD00283F
:109D50003FF45CAF204629464DE757A1D1E9000109
:109D6000BDE8F88F00F0E6FA5A4B04469E420D46D5
:109D700027D8A3F550239E424ED802460B4601F049
:109D8000B3F80022524B01F0ADF802460B462046D4
:109D9000294614461D4600224FF0804301F0A4F8E6
:109DA00002460B462046294601F07EFB4FF0000B91
:109DB00004460D462CE72046294601F093F8BDE8FD
:109DC000F88F454B9E421CD20022444B01F08AF88A
:109DD00002460B462046294614461D4600223F4BAC
:109DE00001F038FA00223A4B01F07EF802460B46A9
:109DF0002046294601F058FB4FF0020B04460D4661
:109E000006E702460B460020354901F04DFB4FF0B6
:109E1000030B04460D46FBE600222D4B01F062F8D1
:109E200002460B462046294614461D460022284B72
:109E300001F05AF802460B462046294601F034FB51
:109E40004FF0010B04460D46E2E600BFAFF3008081
:109E5000182D4454FB21F93F11DA22E33AAD903F2B
:109E6000EB0D76244B7BA93F513DD0A0660DB13F51
:109E70006E204CC5CD45B73FFF8300922449C23FB9
:109E80000D5555555555D53F2F6C6A2C44B4A2BF7E
:109E90009AFDDE522DDEAD3F6D9A74AFF2B0B33F46
:109EA000711623FEC671BC3FC4EB98999999C93FBE
:109EB0009C7500883CE4377E182D4454FB21F9BF83
:109EC000FFFF0F440000F07FFFFFDB3F18DA0008C0
:109ED0000000F03FFFFFF23F008003400000F83F2A
:109EE0000000F0BF000000002DE9F04FBE4B21F054
:109EF0000048984504460D4685B028D908F14048E9
:109F000008F5801858EA00080AD002460B4600F00F
:109F1000E9FF02460B4601F0C7FA05B0BDE8F08F35
:109F200095A3D3E9002301F095F995A3D3E9002384
:109F300006460F462046294601F08CF902460B469C
:109F40003046394600F0D0FF05B0BDE8F08FA74B92
:109F50008A4698450FD8B8F1795F80F04F818AA37F
:109F6000D3E9002300F0C0FF0022A14B01F002FC66
:109F7000002840F0FE802046294600F0DBF902462A
:109F80000B4600209A4900F0ADFF0022994B01F0EA
:109F900061F97FA3D3E9002304460D4601F05AF985
:109FA0007DA3D3E9002300F09FFF22462B4601F05A
:109FB00051F97BA3D3E9002300F094FF22462B46FE
:109FC00001F048F978A3D3E9002300F08DFF224681
:109FD0002B4601F03FF976A3D3E9002300F082FF7E
:109FE00022462B4601F036F973A3D3E9002300F093
:109FF0007BFF22462B4601F02DF971A3D3E9002304
:10A00000CDE900012046294601F024F96EA3D3E9E9
:10A01000002300F067FF22462B4601F01BF96CA3DA
:10A02000D3E9002300F060FF22462B4601F012F92D
:10A0300069A3D3E9002300F055FF22462B4601F027
:10A0400009F900226A4B00F04FFFCDE902012046DA
:10A05000294600F079F9DFF8A0C10646E0450F4631
:10A0600068D802460B4600F03FFFDDE902238C462C
:10A070008346DDE90001CDE900BC01F015FA024696
:10A080000B46DDE9000101F0E5F84FF00008CDE9ED
:10A09000000142463B464046394601F0DBF80246A5
:10A0A0000B462046294600F01DFF424604460D4659
:10A0B0003B463046394600F017FF02460B46204625
:10A0C000294601F0F1F902460B4600F00DFF024669
:10A0D0000B462BA1D1E9000100F004FF02460B461C
:10A0E000DDE9000100F0FEFE424604460D463B4617
:10A0F0004046394600F0F8FE02460B4638A1D1E949
:10A10000000100F0EFFE02460B462046294600F013
:10A11000E9FE02460B4632A1D1E9000100F0E2FE61
:10A12000BAF1000F3FF7F9AE01F10043194605B04F
:10A13000BDE8F08FDDE90223DDE9000101F0B4F9AB
:10A1400032463B4601F086F832463B4600F0CCFEF4
:10A1500002460B4600F0C8FE09A3D3E9002300F035
:10A16000C1FE02460B4604A1D1E9000100F0BAFE8F
:10A17000D6E720462946D0E6182D4454FB21F93F66
:10A18000075C143326A6913C9C7500883CE4377E1E
:10A1900009F7FD0DE13D023F88B20175E0EF493F4F
:10A1A0003B8F68B52882A43F5544880E55C1C93FEE
:10A1B0007D6FEB0312D6D43F555555555555C53FC8
:10A1C00082922EB1C5B8B33F59018D1B6C06E63F94
:10A1D000C88A599CE52A00404B2D8A1C273A034027
:10A1E000182D4454FB21E93FFFFFEF3FFFFFDF3F06
:10A1F0000000F03F0000E03F3233EF3F02460B46E5
:10A2000001F028F836A3D3E9002306460F4601F0F3
:10A2100021F835A3D3E9002300F066FE32463B4621
:10A2200001F018F832A3D3E9002300F05BFE3246B8
:10A230003B4601F00FF830A3D3E9002300F054FEB1
:10A2400032463B4601F006F82DA3D3E9002300F087
:10A2500049FE32463B4600F0FDFF2BA3D3E9002325
:10A2600000F042FE32463B4600F0F4FF28A3D3E95B
:10A270000023804689463046394600F0EBFF26A38E
:10A28000D3E9002300F02EFE32463B4600F0E2FF09
:10A2900023A3D3E9002300F027FE32463B4600F01B
:10A2A000D9FF21A3D3E9002300F01CFE32463B4630
:10A2B00000F0D0FF00221E4B00F016FE02460B46B7
:10A2C0004046494601F0F0F822462B4600F0C2FF16
:10A2D00022462B4600F008FE05B0BDE8F08F00BF17
:10A2E00009F7FD0DE13D023F88B20175E0EF493FFE
:10A2F0003B8F68B52882A43F5544880E55C1C93F9D
:10A300007D6FEB0312D6D43F555555555555C53F76
:10A3100082922EB1C5B8B33F59018D1B6C06E63F42
:10A32000C88A599CE52A00404B2D8A1C273A0340D5
:10A330000000F03F21F0004319467047002001491A
:10A34000704700BF0000F87F714A2DE9F0478A434B
:10A3500006460F4600F0A78000290C46034655DD4F
:10A36000081562D0C4F31302C107A0F2FF3742F40C
:10A37000801203D4D90F01EB42025B0000261624A1
:10A380004FF40011B446520002EBD3727F105B0011
:10A390000CEB010090424FEAD3754FEA430303DC14
:10A3A00000EB010C121A0E44013C05EB42024FEA8D
:10A3B0005101EDD120254FF00040A0460AE043D0E6
:10A3C000510001EBD371013D0A464FEA43034FEAC6
:10A3D000500045D0944508EB000EF0DABEF1000FB6
:10A3E0000EEB00080CDBE146A2EB0C01CC469E45CF
:10A3F00088BF01F1FF314900A3EB0E030444E0E7FD
:10A40000B8F1000FEFDB0CF10109EDE721F000429C
:10A41000024342D0002969D1DA0A153C5B05002AC3
:10A42000FAD0D60220466AD4144600226400E5021F
:10A43000114602F10102F9D5C2F1200523FA05F512
:10A440002C439340401A8DE79E4502D94FEA4C01B8
:10A45000B7E7BEF1000F0EEB000820DB0021CBE7D1
:10A46000194310D0DFF8ACA0DAE90001DAE90223E1
:10A4700000F038FDDAE9008902460B4640464946BD
:10A4800001F064F9C8B96508731003F17F5303F54F
:10A49000001303EB075145EAC670BDE8F087B8F139
:10A4A000000FB0DADAE702460B4600F0D3FE324680
:10A4B0003B4600F019FDBDE8F087B4F1FF3FDAE953
:10A4C0000001DAE902231ED0DAE9008900F00CFD70
:10A4D00002460B464046494601F02EF9A8B1A31C9E
:10A4E00004F1020508BF01366D08CDE702460B46B0
:10A4F00000F0F8FC02460B4600F0D6FFCDE74FF027
:10A50000FF3114469EE70136BEE70134BBE700BFCA
:10A510000000F07F58DA000820F0030110F003007B
:10A52000C0F1000051F8043B00F1040C4FEACC0CE0
:10A530006FF000021CBF22FA0CF213434FF0010C23
:10A540004CEA0C2C4CEA0C4CA3EB0C0222EA030262
:10A5500012EACC1204BF51F8043B0430F4D0C2F12B
:10A56000000102EA0102B2FA82F2C2F11F0200EB1C
:10A57000D200704770B5860747D0541E002A3ED0DF
:10A580000346CAB201E0013C39D303F8012B9D0711
:10A59000F9D1032C2CD9CDB205EB05250F2C1A4689
:10A5A00005EB054534D9A4F1100C2CF00F0603F18E
:10A5B000100EB6444FEA1C1CC2E90055C2E9025510
:10A5C00010327245F8D10CF1010214F00C0F03EBBC
:10A5D000021204F00F0C13D0ACF1040323F00303B8
:10A5E0000433134442F8045B9342FBD10CF00304A0
:10A5F0002CB1C9B21C4403F8011BA342FBD170BDAE
:10A6000064461346002CF4D1F9E703461446C0E72C
:10A61000A446E1E701292DE9F0415AD901274FF07D
:10A62000000E4FF0FF34BC463B4607E09E464FF01D
:10A63000010C1F1B0EEB0C0399420ED9051915F8DE
:10A640000C50C65CAE42F1D333D00127BC467446F1
:10A65000BE440EEB0C039942F0D84FF001084FF0C6
:10A66000000E4FF0FF35C4464346176008E09E4693
:10A670004FF0010CA3EB05080EEB0C0399420FD928
:10A68000461916F80C60C75CB742F0D819D04FF0E5
:10A690000108C4467546C6440EEB0C039942EFD838
:10A6A0000135601C854202D32846C2F80080BDE80F
:10A6B000F081BC450ABFE6440CF1010C4FF0010CDF
:10A6C000B8E7C4450ABFE6440CF1010C4FF0010C99
:10A6D000D2E74FF001080025E6E700BF2DE9F04F73
:10A6E000174687B005AA80468946384619461C4653
:10A6F000FFF790FF8246059B38465246F9180293B1
:10A7000000F06AFA00285FD10646054644F400636B
:10A710000193029BA9EB0401E31A0393CAF1010B15
:10A72000A9421BD35645334638BF53469C4223D9D2
:10A73000581EEA183844424402E001339C421BD0C0
:10A7400012F801CB10F801EFE645F6D09C4213D980
:10A750005D441D44A9424FF00006E3D2019908EB85
:10A76000090000F0CBFA8144A9EB0401A942D9D237
:10A77000002007B0BDE8F08F56450AF1FF3370D2D4
:10A7800005EB0A02424407EB0A00009502E09E42F4
:10A7900011D0734610F801CD12F8015D03F1FF3EB0
:10A7A000AC45F4D0009D013301369E4207D8029B90
:10A7B000039E1D44B4E701369E42009DF7D908EB85
:10A7C000050007B0BDE8F08FA4EB0A03534538BF7E
:10A7D00053460025013344F40062A9EB04010092C2
:10A7E0000AF1FF36CAF1010B01930593A94216D372
:10A7F000544520D905EB0A0253464244B81902E0F9
:10A8000001339C4217D012F801CB10F801EFE64556
:10A81000F6D09C420FD95D441D44A942E8D200996C
:10A8200008EB090000F06AFA8144A9EB0401A9428F
:10A830009ED35445DED8BAF1000FC0D005EB0A0014
:10A84000404407EB0A0202E0013BBB42B7D013468B
:10A8500010F801CD12F801EDE645F5D0019B1D443D
:10A86000C4E75346A0E700BF2DE9F04F9346ADF291
:10A870001C4D05AA80468A46584619461C46FFF7D5
:10A88000C9FE814613460DF2144243F8044F934229
:10A89000FBD16CB1601E58440BF1FF3206AD12F8CB
:10A8A000011FA31A013B5B44824245F82130F6D1D7
:10A8B000059B4A4658460BEB0301019300F08CF9C7
:10A8C000002879D10746054644F40063AAEB040E3C
:10A8D0000293661EAE4512D308EB050C1CF8063039
:10A8E00006AA52F82330CBB127B1019A9A4284BF0D
:10A8F0001346E31A1D44AE454FF00007ECD208EBB7
:10A900000A00029900F0FAF98244AAEB040EAE455F
:10A91000E2D200200DF21C4DBDE8F08F4F453B46C2
:10A9200038BF4B469E4218D9591EEA185944424432
:10A93000009502E001339E420ED012F8010B11F88F
:10A94000015F8542F6D09E42009D06D9C9F1010201
:10A950002A440027D518BDE7009D4F4509F1FF3374
:10A9600080F0828005EB090242440BEB090100955F
:10A97000CDF80C9002E09F4213D04B4611F8015DD8
:10A9800012F8010D03F1FF398542F4D0009DDDF886
:10A990000C90013301379F4209D8019B1D44E71AEF
:10A9A00098E701379F42009DDDF80C90F5D960468D
:10A9B0000DF21C4DBDE8F08FA4EB09034B4538BFE9
:10A9C0004B460025013344F40062AAEB040E0092CA
:10A9D000661E01930593AE4509D308EB0500835D20
:10A9E00006AA52F823306BB11D44AE45F5D208EBF0
:10A9F0000A00009900F082F98244AAEB040EAE45E9
:10AA0000EBD286E7B14517D209F1FF3105EB090218
:10AA10004B465944424402E00133B3420CD012F891
:10AA2000017B11F801CFBC45F6D09E4204D9C9F193
:10AA300001022A44D518CEE7B9F1000F3FF46AAFFE
:10AA400005EB090141440BEB090203E0013B5B45C7
:10AA50003FF460AF134611F8017D12F801CDBC45FB
:10AA6000F4D0019B1D44C0E74B4693E72DE9F0412C
:10AA70000D460978044690B0002954D06A78002A1F
:10AA800000F08280AB78002B51D0E8782E68002847
:10AA900000F081802B79002B56D02846FFF73CFD33
:10AAA0000646204646F4007100F028F986425AD83E
:10AAB000FE2E00F28880801B271840226846711CF9
:10AAC000FFF758FD7EB16A1E5FFA86FC901912F8F6
:10AAD000013F03F03F034033A91A6B4461449042A5
:10AAE00003F8401CF3D1013CA35D03F03F03403366
:10AAF0006B4413F8403C1C44A74203D238E0444462
:10AB0000A74235D314F806C032460CF03F0C0CF1C6
:10AB100040030DEB030C294620461CF8408C00F046
:10AB20005BF80028EBD1204610B0BDE8F08100783A
:10AB300042EA0142B8B140EA03439A42214614F87E
:10AB4000010FF7D14C1EEEE7227862B131BA01E075
:10AB50008B421ED0204642EA032314F8012F002A1C
:10AB6000F6D18B4215D00024204610B0BDE8F0810C
:10AB7000BB5DB819002BF6D04FF4006100F0BEF8B1
:10AB80000744A742AFD2EEE710B0BDE8F04100F0B5
:10AB90003DB9C41EC7E7120442EA0162217842EAC5
:10ABA00003230029DFD0024601E00029DBD041EA7F
:10ABB0000200B3EB002F25464FEA002214F8011FD4
:10ABC000F3D1AC1EAFE7014633462A46204610B00B
:10ABD000BDE8F04148E600BF032A30B415D941EA88
:10ABE0000004A40784460B4604D0541E0FE0043A28
:10ABF000032A08D91946604653F8044B5CF8045BF5
:10AC0000A542F4D0F1E760461946541E7AB1431EBE
:10AC10000139021901E09A4209D013F8010F11F825
:10AC200001CF6045F7D0A0EB0C0030BC704700208E
:10AC300030BC7047014B1868704700BF800300208C
:10AC400080EA0102844612F0030F4FD111F0030F86
:10AC500032D14DF8044D11F0040F51F8043B0BD0E4
:10AC6000A3F101329A4312F0803F04BF4CF8043B39
:10AC700051F8043B16D100BF51F8044BA3F1013247
:10AC80009A4312F0803FA4F101320BD14CF8043BFF
:10AC9000A24312F0803F04BF51F8043B4CF8044B30
:10ACA000EAD023460CF8013B13F0FF0F4FEA3323A1
:10ACB000F8D15DF8044B704711F0010F06D011F880
:10ACC000012B0CF8012B002A08BF704711F0020F6E
:10ACD000BFD031F8022B12F0FF0F16BF2CF8022B59
:10ACE0008CF8002012F47F4FB3D1704711F8012B7C
:10ACF0000CF8012B002AF9D1704700BF71B103464F
:10AD000000EB010C01E0634506D01A4611780133CF
:10AD10000029F8D1101A7047181A70470846704772
:10AD2000844641EA000313F0030349D1403A23D398
:10AD30000B6803604B6843608B688360CB68C360BB
:10AD40000B6903614B6943618B698361CB69C361A3
:10AD50000B6A03624B6A43628B6A8362CB6AC3628B
:10AD60000B6B03634B6B43638B6B8363CB6BC36373
:10AD700040304031403ADBD230320BD30B680360B5
:10AD80004B6843608B688360CB68C36010301031C0
:10AD9000103AF3D20C3205D351F8043B40F8043B8F
:10ADA000043AF9D2043208D0D2071CBF11F8013B93
:10ADB00000F8013B01D30B8803806046704700BF59
:10ADC000082A13D38B07B1D010F00303AED0C3F120
:10ADD0000403D21ADB071CBF11F8013B00F8013B4A
:10ADE000A4D331F8023B20F8023B9FE7043AD9D3C1
:10ADF000013A11F8013B00F8013BF9D20B780370DE
:10AE00004B7843708B7883706046704711F0FF0178
:10AE1000034600F0030239D08ABB026810B501EB8B
:10AE2000012E0EEB0E4E8EEA0204A2F1013323EA4C
:10AE30000203A4F1013222EA0402134313F0803F1B
:10AE40000FD150F8044F84EA0E0CA4F10133ACF199
:10AE5000013223EA040322EA0C02134313F0803F79
:10AE6000EFD0037823B936E010F8013F002B32D041
:10AE70009942F9D110BD8A4228D09A0729D01A7870
:10AE800018460133002AF6D110467047CAB9026845
:10AE9000A2F1013323EA020313F0803F08D150F8F6
:10AEA000042FA2F1013323EA020313F0803FF6D00E
:10AEB00003785BB110F8013F002BFBD17047990775
:10AEC00005D0184613F8012B002AF8D17047184610
:10AED000DDE71846A1E7184610BD00BF81F000412C
:10AEE00002E000BF83F0004330B54FEA41044FEA6F
:10AEF000430594EA050F08BF90EA020F1FBF54EA0A
:10AF0000000C55EA020C7FEA645C7FEA655C00F0A5
:10AF1000E2804FEA5454D4EB5555B8BF6D420CDD76
:10AF20002C4480EA020281EA030382EA000083EAF9
:10AF3000010180EA020281EA0303362D88BF30BD99
:10AF400011F0004F4FEA01314FF4801C4CEA1131EF
:10AF500002D0404261EB410113F0004F4FEA03334E
:10AF60004CEA133302D0524263EB430394EA050FD9
:10AF700000F0A780A4F10104D5F1200E0DDB02FA48
:10AF80000EFC22FA05F2801841F1000103FA0EF2DC
:10AF9000801843FA05F359410EE0A5F120050EF1A2
:10AFA000200E012A03FA0EFC28BF4CF0020C43FAD3
:10AFB00005F3C01851EBE37101F0004507D54FF0E0
:10AFC000000EDCF1000C7EEB00006EEB0101B1F530
:10AFD000801F1BD3B1F5001F0CD349085FEA300076
:10AFE0004FEA3C0C04F101044FEA445212F5800F81
:10AFF00080F09A80BCF1004F08BF5FEA500C50F11E
:10B00000000041EB045141EA050130BD5FEA4C0C00
:10B01000404141EB0101013C28BFB1F5801FE9D25D
:10B0200091F0000F04BF01460020B1FA81F308BF80
:10B030002033A3F10B03B3F120020CDA0C3208DD4C
:10B0400002F1140CC2F10C0201FA0CF021FA02F127
:10B050000CE002F11402D8BFC2F1200C01FA02F197
:10B0600020FA0CFCDCBF41EA0C019040E41AA2BFBC
:10B0700001EB0451294330BD6FEA04041F3C1CDA84
:10B080000C340EDC04F11404C4F1200220FA04F0A4
:10B0900001FA02F340EA030021FA04F345EA03014E
:10B0A00030BDC4F10C04C4F1200220FA02F001FA10
:10B0B00004F340EA0300294630BD21FA04F0294692
:10B0C00030BD94F0000F83F4801306BF81F480112B
:10B0D0000134013D4EE77FEA645C18BF7FEA655C9E
:10B0E00029D094EA050F08BF90EA020F05D054EA70
:10B0F000000C04BF1946104630BD91EA030F1EBF75
:10B100000021002030BD5FEA545C05D14000494178
:10B1100028BF41F0004130BD14F580043CBF01F56B
:10B12000801130BD01F0004545F0FE4141F4700151
:10B130004FF0000030BD7FEA645C1ABF194610462C
:10B140007FEA655C1CBF0B46024650EA013406BF2D
:10B1500052EA033591EA030F41F4002130BD00BFEC
:10B1600090F0000F04BF0021704730B54FF48064A9
:10B1700004F132044FF000054FF0000150E700BF2A
:10B1800090F0000F04BF0021704730B54FF4806489
:10B1900004F1320410F0004548BF40424FF0000176
:10B1A0003EE700BF42004FEAE2014FEA31014FEAB9
:10B1B00002701FBF12F07F4393F07F4F81F0605108
:10B1C000704732F07F4208BF704793F07F4F04BF53
:10B1D00041F40021704730B54FF4607401F0004530
:10B1E00021F000411CE700BF50EA010208BF704790
:10B1F00030B54FF000050AE050EA010208BF704781
:10B2000030B511F0004502D5404261EB41014FF4E9
:10B21000806404F132045FEA915C3FF4D8AE4FF0F1
:10B2200003025FEADC0C18BF03325FEADC0C18BFD4
:10B23000033202EBDC02C2F1200300FA03FC20FA25
:10B2400002F001FA03FE40EA0E0021FA02F1144472
:10B25000BDE600BF70B54FF0FF0C4CF4E06C1CEA8B
:10B2600011541DBF1CEA135594EA0C0F95EA0C0FFC
:10B2700000F0DEF82C4481EA030621EA4C5123EA6F
:10B280004C5350EA013518BF52EA033541F480119E
:10B2900043F4801338D0A0FB02CE4FF00005E1FB51
:10B2A00002E506F00042E0FB03E54FF00006E1FB9B
:10B2B00003569CF0000F18BF4EF0010EA4F1FF04DE
:10B2C000B6F5007F64F5407404D25FEA4E0E6D411E
:10B2D00046EB060642EAC62141EA55514FEAC5202F
:10B2E00040EA5E504FEACE2EB4F1FD0C88BFBCF5AB
:10B2F000E06F1ED8BEF1004F08BF5FEA500E50F15C
:10B30000000041EB045170BD06F0004646EA010121
:10B3100040EA020081EA0301B4EB5C04C2BFD4EB53
:10B320000C0541EA045170BD41F480114FF0000E4C
:10B33000013C00F3AB8014F1360FDEBF002001F0BA
:10B34000004170BDC4F10004203C35DA0C341BDC34
:10B3500004F11404C4F1200500FA05F320FA04F006
:10B3600001FA05F240EA020001F0004221F000413A
:10B3700010EBD37021FA04F642EB06015EEA430EAD
:10B3800008BF20EAD37070BDC4F10C04C4F12005DD
:10B3900000FA04F320FA05F001FA04F240EA020090
:10B3A00001F0004110EBD37041F100015EEA430E61
:10B3B00008BF20EAD37070BDC4F1200500FA05F281
:10B3C0004EEA020E20FA04F301FA05F243EA020300
:10B3D00021FA04F001F0004121FA04F220EA02000F
:10B3E00000EBD3705EEA430E08BF20EAD37070BD55
:10B3F00094F0000F0FD101F00046400041EB010135
:10B4000011F4801F08BF013CF7D041EA060195F016
:10B41000000F18BF704703F00046520043EB0303D0
:10B4200013F4801F08BF013DF7D043EA06037047BD
:10B4300094EA0C0F0CEA135518BF95EA0C0F0CD0C8
:10B4400050EA410618BF52EA4306D1D181EA03010E
:10B4500001F000414FF0000070BD50EA410606BF08
:10B460001046194652EA430619D094EA0C0F02D14D
:10B4700050EA013613D195EA0C0F05D152EA033692
:10B480001CBF104619460AD181EA030101F00041B0
:10B4900041F0FE4141F470014FF0000070BD41F0F9
:10B4A000FE4141F4780170BD70B54FF0FF0C4CF4D3
:10B4B000E06C1CEA11541DBF1CEA135594EA0C0FF2
:10B4C00095EA0C0F00F0A7F8A4EB050481EA030E3F
:10B4D00052EA03354FEA013100F088804FEA033326
:10B4E0004FF0805545EA131343EA12634FEA0222F4
:10B4F00045EA111545EA10654FEA00260EF00041B5
:10B500009D4208BF964244F1FD0404F5407402D206
:10B510005B084FEA3202B61A65EB03055B084FEA97
:10B5200032024FF480104FF4002CB6EB020E75EB94
:10B53000030E22BFB61A754640EA0C005B084FEABC
:10B540003202B6EB020E75EB030E22BFB61A754639
:10B5500040EA5C005B084FEA3202B6EB020E75EB84
:10B56000030E22BFB61A754640EA9C005B084FEAFC
:10B570003202B6EB020E75EB030E22BFB61A754609
:10B5800040EADC0055EA060E18D04FEA051545EAF8
:10B5900016754FEA06164FEAC30343EA52734FEAA1
:10B5A000C2025FEA1C1CC0D111F4801F0BD141EA1A
:10B5B00000014FF000004FF0004CB6E711F4801F7F
:10B5C00004BF01430020B4F1FD0C88BFBCF5E06F5F
:10B5D0003FF6AFAEB5EB030C04BFB6EB020C5FEA6F
:10B5E000500C50F1000041EB045170BD0EF0004EC4
:10B5F0004EEA113114EB5C04C2BFD4EB0C0541EAF6
:10B60000045170BD41F480114FF0000E013C90E6F2
:10B6100045EA060E8DE60CEA135594EA0C0F08BFB6
:10B6200095EA0C0F3FF43BAF94EA0C0F0AD150EAB5
:10B6300001347FF434AF95EA0C0F7FF425AF104648
:10B6400019462CE795EA0C0F06D152EA03353FF470
:10B65000FDAE1046194622E750EA410618BF52EAED
:10B6600043067FF4C5AE50EA41047FF40DAF52EAC1
:10B6700043057FF4EBAE12E74FF0FF3C06E000BF5E
:10B680004FF0010C02E000BF4FF0010C4DF804CD6B
:10B690004FEA410C7FEA6C5C4FEA430C18BF7FEA2B
:10B6A0006C5C1BD001B050EA410C0CBF52EA430C59
:10B6B00091EA030F02BF90EA020F0020704710F1D9
:10B6C000000F91EA030F58BF994208BF90422CBF68
:10B6D000D8176FEAE37040F0010070474FEA410C61
:10B6E0007FEA6C5C02D150EA013C07D14FEA430C7F
:10B6F0007FEA6C5CD6D152EA033CD3D05DF8040BF0
:10B70000704700BF8446104662468C461946634621
:10B7100000E000BF01B5FFF7B7FF002848BF10F1F8
:10B72000000F01BD4DF808EDFFF7F4FF0CBF01203D
:10B7300000205DF808FB00BF4DF808EDFFF7EAFFB9
:10B7400034BF012000205DF808FB00BF4DF808ED74
:10B75000FFF7E0FF94BF012000205DF808FB00BF69
:10B760004DF808EDFFF7CEFF94BF012000205DF8F3
:10B7700008FB00BF4DF808EDFFF7C4FF34BF012000
:10B7800000205DF808FB00BF4FEA410C7FEA6C5CCB
:10B7900002D150EA013C0AD14FEA430C7FEA6C5CCB
:10B7A00002D152EA033C02D14FF0000070474FF043
:10B7B000010070474A0011D212F5001211D20DD5C6
:10B7C0006FF47873B3EB62520ED44FEAC12343F0A7
:10B7D000004343EA505323FA02F070474FF0000051
:10B7E000704750EA013002D14FF0FF3070474FF000
:10B7F000000070474FEA4102B2F1E04324BFB3F5C5
:10B80000001CDCF1FE5C0DD901F0004C4FEAC002D7
:10B810004CEA5070B2F1004F40EB830008BF20F0BB
:10B820000100704711F0804F21D113F13872BCBF75
:10B8300001F00040704741F480114FEA5252C2F1CA
:10B840001802C2F1200C10FA0CF320FA02F018BF13
:10B8500040F001004FEAC1234FEAD32303FA0CFC66
:10B8600040EA0C0023FA02F34FEA4303CCE77FEAF5
:10B87000625307D150EA01331EBF4FF0FE4040F43F
:10B880004000704701F0004040F0FE4040F40000EE
:10B89000704700BF80F0004002E000BF81F000412F
:10B8A00042001FBF5FEA410392EA030F7FEA226C66
:10B8B0007FEA236C6AD04FEA1262D2EB1363C1BFF6
:10B8C000D218414048404140B8BF5B42192B88BF65
:10B8D000704710F0004F40F4000020F07F4018BF88
:10B8E000404211F0004F41F4000121F07F4118BFA8
:10B8F000494292EA030F3FD0A2F1010241FA03FC50
:10B9000010EB0C00C3F1200301FA03F100F0004337
:10B9100002D5494260EB4000B0F5000F13D3B0F1FF
:10B92000807F06D340084FEA310102F10102FE2A6E
:10B9300051D2B1F1004F40EBC25008BF20F00100DE
:10B9400040EA03007047490040EB0000013A28BF7D
:10B95000B0F5000FEDD2B0FA80FCACF1080CB2EB00
:10B960000C0200FA0CF0AABF00EBC250524218437E
:10B97000BCBFD0401843704792F0000F81F4000123
:10B9800006BF80F400000132013BB5E74FEA4103F6
:10B990007FEA226C18BF7FEA236C21D092EA030F62
:10B9A00004D092F0000F08BF0846704790EA010FDC
:10B9B0001CBF0020704712F07F4F04D1400028BF09
:10B9C00040F00040704712F100723CBF00F50000EB
:10B9D000704700F0004343F0FE4040F40000704721
:10B9E0007FEA226216BF08467FEA236301464202CD
:10B9F00006BF5FEA412390EA010F40F480007047E0
:10BA00004FF0000304E000BF10F0004348BF404285
:10BA10005FEA000C08BF704743F0964301464FF0C1
:10BA200000001CE050EA010208BF70474FF000031D
:10BA30000AE000BF50EA010208BF704711F000435E
:10BA400002D5404261EB41015FEA010C02BF84462E
:10BA50000146002043F0B64308BFA3F18053A3F58D
:10BA60000003BCFA8CF2083AA3EBC25310DB01FAD4
:10BA700002FC634400FA02FCC2F12002BCF1004F58
:10BA800020FA02F243EB020008BF20F001007047E9
:10BA900002F1200201FA02FCC2F1200250EA4C003D
:10BAA00021FA02F243EB020008BF20EADC70704783
:10BAB0004FF0FF0C1CEAD0521EBF1CEAD15392EA91
:10BAC0000C0F93EA0C0F6FD01A4480EA010C40026D
:10BAD00018BF5FEA41211ED04FF0006343EA5010C7
:10BAE00043EA5111A0FB01310CF00040B1F5000F09
:10BAF0003EBF490041EAD3715B0040EA010062F1B8
:10BB00007F02FD2A1DD8B3F1004F40EBC25008BFA1
:10BB100020F00100704790F0000F0CF0004C08BFBF
:10BB200049024CEA502040EA51207F3AC2BFD2F18C
:10BB3000FF0340EAC250704740F400004FF000039A
:10BB4000013A5DDC12F1190FDCBF00F000407047D4
:10BB5000C2F10002410021FA02F1C2F1200200FA12
:10BB600002FC5FEA310040F1000053EA4C0308BFD9
:10BB700020EADC70704792F0000F00F0004C02BF2A
:10BB8000400010F4000F013AF9D040EA0C0093F0A5
:10BB9000000F01F0004C02BF490011F4000F013BFF
:10BBA000F9D041EA0C018FE70CEAD15392EA0C0F6D
:10BBB00018BF93EA0C0F0AD030F0004C18BF31F0D8
:10BBC000004CD8D180EA010000F00040704790F0AE
:10BBD000000F17BF90F0004F084691F0000F91F052
:10BBE000004F14D092EA0C0F01D142020FD193EA18
:10BBF0000C0F03D14B0218BF084608D180EA0100A0
:10BC000000F0004040F0FE4040F40000704740F07B
:10BC1000FE4040F4400070474FF0FF0C1CEAD05249
:10BC20001EBF1CEAD15392EA0C0F93EA0C0F69D0A5
:10BC3000A2EB030280EA010C49024FEA402037D010
:10BC40004FF0805343EA111143EA10130CF0004007
:10BC50008B4238BF5B0042F17D024FF4000C8B42F7
:10BC600024BF5B1A40EA0C00B3EB510F24BFA3EBD7
:10BC7000510340EA5C00B3EB910F24BFA3EB9103A7
:10BC800040EA9C00B3EBD10F24BFA3EBD10340EA01
:10BC9000DC001B0118BF5FEA1C1CE0D1FD2A3FF647
:10BCA00050AF8B4240EBC25008BF20F001007047FC
:10BCB0000CF0004C4CEA50207F32C2BFD2F1FF039F
:10BCC00040EAC250704740F400004FF00003013AD0
:10BCD00037E792F0000F00F0004C02BF400010F474
:10BCE000000F013AF9D040EA0C0093F0000F01F088
:10BCF000004C02BF490011F4000F013BF9D041EAAA
:10BD00000C0195E70CEAD15392EA0C0F08D14202DC
:10BD10007FF47DAF93EA0C0F7FF470AF084676E7AF
:10BD200093EA0C0F04D14B023FF44CAF08466EE788
:10BD300030F0004C18BF31F0004CCAD130F0004256
:10BD40007FF45CAF31F000437FF43CAF5FE700BFAE
:10BD50004FF0FF3C06E000BF4FF0010C02E000BFD7
:10BD60004FF0010C4DF804CD4FEA40024FEA410379
:10BD70007FEA226C18BF7FEA236C11D001B052EA2F
:10BD8000530C18BF90EA010F58BFB2EB030088BFF5
:10BD9000C81738BF6FEAE17018BF40F00100704764
:10BDA0007FEA226C02D15FEA402C05D17FEA236C46
:10BDB000E4D15FEA412CE1D05DF8040B704700BF8D
:10BDC000844608466146FFE70FB5FFF7C9FF002824
:10BDD00048BF10F1000F0FBD4DF808EDFFF7F4FF5D
:10BDE0000CBF012000205DF808FB00BF4DF808EDF6
:10BDF000FFF7EAFF34BF012000205DF808FB00BF19
:10BE00004DF808EDFFF7E0FF94BF012000205DF83A
:10BE100008FB00BF4DF808EDFFF7D2FF94BF0120EB
:10BE200000205DF808FB00BF4DF808EDFFF7C8FFE4
:10BE300034BF012000205DF808FB00BF4FEA40023C
:10BE4000B2F1FE4F0FD34FF09E03B3EB12620DD948
:10BE50004FEA002343F0004310F0004F23FA02F0B2
:10BE600018BF404270474FF00000704712F1610F59
:10BE700001D1420205D110F0004008BF6FF0004030
:10BE800070474FF00000704742000ED2B2F1FE4FF3
:10BE90000BD34FF09E03B3EB126209D44FEA002399
:10BEA00043F0004323FA02F070474FF00000704760
:10BEB00012F1610F01D1420202D14FF0FF30704701
:10BEC0004FF00000704700BF7BB972B90029BEBFB8
:10BED00000204FF0004106E008BF00281CBF6FF0B3
:10BEE00000414FF0FF3000F0B9B9ADF1080C6DE939
:10BEF00004CE002909DB002B1ADB00F035F8DDF851
:10BF000004E0DDE9022304B07047404261EB4101E7
:10BF1000002B1BDB00F028F8DDF804E0DDE902234C
:10BF200004B0404261EB4101524263EB430370476E
:10BF3000524263EB430300F017F8DDF804E0DDE95B
:10BF4000022304B0404261EB41017047524263EB6F
:10BF5000430300F009F8DDF804E0DDE9022304B052
:10BF6000524263EB430370472DE9F047089D0F46AB
:10BF700004468E46002B48D18A42164661D9B2FA51
:10BF800082F24AB1C2F1200301FA02FE20FA03F361
:10BF9000964043EA0E0E94404FEA164CBEFBFCF16D
:10BFA000B7B20CFB11EE01FB07F0230C43EA0E4382
:10BFB000984209D9F31801F1FF3E80F0ED809842D4
:10BFC00040F2EA80023933441B1AB3FBFCF00CFB4D
:10BFD000103300FB07F7A4B244EA0344A74209D98F
:10BFE000341900F1FF3380F0D980A74240F2D680A7
:10BFF0003444023840EA01400021E41B1DB1002313
:10C00000D440C5E90043BDE8F0878B4206D90DB1A5
:10C01000C5E9000100210846BDE8F087B3FA83F1C5
:10C02000002947D1BB4202D3824200F20481841A24
:10C0300067EB030201209646002DE4D0C5E9004ECF
:10C04000E1E7002A00F09080B2FA82F2002A40F084
:10C05000A780881B0121370C1FFA86FEB0FBF7FC76
:10C0600007FB1C00230C43EA00430EFB0CF0984234
:10C0700007D9F3180CF1FF3802D2984200F2E080A1
:10C08000C4461B1AB3FBF7F007FB10330EFB00FE90
:10C09000A4B244EA0344A64507D9341900F1FF339A
:10C0A00002D2A64500F2C9801846A4EB0E0440EA6D
:10C0B0000C40A3E7C1F120068B4022FA06FC4CEAB3
:10C0C000030C27FA06FA4FEA1C49BAFBF9F88F402D
:10C0D00020FA06F309FB18AA1FFA8CFE3B4300FA6C
:10C0E00001F708FB0EF01C0C44EA0A44A04202FAD5
:10C0F00001F20BD91CEB040408F1FF3A80F099809F
:10C10000A04240F29680A8F102086444241A98B232
:10C11000B4FBF9F309FB134403FB0EFE40EA0444AD
:10C12000A64508D91CEB040403F1FF307FD2A645D5
:10C130007DD9023B644443EA0840A4EB0E04A0FB13
:10C14000028E74454346F14661D35ED055B1FA1A6A
:10C1500064EB090404FA06F622FA01F31E43CC400C
:10C16000C5E9006400214EE743084FEA510C43EA59
:10C17000C1710A0C42EA0C428BB2C407B2FBF6F161
:10C1800043EA0243BCFBF6FCB646304637461F2264
:10C19000181A41EA0C4161E7714615E7184629E78C
:10C1A000C2F1200321FA03F0964024FA03F39740EA
:10C1B0003B43370CB0FBF7F807FB18001FFA86FE6D
:10C1C000190C41EA004108FB0EF0884204FA02F41F
:10C1D0003AD9711808F1FF3C01D288421ED8091AD9
:10C1E000B1FBF7F808FB0EF007FB18119BB243EA0E
:10C1F000014383422FD2F31808F1FF31C8D28342A2
:10C20000C6D2A8F102013344C2E747459ED2B8EB3B
:10C2100002036EEB0C0E0138F14697E7301A014429
:10C22000A8F1020CB1FBF7F808FB0EF0DCE70346BF
:10C2300081E7D0466AE70846FEE63444023834E730
:10C24000ACF1020C33441CE7091AC446B1FBF7F801
:10C2500008FB0EF0C8E741469AE700BF704700BFF1
:10C260006D70753630353020696E6974006D70758B
:10C270003630353020737563636573732100564C17
:10C280003533313020696E69742E2E2E00564C35B0
:10C290003331302073756363657373212121004E40
:10C2A0004F20564C3533313021212100663A00426F
:10C2B0005F4B505F793A00425F4B495F793A0042E9
:10C2C0005F4B445F793A00535F4B505F793A0053BC
:10C2D0005F4B495F793A00535F4B445F793A006D99
:10C2E00070755F7365745F73656E736F7220636FD3
:10C2F0006D706C657465202E2E2E2E2E2E0D0A006C
:10C300006D70755F636F6E6669677572655F66698C
:10C31000666F20636F6D706C657465202E2E2E2EF7
:10C320002E2E0D0A006D70755F7365745F73616DFD
:10C33000706C655F7261746520636F6D706C65749D
:10C3400065202E2E2E2E2E2E0D0A00646D705F6C31
:10C350006F61645F6D6F74696F6E5F64726976653B
:10C36000725F6669726D7761726520636F6D706C64
:10C37000657465202E2E2E2E2E2E0D0A00646D70F3
:10C380005F7365745F6F7269656E746174696F6EF7
:10C3900020636F6D706C657465202E2E2E2E2E2EF0
:10C3A0000D0A00646D705F656E61626C655F666545
:10C3B000617475726520636F6D706C657465202E95
:10C3C0002E2E2E2E2E0D0A00646D705F7365745F25
:10C3D0006669666F5F7261746520636F6D706C650E
:10C3E0007465202E2E2E2E2E2E0D0A006D70755F78
:10C3F0007365745F646D705F737461746520636FDF
:10C400006D706C657465202E2E2E2E2E2E0D0A005A
:10C41000253035640025303464006270790025666B
:10C4200000626979006264790073707900736979D8
:10C4300000736479006261740070776D00556E73EB
:10C440007570706F7274656420736F667477617253
:10C45000652070726F647563742072657620256440
:10C460002E0A0050726F647563742049442072650F
:10C470006164206173203020696E64696361746552
:10C4800073206465766963652069732065697468E3
:10C49000657220696E636F6D70617469626C65208E
:10C4A0006F7220616E204D5055333035302E0D0A9D
:10C4B0000048616C662073656E736974697669748F
:10C4C00079207061727420666F756E642E0D0A009B
:10C4D000B8AAB38DB4980D355D004CCD6C000CC975
:10C4E0002C003656760026466600FEF2ABC4AAF152
:10C4F000DFDFBBAFDFDF00B8AAAAAAB088C3C5C719
:10C5000000444D50004B616C6D616E00432046004D
:10C51000466F6C6C6F770041766F69640052656D91
:10C520006F745F6D6F646500416E676C65002D0010
:10C530002B004779726F78006D6D004C00636D2F92
:10C54000730052004F4E20004F464600565F723A2D
:10C5500000745F723A004E6F726D616C00416E67DD
:10C560006C653A004779723A004469733A00636D2A
:10C5700000566F6C3A006D56004C5F70776D3A0054
:10C58000525F70776D3A00564C35334C305820541A
:10C59000533000564C35334C3058205453310056EC
:10C5A0004C35334C30582054533200564C35334CB4
:10C5B000305820455331206F72206C6174657200D1
:10C5C000564C35334C3058004E6F205570646174B2
:10C5D0006500564353454C20436F6E74696E756910
:10C5E00074792054657374204661696C75726500B6
:10C5F000564353454C205761746368646F672054F9
:10C60000657374204661696C757265004E6F2056C3
:10C6100048562056616C756520666F756E64004DD6
:10C62000535243204E6F20546172676574204572E7
:10C63000726F7200534E5220436865636B204578D9
:10C6400069740052616E67652050686173652043AC
:10C650006865636B204572726F72005369676D6124
:10C66000205468726573686F6C6420436865636BFF
:10C67000204572726F7200544343204572726F728C
:10C6800000506861736520436F6E73697374656EE3
:10C690006379204572726F72004D696E20436C6938
:10C6A00070204572726F720052616E676520436F31
:10C6B0006D706C6574650052616E676520416C67D2
:10C6C0006F20556E646572666C6F77204572726F6D
:10C6D000720052616E676520416C676F204F76650E
:10C6E000726C6F77204572726F720052616E67656F
:10C6F0002049676E6F7265205468726573686F6C4D
:10C7000064204572726F7200556E6B6E6F776E208B
:10C710004572726F7220436F64650052616E676587
:10C720002056616C6964202020005369676D612088
:10C730004661696C20202020005369676E616C207F
:10C740004661696C202020004D696E2052616E6741
:10C7500065204661696C00506861736520466169B7
:10C760006C20202020004861726477617265204649
:10C7700061696C20004E6F205570646174652020E3
:10C78000202020004E6F204572726F720043616C52
:10C790006962726174696F6E205761726E696E674B
:10C7A000204572726F72004D696E20636C69707003
:10C7B0006564206572726F7200556E646566696E9D
:10C7C0006564206572726F7200496E76616C69648F
:10C7D00020706172616D6574657273206572726F2D
:10C7E00072004E6F7420737570706F727465642080
:10C7F0006572726F7200496E746572727570742022
:10C800006E6F7420436C65617265640052616E677F
:10C8100065206572726F720054696D65206F757462
:10C82000206572726F72004D6F6465206E6F7420A8
:10C83000737570706F72746564206572726F7200C8
:10C8400042756666657220746F6F20736D616C6CE3
:10C85000004750494F206E6F742065786973746982
:10C860006E67004750494F2066756E6374206E6F87
:10C870007420737570706F7274656400436F6E74AA
:10C88000726F6C20496E74657266616365204572D3
:10C89000726F7200496E76616C696420436F6D6DD2
:10C8A000616E64204572726F7200446976697369C3
:10C8B0006F6E206279207A65726F204572726F7296
:10C8C000005265666572656E636520537061642011
:10C8D000496E6974204572726F72004E6F742069E0
:10C8E0006D706C656D656E746564206572726F72D3
:10C8F0000053544D5745423A424F4F540053544D04
:10C900005745423A424F4F54494E470002040608E9
:10C9100000000000010203040102030406070809E5
:10C9200000000000000000000000000000000404FF
:10C93000040404000004000014140A0000000000B5
:10C940000000000000000A0A1F0A0A1F0A0A00006D
:10C9500000040E1505060C14150E04000000121537
:10C960000D152E2C2A1200000000040A0A36151597
:10C970002916000002020100000000000000000073
:10C980001008080404040404080810000204040841
:10C99000080808080404020000000004150E0E1523
:10C9A0000400000000000008083E08080000000025
:10C9B0000000000000000000020201000000000072
:10C9C000003F000000000000000000000000000028
:10C9D00000020000002010100808040402020100F8
:10C9E00000000E1111111111110E000000000406BB
:10C9F00004040404040E000000000E1111080402D7
:10CA0000011F000000000E11100C1010110E00008C
:10CA10000000080C0C0A091F081C000000001F0180
:10CA2000010F1110110E000000000C12010D131166
:10CA3000110E000000001E10080804040404000089
:10CA400000000E11110E1111110E000000000E1148
:10CA50001119161009060000000000000400000073
:10CA600000040000000000000004000000040400B6
:10CA7000000010080402020408100000000000007A
:10CA80003F003F00000000000000020408101008F2
:10CA90000402000000000E1111080404000400004C
:10CAA00000001C22292D2D1D221C00000000040462
:10CAB0000C0A0A1E1233000000000F12120E12128E
:10CAC000120F000000001E1101010101110E0000F3
:10CAD00000000F1212121212120F000000001F129B
:10CAE0000A0E0A02121F000000001F120A0E0A029C
:10CAF0000207000000001C1201013911120C000095
:10CB000000003312121E12121233000000001F0424
:10CB100004040404041F000000003E08080808087C
:10CB200008080907000037120A060A121237000027
:10CB30000000070202020202223F000000003B1B2D
:10CB40001B1B15151535000000003B1216161A1A8E
:10CB50001217000000000E1111111111110E00002A
:10CB600000000F12120E02020207000000000E1158
:10CB700011111117190E180000000F12120E0A12CF
:10CB80001237000000001E1101060810110F0000EE
:10CB900000001F1504040404040E000000003312FA
:10CBA00012121212120C000000003312120A0A0CA8
:10CBB000040400000000151515150E0A0A0A0000ED
:10CBC00000001B0A0A04040A0A1B000000001B0ADA
:10CBD0000A0A0404040E000000001F0908040402ED
:10CBE000121F00001C0404040404040404041C00B8
:10CBF0000002020404040808081010000E080808C7
:10CC00000808080808080E00040A000000000000D8
:10CC10000000000000000000000000000000003FD5
:10CC200002040000000000000000000000000000FE
:10CC3000000C121C123C000000030202020E121231
:10CC4000120E000000000000001C1202120C000076
:10CC500000181010101C1212123C000000000000FE
:10CC6000000C121E021C000000182404041E040400
:10CC7000041E000000000000003C120C021C221CDC
:10CC800000030202020E1212123700000004040018
:10CC900000060404040E000000080800000C080848
:10CCA0000808080700030202021A0A060A13000015
:10CCB0000007040404040404041F00000000000032
:10CCC000000F15151515000000000000000F1212CE
:10CCD0001237000000000000000C1212120C0000BD
:10CCE00000000000000F1212120E020700000000E8
:10CCF000001C1212121C103800000000001B06025B
:10CD00000207000000000000001E020C101E0000C0
:10CD100000000004041E0404041C000000000000C5
:10CD2000001B1212123C000000000000001B0A0A47
:10CD300004040000000000000015150E0A0A00009F
:10CD400000000000001B0A040A1B00000000000095
:10CD5000003312120C08040300000000001E080437
:10CD6000041E000018080808080C08080808180025
:10CD70000808080808080808080808080604040441
:10CD80000408040404040600160900000000000062
:10CD900000000000830000000008000000010018EF
:10CDA00032000500000020410000D242295C0F3E05
:10CDB0009A99993E3333733F295C0F3E75191A0CCB
:10CDC0006A231B1C1F207274433B4138393A6B6C39
:10CDD000376F06246D6E7000680000047600540101
:10CDE000F7FD0001000070000000002400000002B8
:10CDF0000003000000650054FFEF0000FA80000B04
:10CE000012820001030C30C30E8C8CE914D5400251
:10CE100013710F8E3883F8833000F883258EF883E2
:10CE20003000F883FFFFFFFF0FFEA9D624000400A7
:10CE30001A8279A10000003CFFFF000000100000F2
:10CE400038836FA2003E03304000000002CAE309AD
:10CE50003E800000200000000000000040000000B4
:10CE600060000000000C0000000C186E000006922C
:10CE70000A16C0DFFFFF0256FD8CD377FFE1C49690
:10CE8000E0C5BEAA00000000FFFF0B2B00001657F4
:10CE9000000003594000000000001DFA00026C1D54
:10CEA000000000003FFFDFEB003EB3B6000D22782C
:10CEB00000002F3C00000000001942B5000039A21C
:10CEC0000000B365D90E9FC91DCF4C34300000005F
:10CED000500000003BB67AE80064000000C8000083
:10CEE00000000000100000001000FA921000225E06
:10CEF000000D229F0001000000320000FF460000EC
:10CF000063D400001000000004D6000004CC000030
:10CF100004CC00000000107200000040000000007F
:10CF200000000000000600020005000700000000ED
:10CF3000006400000000000000000005000500641F
:10CF40000020000000000000000000000000400081
:10CF50000000030000000032F8980000FF650000A8
:10CF6000830F0000FF9BFC00000000000000000099
:10CF700000000000000000000000000000000000B1
:10CF800000000000000000000000000000000000A1
:10CF90000000100040000000000000060000B26A1F
:10CFA000000200000001FB830068000000D9FC00C3
:10CFB0007CF1FF830000000000650000006403E8CE
:10CFC00000640028000000250000000016A00000FA
:10CFD0000000100000001000002F0000000001F40D
:10CFE0000000100000280000FFFF4581FFFFFA72DB
:10CFF0000000000000000000004400050005BAC663
:10D00000004778A2000000010000000000000600B8
:10D01000000000140000254D002F706D000005AECB
:10D02000000C02D000000000000000000000000022
:10D0300000000000001B00000000000000000000D5
:10D040000000000000640000000800000000000074
:10D0500000000000000000000000000000000000D0
:10D0600000000000000000000000000000000000C0
:10D0700000000000000000000000000000000000B0
:10D0800000000000000000000000000000000000A0
:10D090000000000000000000000000000000000090
:10D0A00000000000001B0000000000000000000065
:10D0B000000E000E00000AC700040000000000324D
:10D0C000FFFFFF9C00000B2B00000002000000018E
:10D0D00000000064FFE50000000000000000000008
:10D0E000000000000000000100000000000100003E
:10D0F00000000000000180000001800000018000AD
:10D10000002426D3000000000000000000060010EC
:10D110000096003C0000000000000000000000003D
:10D12000000000000C0A4E68CDCF770950166759F1
:10D13000C619CE82000000000000000000000000C0
:10D1400000000000000000000000000017D784006D
:10D15000030000000000000000000000C7938F9D46
:10D160001E1B1C1900000000000000000000000051
:10D17000000000000000000000000000020318850D
:10D180000000400000000003000000030000000059
:10D19000000000004000000000000000000000004F
:10D1A000000000000000000000000000000000007F
:10D1B000000000000000000000000000000000006F
:10D1C0000000000000000000677DDF7E72902E5599
:10D1D0004CF6E6880000000000000000000000009F
:10D1E00000000000D8DCB4B8B0D8B9ABF3F8FAB39B
:10D1F000B7BB8E9EAEF132F51BF1B4B8B08097F19B
:10D20000A9DFDFDFAADFDFDFF2AAC5CDC7A90CC91E
:10D210002C97F1A989264666B28999A92D557DB02A
:10D22000B08AA896365676F1BAA3B4B280C0B8A830
:10D230009711B28398BAA3F0240844106418B2B9C5
:10D24000B49883F1A329557DBAB5B1A38393F000B7
:10D250002850F5B2B6AA839328547CF1B9A38293DF
:10D2600061BAA2DADEDFDB819AB9AEF5606870F1EF
:10D27000DABAA2DFD9BAA2FAB9A38292DB31BAA292
:10D28000D9BAA2F8DF85A4D0C1BBAD83C2C5C7B8E7
:10D29000A2DFDFDFBAA0DFDFDFD8D8F1B8AAB38D15
:10D2A000B4980D355DB2B6BAAF8C96198F9FA70EA4
:10D2B000161EB49AB8AA872C547CBAA4B08AB69128
:10D2C000325676B28494A4C808CDD8B8B4B0F199D7
:10D2D00082A82D557D98A80E161EA22C547C92A4CF
:10D2E000F02C5078F184A898C4CDFCD80DDBA8FCB4
:10D2F0002DF3D9BAA6F8DABAA6DED8BAB2B68696AF
:10D30000A6D0F3C841DAA6C8F8D8B0B4B882A892BB
:10D31000F52C548898F135D9F418D8F1A2D0F8F941
:10D32000A884D9C7DFF8F883C5DADF69DF83C1D8FD
:10D33000F40114F1A8824EA884F311D182F5D99298
:10D34000289788F109F41C1CD884A8F3C0F9D1D916
:10D350009782F129F40DD8F3F9F9D1D982F4C203F7
:10D36000D8DEDF1AD8F1A2FAF9A88498D9C7DFF875
:10D37000F8F883C7DADF69DFF883C3D8F40114F162
:10D3800098A8822EA884F311D182F5D9925097885B
:10D39000F109F41CD884A8F3C0F8F9D1D99782F127
:10D3A00049F40DD8F3F9F9D1D982F4C403D8DEDFFA
:10D3B000D8F1AD8898CCA809F9D98292A8F57CF16A
:10D3C000883ACF944A6E98DB6931DAADF2DEF9D84B
:10D3D0008795A8F221D1DAA5F9F417D9F1AE8ED04C
:10D3E000C0C3AE82C684C3A88595C8A588F2C0F123
:10D3F000F4010EF18E9EA8C63E56F554F18872F4E3
:10D400000115F19845856EF58E9E0488F142985A73
:10D410008E9E068869F4011CF1981E1108D0F5044F
:10D42000F11E970202983625DBF9D985A5F3C1DAFA
:10D4300085A5F3DFD88595A8F309DAA5FAD88292F5
:10D44000A8F578F1881A849F26889821DAF41DF3CC
:10D45000D8879F39D1AFD9DFDFFBF9F40CF3D8FAC5
:10D46000D0F8DAF9F9D0DFD9F9D8F40BD8F3879FDF
:10D4700039D1AFD9DFDFF41DF3D8FAFCA869F9F987
:10D48000AFD0DADEFAD9F88F9FA8F1CCF398DB455C
:10D49000D9AFDFD0F8D8F18F9FA8CAF38809DAAFE7
:10D4A0008FCBF8D8F2AD978D0CD9A5DFF9BAA6F3DA
:10D4B000FAF412F2D8950DD1D9BAA6F3FADAA5F298
:10D4C000C1BAA6F3DFD8F1BAB2B68696A6D0CAF32F
:10D4D00049DAA6CBF8D8B0B4B8D8AD84F2C0DFF141
:10D4E0008FCBC3A8B2B68696C8C1CBC3F3B0B488FD
:10D4F00098A821DB718D9D71859521D9ADF2FAD85F
:10D500008597A828D9F408D8F28D29DAF405D9F23C
:10D5100085A4C2F2D8A88D9401D1D9F411F2D8878C
:10D5200021D8F40AD8F28498A8C801D1D9F411D826
:10D53000F3A4C8BBAFD0F2DEF8F8F8F8F8F8F8F8C2
:10D54000D8F1B8F6B5B9B08A95A3DE3CA3D9F8D81E
:10D550005CA3D9F8D87CA3D9F8D8F8F9D1A5D9DF3C
:10D56000DAFAD8B18530F7D9DED8F830ADDADED8BE
:10D57000F2B48C99A32D557DA083DFDFDFB591A098
:10D58000F629D9FBD8A0FC29D9FAD8A0D051D9F8CE
:10D59000D8FC51D9F9D879D9FBD8A0D0FC79D9FADF
:10D5A000D8A1F9F9F9F9F9A0DADFDFDFD8A1F8F8A5
:10D5B000F8F8F8ACDEF8ADDE8393AC2C547CF1A81F
:10D5C000DFDFDFF69D2CDAA0DFD9FADB2DF8D8A853
:10D5D00050DAA0D0DED9D0F8F8F8DB55F8D8A87822
:10D5E000DAA0D0DFD9D0FAF8F8F8F8DB7DF8D89CCB
:10D5F000A88CF530DB38D9D0DEDFA0D0DEDFD8A8AC
:10D6000048DB58D9DFD0DEA0DFD0DED8A868DB70D9
:10D61000D9DFDFA0DFDFD8F1A888902C547C98A850
:10D62000D05C38D1DAF2AE8CDFF9D8B087A8C1C1AE
:10D63000B188A8C6F9F9DA36D8A8F9DA36D8A8F93F
:10D64000DA36D8A8F9DA36D8A8F9DA36D8F78D9DBF
:10D65000ADF818DAF2AEDFD8F7ADFA30D9A4DEF9BA
:10D66000D8F2AEDEFAF983A7D9C3C5C7F1889BA764
:10D670007AADF7DEDFA4F8849408A797F300AEF242
:10D680009819A488C6A39488F632DFF28393DB0945
:10D69000D9F2AADFD8D8AEF8F9D1DAF3A4DEA7F12F
:10D6A000889B7AD8F38494AE19F9DAAAF1DFD8A866
:10D6B00081C0C3C5C7A39283F628ADDED9F8D8A32D
:10D6C00050ADD9F8D8A378ADD9F8D8F8F9D1A1DA06
:10D6D000DEC3C5C7D8A18194F818F2B089ACC3C520
:10D6E000C7F1D8B8B4B09786A8319B069907AB9715
:10D6F00028889BF00C201440B0B4B8F0A88A9A286F
:10D700005078B79BA82951792470594469386448E6
:10D7100031F1BBAB88002C547CF0B38BB8A8042843
:10D720005078F1B088B49726A85998BBABB38B0258
:10D73000264666B0B8F08A9CA82951798B29517980
:10D740008A2470598B2058718A4469388B39406813
:10D750008A6448318B30496088F1AC002C547CF0ED
:10D760008CA804285078F1889726A85998AC8C0288
:10D77000264666F0899CA829517924705944693855
:10D78000644831A98809205970AB11384069A8193B
:10D790003148608CA83C415C207C00F18798198658
:10D7A000A86E767EA999882D557DD8B1B5B9A3DF2D
:10D7B000DFDFAED0DFAAD0DEF2ABF8F9D9B087C494
:10D7C000AAF1DFDFBBAFDFDFB9D8B1F1A3978E607D
:10D7D000DFB084F2C8F8F9D9DED89385F14AB18375
:10D7E000A308B5839A0810B79F10D8F1B0BAAEB0AD
:10D7F0008AC2B2B68E9EF1FBD9F41DD8F9D90CF1CC
:10D80000D8F8F8AD61D9AEFBD8F40CF1D8F8F8AD82
:10D8100019D9AEFBDFD8F416F1D8F8AD8D61D9F483
:10D82000F4ACF59C9C8DDF2BBAB6AEFAF8F40BD8AD
:10D83000F1AED0F8AD51DAAEFAF8F1D8B9B1B6A37D
:10D84000839C08B9B1839AB5AAC0FD3083B79F10F5
:10D85000B58B93F20202D1ABDADED8F1B080BAAB6D
:10D86000C0C3B284C1C3D8B1B9F38BA391B609B414
:10D87000D9ABDEB0879CB9A3DDF1B38B8B8B8B8BDF
:10D88000B087A3A3A3A3B28BB69BF2A3A3A3A3A326
:10D89000A3A3A3A3A3F1B087B59AA3F39BA3A3DC8F
:10D8A000BAACDFB9A3A3A3A3A3A3A3A3A3A3A3A3D6
:10D8B000A3A3A3A3D8D8D8BBB3B7F1AAF9DAFFD9E9
:10D8C000809AAA28B48098A720B79787A86688F07E
:10D8D0007951F1902C870CA781976293F071716058
:10D8E00085940129517990A5F1284C6C870C9518E5
:10D8F0008578A38390284C6C886CD8F3A28200F2C0
:10D9000010A8921980A2F2D926D8F188A84DD9483A
:10D91000D896A83980D93CD89580A839A68698D9B8
:10D920002CDA87A72CD8A8899519A980D938D8A826
:10D930008939A980DA3CD8A82EA83990D90CD8A862
:10D94000953198D90CD8A809D9FFD801DAFFD89514
:10D9500039A9DA26FFD890A80D8999A810809821B6
:10D96000DA2ED88999A83180DA2ED8A88696318007
:10D97000DA2ED8A8873180DA2ED8A88292F3418097
:10D98000F1D92ED8A882F31980F1D92ED882ACF320
:10D99000C0A28022F1A62EA72EA92298A829DAAC2F
:10D9A000DEFFD8A2F22AF1A92E8292A8F23180A637
:10D9B00096F1D900AC8C9C0C30ACDED0DEFFD88C5C
:10D9C0009CACD010ACDE8092A2F24C82A8F1CAF2DC
:10D9D00035F19688A6D900D8F1FF000000000000BC
:10D9E000182D4454FB21E9BFD221337F7CD902405A
:10D9F000D221337F7CD902C00000000000000080EB
:10DA0000182D4454FB210940182D4454FB2109C012
:10DA100000000000000000004FBB610567ACDD3F67
:10DA2000182D4454FB21E93F9BF681D20B73EF3F45
:10DA3000182D4454FB21F93FE2652F227F2B7A3CBD
:10DA4000075C143326A6813CBDCBF07A8807703C76
:10DA5000075C143326A6913C000000000000F03F54
:08DA600059F3F8C21F6EA50185
:08DA6800B8D2FF7F01000000AD
:10DA70009A99993E0000F0419A99193F0000F042AE
:10DA80009A99993E0000F0420102000000A24A0467
:10DA9000FF000000FF000000010000000000803FC8
:10DAA000BCCD0008D8CD0008000000000000000038
:10DAB0000000000000000000000000000000000066
:10DAC000000000000000000094CD00080000803F2E
:10DAD00000000000000000000000803F0000803FC8
:10DAE00000000000000000000000803F0AD7233C37
:10DAF00001FF0001800101FF0101000001FF0101A0
:10DB00004F0201FF0E01000301018401020A01031B
:10DB1000030104080105C801060301078D01080877
:10DB20000109C6010A01010B02010C00010DD5011A
:10DB30000E18010F120110010111820112000113D0
:10DB4000D501141801151301160301178601180ACF
:10DB5000011909011A08011BC2011C03011D8F01D3
:10DB60001E0A011F060120010121020122000123DA
:10DB7000D501241801252201260101278201280050
:10DB80000129D5012A18012B0B012C28012D780120
:10DB90002E28012F9101300001310B013200013399
:10DBA0000B0134000135A10136000137A001380016
:10DBB000013904013A28013B30013C0C013D0401CC
:10DBC0003E0F013F7901402801411E01422F0143D0
:10DBD0008701440001450B01460001470B01480045
:10DBE0000149A7014A00014BA6014C00014D040167
:10DBF0004E01014F000150000151800152090153B3
:10DC00000801540101550001560F015779015809C7
:10DC1000015905015A00015B60015C05015DD101FC
:10DC20005E0C015F3C0160000161D001620B016389
:10DC30000301642801651001662A01673901680B38
:10DC4000016902016A28016B10016C2A016D6101F2
:10DC50006E0C016F0001700F017179017200017388
:10DC60000B01740001750B0176000177A1017800AA
:10DC70000179A0017A00017B0401FF0401791D01F3
:10DC80007B2701960E0197FE0198030199EF019AF7
:10DC900002019B4401730701700101FF01010001B2
:10DCA00001FF0000000001FF0101000001FF000171
:10DCB00009000110000111000124010125FF017577
:10DCC0000001FF01014E2C01480001302001FF003E
:10DCD0000130090154000131040132030140830184
:10DCE0004625016000012700015006015100015244
:10DCF000960156080157300161000162000164007D
:10DD00000165000166A001FF0101223201471401F3
:10DD100049FF014A0001FF00017A0A017B000178F6
:10DD20002101FF010123340142000144FF01452686
:10DD3000014605014040010E0601201A0143400141
:10DD4000FF0001340301354401FF01013104014B9F
:10DD500009014C05014D0401FF000144000145206B
:10DD600001470801482801670001700401710101A1
:10DD700072FE01760001770001FF01010D0101FF34
:10DD8000000180010101F801FF01018E0101000184
:10DD900001FF000180000000000000000A000000F8
:10DDA0000500000000000000050000000040000029
:10DDB00000001200E88000000E0A00000040000091
:10DDC00000001200400D03000E0A00009919000027
:10DDD00000003C00E8800000120E0000004000003F
:10DDE00000002000204E00000E0A0000000000008D
:10DDF000880300200000000000000000DC07002075
:10DE000044080020AC0800200000000000000000D2
:10DE10000000000000000000000000000000000002
:10DE200000000000000000000000000000000000F2
:10DE300000000000000000000000000000000000E2
:10DE400000000000000000000000000000000000D2
:10DE500000000000000000000000000000000000C2
:10DE600000000000000000000000000000000000B2
:10DE700000000000000000000000000000000000A2
:10DE80000000000000000000000000000000000092
:10DE900001000000000000000E33CDAB34126DE62F
:10DEA000ECDE05000B000000000000000000000098
:10DEB0000000000000000000000000000000000062
:10DEC0000000000000000000000000000000000052
:10DED0000000000000000000000000000000000042
:10DEE0000000000000000000000000000000000032
:10DEF0000000000000000000000000000000000022
:10DF00000000000000000000000000000000000011
:10DF10000000000000000000000000000000000001
:10DF200000000000000000000000000000000000F1
:08DF30000000000000000000E9
:04000005080013815B
:00000001FF
