:020000040800F2
:1000000000500020ED0000084501000845010008EF
:1000100045010008450100084501000800000000F6
:100020000000000000000000000000004501000882
:1000300045010008000000004501000845010008D6
:100040004501000845010008450100084501000878
:100050004501000845010008450100084501000868
:100060004501000845010008450100084501000858
:100070004501000845010008450100084501000848
:100080004501000845010008450100084501000838
:100090004501000845010008450100084501000828
:1000A0004501000845010008450100084501000818
:1000B0004501000845010008450100084501000808
:1000C00045010008450100084501000845010008F8
:1000D00045010008450100084501000845010008E8
:0C00E0004501000845010008450100082A
:1000EC000E480F490F4A9142BEBF50F8043B41F8ED
:1000FC00043BF8E70C490D4A00239142BCBF41F880
:10010C00043BFAE700F01AF809480A490860BFF303
:10011C004F8FBFF36F8F00F02FFBFEE750080008E6
:10012C00000000200000002000000020240100201E
:10013C000000000808ED00E0FEE70000374B82B03D
:10014C001A6842F001021A605968354A0A405A602E
:10015C001A6822F0847222F480321A601A6822F42F
:10016C0080221A605A6822F4FE025A604FF41F0271
:10017C009A600022009201921A6842F480321A604E
:10018C001A6802F400320192009A01320092019A2C
:10019C001AB9009AB2F5A06FF2D11A6812F40032B3
:1001AC0018BF01220192019A012A30D11D4A11680F
:1001BC0041F010011160116821F003011160116808
:1001CC0041F0020111605A685A605A685A605A68C4
:1001DC0042F480625A605A6822F47C125A605A685F
:1001EC0042F4E8125A601A6842F080721A601A6877
:1001FC009201FCD55A6822F003025A605A6842F008
:10020C0002025A605A6802F00C02082AFAD14FF026
:10021C000062054B9A6002B0704700BF00100240AC
:10022C000000FFF80020024000ED00E0006870477D
:10023C00024AD368DB07FCD4704700BF00200240A1
:10024C000D4908B5FFF7F4FF0B6943F002030B618E
:10025C0048610B6943F040030B61FFF7E9FF34235E
:10026C00C868CB6000F01400B0FA80F00B6940094C
:10027C0023F002030B6108BD00200240094A1368F9
:10028C00506803F16043B3F5A04F09D800F17843EF
:10029C00A3F58043B3F5DE3F02D200F001007047B6
:1002AC00002070470040000808B5074B19685A68D1
:1002BC0072B60024054884810548836081F3088860
:1002CC0062B69047FEE700BF0040000800480040BF
:1002DC0000ED00E04FF0FF3330B50A4D0144884289
:1002EC0001D1D84330BD10F8012B5340082243F301
:1002FC000004013A2C4012F0FF0284EA5303F6D1B9
:10030C00EDE700BF2083B8EDF0B51C4D8BB0BDF808
:10031C00404000950125264660F07F00ADF80610A0
:10032C0002928DF804508DF80500ADF80C400DF1DB
:10033C000D0219198B421CD10E3421466846FFF769
:10034C00C9FF6D46030C2F192DF80400BB70000E6D
:10035C000B4BF87015F8012B19880906FCD5013EDA
:10036C0016F1120F9A80F5D11A885206FCD50BB0F3
:10037C00F0BD13F8010B02F8010FDBE753544D5796
:10038C000048004010B5FFF779FFD0B10E4C236840
:10039C00E168DA43914215D10C4A934211D0A2F58F
:1003AC00DD22A2F5E06293420CD161684B1EB3F5DD
:1003BC00DE3F07D20648FFF78DFFA3681B1A584291
:1003CC00584110BD0020FCE700FC01085346573192
:1003DC00004000082DE9F041174600244FF0340886
:1003EC00174D2B6943F001032B61BC4206D3144A11
:1003FC000120136923F00103136117E0631CBB4256
:10040C0038BFCB5C0E5D34BF46EA032646F47F460C
:10041C002652FFF70DFFEB68C5F80C8013F0140F94
:10042C0006D000202B6923F001032B61BDE8F0817D
:10043C00235A9BB2B342F4D10234A4B2D5E700BF25
:10044C00002002400E212DE9F043A94DA94E89B0A0
:10045C00431CA94A9BB21488A406FCD59288042B91
:10046C002A540DD12846FFF7E1FEB04206D06B7836
:10047C002B70AB786B70EB78AB7003231846E7E707
:10048C000E2B0FD12A68B24240F073812A79012ACF
:10049C0040F06F81A989B1F5807F00F26A81123139
:1004AC0089B2EBE79942E9D104396818FFF7BEFE2F
:1004BC0007462846FFF70EFFB8426C7940F0528190
:1004CC00013C052C00F24481DFE814F006003F00EB
:1004DC008D00CD000E013A01884B0024B3F8E030BA
:1004EC0087489BB29A008DF80D209A099B0B8DF8CA
:1004FC000F304FF4DE338DF80C40CDE904038DF84A
:10050C000E20FFF73FFF4FF48263079314238DF8FF
:10051C0018008DF81940ADF81A406F7900932246F7
:10052C003846E98803ABFFF7EFFE042F40F0158146
:10053C00002C40F01E817349734BCA6802F4E062D0
:10054C001343CB60BFF34F8FFEE7AB89082B40F012
:10055C00FF806A4BB3F8E0309BB2802B02D00023B3
:10056C000324DAE76948FFF761FE694B044618601B
:10057C006848FFF75BFEDFF8A081631EB3F5DE3F32
:10058C00C8F80000EBD2654B65481A69110641BFEB
:10059C00644A5A6002F188325A60FFF751FE10B972
:1005AC0000230524B9E704F2FF346FF3090404F1C6
:1005BC000064534F04F580443846FFF741FE002891
:1005CC00EED007F58067BC42F6D80022564B514856
:1005DC00FFF72CFE1A600122544BC8F800001A7069
:1005EC0000231C4699E7514B1B78002B00F0B3807D
:1005FC00DFF83481A868D8F80090AF89484514D248
:10060C003B1899450ED1002300F10061484C01F5CF
:10061C0080419AB2BA42E3D2CA5C14F8010F01339A
:10062C009042F6D00023042477E7FBD17B1EFF2BEE
:10063C00F8D8374BC41919688C42F3D810F0010361
:10064C00F0D1FA0701D58C42EDD100F100603A46A9
:10065C002E4900F58040FFF7BDFE0028A0D04F4486
:10066C00C8F80070BCE7314F3B78002B38D0284BD2
:10067C002D4A1B68D2F80080984531D1414620485C
:10068C00FFF728FE244B04461B68984202D0062430
:10069C00002342E7FFF7F2FD0028F8D0254B10228B
:1006AC00CDE90338244B1E4803A905940693FFF7A4
:1006BC0091FEB8B10024194A136943F08003136109
:1006CC003C70A2F58052D36943F0C053D361A2F5BC
:1006DC00D032136843F480731360184B9C80D7E7B7
:1006EC000224D5E70524D3E70022104B77E700BF9F
:1006FC001000002053544D570048004000F7FF1FD6
:10070C000040000800ED00E00400FA051E00002087
:10071C000C000020220000200800002000200240D5
:10072C0000FC0108230167450400002000000020A4
:10073C001D00002053575031ACA8AFCE006C0040C8
:10074C00FFF720FE034600287FF44AAF0724E4E6B7
:10075C0000230124E1E60224DFE6062F09D144B987
:10076C00FFF7A2FD002301222046E9880093FFF742
:10077C00CBFD0E21002381E62A4B73B59A692A49D9
:10078C0042F008029A61DA69284C42F48022DA615C
:10079C004A6822F47F4242F496424A604FF49C72BB
:1007AC00228142F20C02A281DA6942F0C052DA6173
:1007BC001F4A136843F4807313604BF207021D4BFE
:1007CC009B889BB293422AD0FFF7DCFD38B3002202
:1007DC00194D1A4B1A4E01920199A94201D9FFF7F2
:1007EC0063FD2188890614D5511CA08889B204297F
:1007FC00985412D11846FFF719FDB04202D10846A1
:10080C00FFF720FE5A781A709A785A70DA789A7034
:10081C000322019901310191DEE70A46F9E7002034
:10082C00EEE700BF00100240000C01400048004001
:10083C0000700040006C00403F5489001000002004
:04084C0053544D575D
:020000040801F1
:10FC000053465731FFFFFFFFFFFFFFFFACB9A8CE00
:04000005080000ED02

:020000040800F2
:1040000000500020814300087D4200087F420008E4
:104010008142000883420008854200080000000039
:1040200000000000000000000000000087420008BF
:1040300089420008000000008B4200088D42000801
:10404000D9430008D9430008D9430008D9430008E0
:10405000D9430008D9430008D9430008D9430008D0
:10406000D9430008D9430008A1C60008D943000875
:10407000D9430008D9430008D9430008D9430008B0
:10408000D9430008D9430008D9430008D9430008A0
:10409000D9430008D9430008D9430008D943000890
:1040A000D943000839700008D9430008D9430008F3
:1040B0005D510008D943000845510008D943000864
:1040C000D9430008D9430008D9430008D943000860
:1040D000D9430008D9430008A9670008995C000883
:0C40E000D9430008D9430008D943000868
:1040F0008FB5022000F072F900F09AFE022000F065
:10410000A9F9012000F0A6F901F05CFA01F07AFAB1
:10411000002141F61F4001F099FA4FF4E13000F020
:10412000D9FE4FF46131482002F0DCFA4FF4E1305F
:1041300001F00AFC00F058FF00F0A4FF01F018F8AD
:1041400001F074FB00204FF6FF7505F049FB02F00B
:10415000C3F9002100240C264FF001080846502323
:10416000A022009502F00CF84FF4784324213C4A39
:104170001420CDE90164009502F09EF84FF47A70A6
:1041800000F08EFE01F0F4FD01F008FE4FF47843DC
:104190002421344A1420CDE90164009502F08CF802
:1041A0004FF47A7000F07CFE5023A0222146204676
:1041B000009501F0E5FF4FF4784324212A4A1420AA
:1041C000CDE90164009502F077F84FF47A7000F0C1
:1041D00067FE264F21465023A0222046009501F07D
:1041E000CFFF234887F8008008F028F921462048AF
:1041F00008F02AFA40BBCDE901604FF4784324214E
:1042000014201C4A009587F8008002F055F84FF4FE
:104210007A7000F045FE00214FF6FF730846A02299
:104220000093502301F0ACFF00F08CFE41F61F41DB
:10423000632001F067FB04F089FF3B78002BFAD084
:104240000B4808F015FAF6E74FF4784324211420C0
:10425000CDE90164084A009502F02EF83C70D6E7DB
:104260001C790108297901083A790108500A0020CF
:10427000A80B0020497901085B7901087047FEE727
:10428000FEE7FEE7FEE770477047704770470000A3
:10429000374B82B01A6842F001021A605968354AF9
:1042A0000A405A601A6822F0847222F480321A603E
:1042B0001A6822F480221A605A6822F4FE025A60B8
:1042C0004FF41F029A600022009201921A6842F491
:1042D00080321A601A6802F400320192009A0132A8
:1042E0000092019A1AB9009AB2F5A06FF2D11A6839
:1042F00012F4003218BF01220192019A012A30D132
:104300001D4A116841F010011160116821F003018C
:104310001160116841F0020111605A685A605A68D0
:104320005A605A6842F480625A605A6822F47C12D9
:104330005A605A6842F4E8125A601A6842F0807271
:104340001A601A689201FCD55A6822F003025A607A
:104350005A6842F002025A605A6802F00C02082AB7
:10436000FAD14FF00062054B9A6002B0704700BF6F
:10437000001002400000FFF80020024000ED00E0C5
:104380000E480F490F4A9142BEBF50F8043B41F816
:10439000043BF8E70C490D4A00239142BCBF41F8A9
:1043A000043BFAE7FFF774FF09480A490860BFF3C6
:1043B0004F8FBFF36F8FFFF79BFEFEE75896010804
:1043C00000000020500A0020500A0020DC0E0020CF
:1043D0000040000808ED00E0FEE70000C343084984
:1043E0001B02CA6803F4E06322F4E0621204120CB8
:1043F000134343F0BF6343F40033CB60704700BF07
:1044000000ED00E0F8B51546044618460E46FFF7E5
:10441000E5FF01220E4B690953F8217005F01F0CCE
:1044200002FA0CF23A4343F821202B440F25C0F145
:10443000040125FA00F093F800238C4000EA0601FD
:104440000C4342EA0412D2B283F80023F8BD00BF45
:1044500000E100E0064A936943F001039361A2F58D
:104460008832536823F0E06343EA40635360704747
:104470000010024070B50125017801F01F039D4036
:10448000C3784C09BBB10E4B4678DA68D243C2F30D
:104490000222C2F104039E4083780F2020FA02F228
:1044A00013403343074A1B01DBB2114481F8003348
:1044B00042F8245070BD034B203443F82450F9E7F0
:1044C00000ED00E000E100E04FF0E0231A6904286D
:1044D0000CBF42F0040222F004021A61704700008F
:1044E00008B5144B98420BD101214FF4007000F035
:1044F00093F900214FF40070BDE8084000F08CB93A
:104500000D4B984208D101214FF4806000F084F9EE
:1045100000214FF48060EFE7084B984208D1012159
:104520004FF4004000F078F900214FF40040E3E739
:1045300008BD00BF0024014000280140003C0140AC
:1045400043680A7923F4702323F4807343EA022337
:104550000A6810B5134343608468D1E9022313430A
:10456000084A224013434A7943EA420383600A7CA3
:10457000C36A013A23F47003D2B243EA0253C3621E
:1045800010BD00BFFDF7F1FF836819B143F00103CF
:104590008360704723F00103FAE7836819B143F49D
:1045A000A0038360704723F4A003FAE7092970B5DC
:1045B0001BD90726A1F10A04C56804EB4404A640F0
:1045C00025EA060503FA04F42C43C460062A17D82A
:1045D0001F24013A436B02EB8202944023EA040356
:1045E00001FA02F21A43426370BD0725046901EB28
:1045F0004106B54024EA0504B34023430361E5E7DF
:104600000C2A0CD81F24073A036B02EB8202944059
:1046100023EA040301FA02F21A430263E4E71F24C7
:104620000D3AC36A02EB8202944023EA04039140EC
:104630001943C162D8E7C06C80B270470068084077
:10464000003818BF01207047014B5861704700BF08
:1046500000040140F0B5CB780E88DA0648BF8A78AE
:1046600003F00F0548BF15430A78C2B100210127A6
:104670004FF00F0C026807FA01F434EA060E0AD173
:10468000282B2AD144618C000CFA04FE22EA0E0287
:1046900005FA04F4224301310829ECD10260FF2E0F
:1046A0001AD9002101274FF00F0C426801F10804CC
:1046B00007FA04F434EA060E0AD1282B11D144611A
:1046C0008C000CFA04FE22EA0E0205FA04F42243DE
:1046D00001310829EAD14260F0BD482BD3D10461F1
:1046E000D1E7482B08BF0461EAE7016170474161E7
:1046F000704700000028164A30B500F44015B4BFDA
:10470000D3695368B5F5401F84B210D1556823F0C2
:10471000706325F07065556019B1420D1201944027
:1047200023430B4A0028B4BFD361536030BDC2029B
:104730004DBF0322420D1201C0F303454CBFAA40F6
:1047400004FA02F223EA020343F07063E4E700BFD5
:1047500000000140034A536823F44043034353607D
:10476000704700BF001002401A4A10B5536803F0AA
:104770000C03082B2CD153685168C3F38343CC033B
:1047800003F102031FD414494B4303605168134CD7
:10479000C1F30311615CCB4043605168C1F3022156
:1047A000615C23FA01F181605168C1F3C221615C4F
:1047B000CB40C36052680A49C2F381328A5CB3FBC2
:1047C000F2F3036110BD51688903DCD40549DBE7CE
:1047D000044BDAE70010024000093D00C27F0108E7
:1047E000BE7F010800127A00044B9A6911B102439E
:1047F0009A61704722EA0002FAE700BF0010024007
:10480000044BDA6911B10243DA61704722EA00020F
:10481000FAE700BF00100240044BDA6811B102430E
:10482000DA60704722EA0002FAE700BF0010024097
:1048300030B5048C42EA031224F001042404240C51
:104840000484048B144B24F0F3042404058C240CFE
:1048500014439842ADB2A4B212D003F5006398425B
:104860000ED0B0F1804F0BD0A3F59833984207D00B
:1048700003F58063984203D003F58063984207D123
:1048800025F00205294341F001010483018430BD74
:1048900025F00A05F6E700BF002C014070B5048C36
:1048A000120224F010042404240C0484058B42EA30
:1048B000033225F44075164B2D05048C2D0D0E0189
:1048C00015439842A4B2B6B2ADB212D003F500635C
:1048D00098420ED0B0F1804F0BD0A3F59833984298
:1048E00007D003F58063984203D003F580639842B4
:1048F00008D124F0200346EA030444F010010583A4
:10490000018470BD24F0A004214341F01001F6E7BA
:10491000002C0140224A038890429BB212D002F53B
:10492000006290420ED0B0F1804F0BD0A2F59832C9
:10493000904207D002F58062904203D002F5806277
:10494000904209D14A8823F070031343CA8823F4A4
:1049500040739BB2134306E0124A904203D002F523
:1049600080629042F2D103808B8883850B88038517
:104970000B4B98420FD003F5006398420BD003F520
:104980004063984207D003F58063984203D003F553
:104990008063984201D10B7A03860123838270479A
:1049A000002C014000100040038C70B523F001037F
:1049B0001B041B0C0384038C8488028B0D8822F05B
:1049C00073021204120C4E882A4323F002030D894D
:1049D0001B0435431B0C2B43144DA4B2A8429BB2BD
:1049E0000FD005F50065A8420BD005F54065A8423B
:1049F00007D005F58065A84203D005F58065A8427B
:104A00000ED14D8923F008032B438D8823F0040336
:104A1000CE892B438D8924F4407435432C43A4B2B2
:104A200084800283CA888286038470BD002C014082
:104A3000038C70B523F480531B041B0C0384038C7C
:104A40008488828B0D8822F4E6421204120C42EA1A
:104A500005224E880D8923F400531B0435431B0C9B
:104A600043EA05330B4DA4B2A84292B29BB203D0E5
:104A700005F50065A84205D18D8924F4804444EAF7
:104A80008514A4B284808283CA88A0F8402003845D
:104A900070BD00BF002C01404FF6FF7383800023E0
:104AA0000380C38043800372704700230122038088
:104AB00043808280C38003817047038821B19BB209
:104AC00043F001030380704723F001031B041B0C18
:104AD000F8E783899BB212B119438181704723EAB9
:104AE0000101FAE770B50689048B058C24F4407443
:104AF00024F0030425F0220526F0070624042D04E3
:104B00003604240C2D0C42EA0312360C44F4807453
:104B100015430E4344F00104ADB2068104830584BD
:104B200070BD038821B19BB243F0800303807047BE
:104B300023F080031B041B0CF8E7038B23F008030E
:104B40001B041B0C0B4303837047838B23F400630C
:104B50001B041B0C43EA01239BB2838370478184AF
:104B60007047038B23F00C031B041B0C0383038B84
:104B70009BB20B4303837047038B23F440631B04F6
:104B80001B0C0383038B9BB243EA01239BB2038379
:104B90007047838B23F00C031B041B0C8383838BD4
:104BA0009BB20B4383837047838B23F440631B04C6
:104BB0001B0C8383838B9BB243EA01239BB28383C9
:104BC00070470000F8B50E46098804467588B2881B
:104BD000338939B92946FFF72BFEF188BDE8F84043
:104BE000FFF7BFBF042907D12946FFF757FEF18819
:104BF000BDE8F840FFF7C0BF0829008CF18837D125
:104C000020F480700004000C2084A68B208CB6B2A7
:104C100026F0F306164346EA0316354B2F029C4254
:104C200080B2BFB2B6B212D003F500639C420ED080
:104C3000B4F1804F0BD0A3F598339C4207D003F515
:104C400080639C4203D003F580639C420CD120F426
:104C5000007347EA030040F48070A6832084204656
:104C6000BDE8F840FFF795BF20F420602843F2E745
:104C700020F480500004000C2084A68B1B0326F433
:104C80004076360543EA0223360D1E43184B208C2E
:104C90002F039C4280B2BFB2B6B212D003F50063BC
:104CA0009C420ED0B4F1804F0BD0A3F598339C42B8
:104CB00007D003F580639C4203D003F580639C42D8
:104CC0000CD120F4005347EA030040F48053A6833C
:104CD00020462384BDE8F840FFF766BF20F400704B
:104CE0004004400C45EA000343F48053EFE700BF63
:104CF000002C0140C94389B20182704730B5044697
:104D0000038ACA889BB223F44053134387B00382BB
:104D100083898A8823F4B05323F00C031B041B0CF3
:104D200013430A890D4613434A8913439BB2838177
:104D3000838A8A899BB223F440731343838201A838
:104D4000FFF712FDDDE9033214498C4208BF134618
:104D50001922A18953432A680D044CBF52009200C6
:104D60006421B3FBF2F3B3FBF1F001FB103302015A
:104D7000A08900044BBFDB001B01323332334BBF31
:104D8000B3FBF1F3B3FBF1F303F0070303F00F03FD
:104D900013439BB2238107B030BD00BF00380140F0
:104DA000838921B19BB243F400538381704723F47C
:104DB00000531B041B0CF8E7012310B5C1F3421488
:104DC000012C01F01F0103FA01F305D10C3042B1AF
:104DD00002681343036010BD022C0CBF1030143066
:104DE000F5E7026822EA0303F4E78088C0F30800CD
:104DF000704703460120C1F3421210B5012A01F0A9
:104E00001F0400FA04F00DD19A891B8892B2104059
:104E10009BB230B10122090A8A401340181E18BF04
:104E2000012010BD022A0CBF1A8A9A8AEDE7000001
:104E300008B56FF00400FFF747FB084B084A1B68F2
:104E4000B3FBF2F3074ADBB21370C3EB431203EB7D
:104E50008203054ADB00138008BD00BF1C00002050
:104E600000127A00800A00207E0A00200B4B0022EC
:104E70001B7858434FF0E02358619A611A6942F059
:104E800001021A611A6902F00112012AFAD01A69A4
:104E900022F001021A6100229A617047800A002004
:104EA0000B4B00221B8858434FF0E02358619A6156
:104EB0001A6942F001021A611A6902F00112012A0C
:104EC000FAD01A6922F001021A6100229A61704731
:104ED0007E0A002010B5012186B0044644F2040089
:104EE000FFF782FC144B01A914480193FFF7B2FBB2
:104EF0004FF48063ADF80430042310480DEB030138
:104F00008DF80730FFF7A6FB4FF4402302940024EE
:104F100002A90B48CDE90343ADF81440FFF7EEFEBC
:104F2000224640F225510648FFF746FF012104487A
:104F3000FFF736FF06B010BD00020318000801405D
:104F40000038014010B5012186B04FF40170FFF721
:104F50004BFC4FF40040FFF7FDFB00241023694693
:104F60000E48ADF800308DF80340FFF773FB0C4896
:104F7000FFF7B6FA4FF460230194CDE90334ADF89E
:104F80000840012401A906488DF81440FFF7D8FA1B
:104F900021460348FFF7F8FA06B010BD00080140AB
:104FA00000240140014608B5094807230122FFF704
:104FB000FDFA01210648FFF7F0FA02210448FFF745
:104FC0003DFB0028F9D0BDE808400148FFF733BB9E
:104FD0000024014008B50420FFF7E4FF41F6C813A0
:104FE0005843001308BD0000012130B5084689B0C0
:104FF000FFF706FC01210420FFF7F6FB042303253D
:105000000DEB03011E488DF80730ADF80450FFF793
:1050100021FB02A8FFF740FD00244FF6FF7302A911
:105020004FF08040CDE90243FFF774FC224623464F
:1050300029464FF08040FFF755FD05A8FFF735FDE5
:105040000A2305A94FF08040ADF81C30FFF7BAFDE8
:1050500001214FF08040FFF74DFE01224FF08040CC
:105060001146FFF736FD21464FF08040FFF777FDF0
:1050700001214FF08040FFF720FD09B030BD00BF97
:105080000008014010B5012188B00420FFF7B8FBEB
:1050900001210820FFF7A8FBC023ADF8043004234A
:1050A0001A480DEB03018DF80730FFF7D3FA02A879
:1050B000FFF7F2FC00244FF6FF7302A91448CDE974
:1050C0000243FFF727FC2246234603211048FFF73F
:1050D00009FD05A8FFF7E9FC0A2305A90C48ADF86E
:1050E0001C30FFF76FFD01210948FFF703FE012285
:1050F00007481146FFF7EDFC21460548FFF72FFD55
:1051000001210348FFF7D9FC08B010BD000C014095
:105110000008004003280AD004280AD002280AD137
:105120004FF080430022988C9A8400B27047034B62
:10513000F8E7034BF6E70020704700BF000400408B
:1051400000080040044A138A138A23F001031B0459
:105150001B0C1382704700BF000800404FF08042D4
:10516000138A138A23F001031B041B0C138270475C
:1051700007B501210C20FFF737FB074B01A90748B2
:105180000193FFF767FA064B064801A90193FFF761
:1051900061FA03B05DF804FB0080031000080140D1
:1051A00008000310000C014070B50124124B134D90
:1051B0005A6822F070425A605A6842F040525A606F
:1051C000C5F8BC41D5F83C310BB9002070BD0C4E80
:1051D0002046C6F88C41FFF749FE0023C5F8BC31D4
:1051E000D5F83C51002DF0D12046FFF73FFE204678
:1051F000C6F88C51EAE700BF0008014000002142D8
:105200000080214238B50E4B0E4D5A680E4C22F0EC
:1052100070425A605A68012042F040525A6000239E
:10522000C5F88C31C4F8BC31FFF720FE0120C5F869
:105230008C01C4F8BC01BDE83840FFF717BE00BFC1
:1052400000080140008021420000214238B50124BD
:10525000144B154D5A68204622F070425A605A6825
:1052600042F000425A60C5F8BC41FFF7FFFD0F4B0A
:105270002046C3F88C41FFF7F9FD3324D5F83C31C3
:1052800023B90A4A0120C2F88C3106E0013C14F02F
:10529000FF0403D1FFF7B6FF204638BD0120FFF71A
:1052A000E5FDEBE7000801400000214200802142BB
:1052B00038B500250C4C0D4BC4F88C515A680120B0
:1052C00022F070425A605A6842F040525A60084BCD
:1052D000C3F8BC51FFF7CAFD0120C4F88C01FFF7E9
:1052E000C5FDC4F88C5138BD008021420008014042
:1052F0000000214270B5002601240D4D0D4BC5F86C
:105300008C615A68204622F070425A605A6842F016
:1053100040525A60084BC3F8BC41FFF7A7FD204636
:10532000C5F88C41FFF7A2FDC5F88C6170BD00BFC8
:10533000008021420008014000002142164B2DE967
:10534000F0415A68044622F070425A605A680825B3
:1053500042F040525A6000230127104EDFF840808F
:10536000C6F88C31E309C8F8BC310120FFF77EFD97
:105370000120C6F88C71FFF779FD00230120C6F8E3
:105380008C31013DFFF772FD640015F0FF05E4B2BA
:10539000E8D1BDE8F08100BF000801400080214253
:1053A00000002142F8B504460F4615461E46FFF799
:1053B000FBFE48B1600000F0FE00FFF7BFFFFFF703
:1053C00045FF18B9FFF71EFF012010E03846FFF730
:1053D000B5FF0024FFF73AFFA54205DD305DFFF77A
:1053E000ADFFFFF733FF18B9FFF70CFF0020F8BD42
:1053F0000134F1E72DE9F041002405460827A046D5
:10540000144B154E5A6822F070425A605A6842F0A6
:1054100000425A600220C6F88C81FFF727FD012365
:10542000C6F88C319C400D4BE4B2D3F83C310BB143
:105430000134E4B20220FFF719FD7B1E13F0FF07D1
:10544000E8D125B1FFF734FF2046BDE8F081FFF732
:1054500051FFF9E70008014000802142000021428D
:10546000F8B505460F4614461E46FFF79DFE48B1A7
:105470006D00EDB22846FFF761FFFFF7E7FE18B9B0
:10548000FFF7C0FE0120F8BD3846FFF757FFFFF7D2
:10549000DDFEFFF789FE681CC0B2FFF74FFFFFF784
:1054A000D5FE1CB9FFF7AEFE2046ECE7012C0CBF81
:1054B00000200120FFF79EFF013C06F8010BE4B23B
:1054C000EFE738B504460D46FFF76EFE2046FFF7BE
:1054D00035FFFFF7BBFE2846FFF730FFFFF7B6FEAC
:1054E000FFF762FE601CC0B2FFF728FFFFF7AEFEB9
:1054F0000020FFF77FFF0446FFF784FE204638BDFB
:10550000F8B507460E4615461C46FFF74DFE3846D1
:10551000FFF714FFFFF79AFE3046FFF70FFFFFF784
:1055200095FE2544AC4203D1FFF76CFE0120F8BD87
:1055300014F8010BFFF702FFFFF788FEF2E7F7B55B
:105540001C46174605460E46FFF7BBFF9DF8203068
:10555000C4F108029340DBB2C7F107021341FF22F6
:10556000E41B0734013742FA04F4BA4022431040E6
:1055700018438DF807000122314628460DF1070334
:10558000FFF7BEFF012003B0F0BDF7B50D4617468B
:1055900004461E46FFF795FF012101FA07F276B196
:1055A00040EA0203DBB28DF807300122294620468B
:1055B0000DF10703FFF7A4FF012003B0F0BD20EABF
:1055C0000203EFE707B501210820FFF70DF94FF4BB
:1055D0008073ADF804304823044801A98DF80730E2
:1055E000FFF738F803B05DF804FB00BF000C014082
:1055F000034BD3F82001B0FA80F04009704700BF98
:105600000080214207B501211820FFF7EDF80A4B71
:1056100001A90A480193FFF71DF8094B094801A9A0
:105620000193FFF717F80122074BC3F8A421C3F831
:10563000902103B05DF804FB30020310000C014020
:1056400000800310001001400080214270B500244A
:1056500006460D4688B001210D20FFF7C5F801214F
:105660000220FFF7CDF81F4B69461F480093FEF755
:10567000F1FF1E4B69461E480093FEF7EBFF01A8A1
:10568000FFF70AFA01A91B48ADF80A40ADF8064039
:10569000ADF80860ADF80450FFF73CF9164B04A9CB
:1056A00014480493ADF81840ADF81640FFF77CF9A4
:1056B00004A91048FFF7BCF908210E48FFF73DFA8E
:1056C00008210C48FFF741FA01210A48FFF729FA9F
:1056D00001210848FFF7F1F9064B9C86A3F84040EA
:1056E00008B070BD02000318000C01404000031810
:1056F00000080140000400407000010008B54FF4AC
:1057000000610A48FEF7F1FF4FF480510748FEF7A9
:10571000ECFF4FF480510548FEF7E9FFBDE8084073
:105720004FF400610148FEF7E2BF00BF00080140EE
:1057300008B54FF400610748FEF7D7FF4FF48051DA
:105740000448FEF7D4FFBDE808404FF480510148FB
:10575000FEF7CBBF0008014008B54FF400610548D3
:10576000FEF7C3FFBDE808404FF400610148FEF7B3
:10577000BEBF00BF0008014038B54FF400610446C9
:105780000F48FEF7B4FF082523064FF480510C485C
:1057900012D5FEF7AAFF4FF400610948FEF7A5FFF6
:1057A000013D4FF400610648FEF7A1FF640015F0CB
:1057B000FF05E4B2E8D138BDFEF799FFEBE700BF83
:1057C0000008014010B50446FFF798FF7820FFF766
:1057D000D3FFFFF7C1FF0020FFF7CEFFFFF7BCFFAD
:1057E0002046FFF7C9FFFFF7B7FFBDE81040FFF7FE
:1057F0009FBF10B50446FFF781FF7820FFF7BCFF7D
:10580000FFF7AAFF4020FFF7B7FFFFF7A5FF2046ED
:10581000FFF7B2FFFFF7A0FFBDE81040FFF788BF1A
:10582000C0B209B1FFF7E5BFFFF7CCBF07B5012153
:105830000420FEF7D9FF314B01A931480193FEF74F
:1058400009FF4FF4C0512E48FEF74FFF4FF4487048
:10585000FFF726FBAE20FFF7B5FF0020FFF7B2FFF2
:105860001020FFF7AFFF4020FFF7ACFFB020FFF79D
:10587000A9FF8120FFF7A6FFFF20FFF7A3FFA120CC
:10588000FFF7A0FFA620FFF79DFFA820FFF79AFFD4
:105890003F20FFF797FFC820FFF794FFD320FFF7C3
:1058A00091FF0020FFF78EFFD520FFF78BFF8020B0
:1058B000FFF788FFD820FFF785FF0520FFF782FF5D
:1058C000D920FFF77FFFF120FFF77CFFDA20FFF7F9
:1058D00079FF1220FFF776FFDB20FFF773FF302000
:1058E000FFF770FF8D20FFF76DFF1420FFF76AFFB1
:1058F000AF20FFF767FF03B05DF804FB001803104B
:10590000000801400E4A936943F4006393610D4B14
:10591000988519859A89032192B242F001029A81F1
:105920009A8992B242F040029A811A8892B242F069
:1059300001021A80022319221846FEF763BD00BF38
:1059400000100240002C014010B5012186B0044631
:105950000820FEF749FF01214FF48020FEF750FF99
:10596000164B694616480093FEF774FE4FF4006329
:10597000ADF800300423694611488DF80330FEF776
:1059800069FE104B01A80193FEF774FD00234FF44C
:10599000402202A90C48CDE90332ADF8143002943C
:1059A000FFF7ACF9012240F225510748FFF704FA4E
:1059B00001210548FFF7F4F906B010BD00040318F3
:1059C000000C01402700010100480040142208B5E6
:1059D0000021034807F08AFC0022024B1A7008BD20
:1059E000880A0020870A002006490B783BB1064A46
:1059F0001078984202D1002008707047137001207F
:105A0000704700BF870A0020860A002070B50E4646
:105A10000546144607F03CFCC0B2B0424FF000030C
:105A200006DA237009E0A918314411F8011CA154C9
:105A3000DAB2A95C01330029F5D170BD024B988020
:105A40001A885206FCD570470048004010B504463D
:105A500001448C4200D110BD14F8010BFFF7EEFF9A
:105A6000F7E700007FB5FFF7BFFF002853D17C4C5C
:105A70007C49204609F0B4FA0546002800F09180E0
:105A8000A378794A2D2B794947D1637A2D2B27D1D9
:105A90006FF00905237BA07A303B6B436425C0F18E
:105AA000300005FB0033607B30381B1A6FF00905AE
:105AB00048BF0733DB1013806379E078303B6B43DA
:105AC0006425C0F1300005FB0033A07930381B1A83
:105AD00048BF073343F3CF03782B57DD782311E01A
:105AE000A3F12A0015280BD86425303B6B430A2507
:105AF000E07A303805FB0033207B30381B18D5E7BF
:105B0000002313800B80B2F90030782B44DD78231A
:105B10001380FFF75BFF04B070BDA3F12A001528C6
:105B2000EED8207A2D2821D16FF00906E07A657A27
:105B3000303870436426C5F1300506FB0500257B2F
:105B4000303D401B4FF06405A3F1300305FB03F328
:105B50004FF00A0548BF0730C01010802079303858
:105B600005FB0033607930381B18B1E7A0F12A0536
:105B7000152DC5D86426303870430A26A57A303DE5
:105B800006FB0500E57A303D4019DBE70B807833F2
:105B9000B9DA4FF68873B5E77833BADA4FF6887317
:105BA000B6E72046324909F01BFA68B101AA08217C
:105BB0002046FFF72BFF294601A808F001FC11F051
:105BC0002BF92C4B1860A4E720462B4909F008FA62
:105BD000054628B10821224801AAFFF717FF98E7D8
:105BE0002046264909F0FCF9064660B101AA0821C1
:105BF0002046FFF70BFF294601A808F0E1FB11F052
:105C00000BF91F4BDEE720461E4909F0E9F905466E
:105C100060B101AA08212046FFF7F8FE314601A82D
:105C200008F0CEFB11F0F8F8174BCBE720461749E8
:105C300009F0D6F960B101AA08212046FFF7E6FE77
:105C4000294601A808F0BCFB11F0E6F8104BB9E7B3
:105C50002046104909F0C4F90028BBD159E700BF1C
:105C6000880A002068790108820A0020840A00203E
:105C70006B79010814000020737901087B79010811
:105C800010000020837901080C0000208B790108A6
:105C9000080000209379010810B540F22551094809
:105CA000FFF7A7F868B1084C06482378132B84BF88
:105CB00000232370FFF799F82378044AD054013366
:105CC000237010BD00480040870A0020880A002089
:105CD00090F90030002B0CDC0DD190F90130002B35
:105CE0000BDC0CD190F90230002B0ADC0BD0062023
:105CF000704700207047042070470120704705203E
:105D00007047022070470720704707B503230090B3
:105D100002226B21D020FFF712FC03B05DF804FBD8
:105D200007B50223009004221B21D020FFF707FCB7
:105D300003B05DF804FB07B50223009004221C2188
:105D4000D020FFF7FCFB03B05DF804FB03460622FE
:105D50006B21D020FFF719BC034605226A21D02011
:105D6000FFF713BC034601223721D020FFF70DBCFB
:105D700008B50220FFF7C9FF0320FFF7D1FF00207D
:105D8000FFF7D9FF0020FFF7E1FF0020FFF7E4FF56
:105D9000BDE808400020FFF7E5BF00000023012216
:105DA00030B5524C89B075218DF8003068206B46B3
:105DB0002270FFF755FB4E4807F01EFB9DF80030A0
:105DC000682B09D04B494C4BCA6802F4E06213437C
:105DD000CB60BFF34F8FFEE702F0B8F8002840F029
:105DE0008180782002F052F810B9414807F004FB96
:105DF000782001F09FFE10B9404807F0FDFAC82056
:105E000002F004F810B93E4807F0F6FA02F0B6FBCB
:105E100010B93C4807F0F0FA3B48FFF759FF02463B
:105E20003A48FFF755FF01463948FFF751FF830114
:105E300043EAC100104380B202F0AAFB10B9354812
:105E400007F0DAFA40F2731002F064FE10B932483B
:105E500007F0D2FAC82002F0C7FC10B92F4807F0AB
:105E6000CBFA05A902A802F0F5F9072833D101A859
:105E700001F020FE019D029811F0D8F8294611F09A
:105E800029F911F003FB0290039811F0CFF829468D
:105E900011F020F911F0FAFA0390049811F0C6F805
:105EA000294611F017F911F0F1FA049002A802F056
:105EB0000FFC0DF1020001F01DFEBDF80220059B54
:105EC00005A853430593069B53430693079B5343EF
:105ED000079302F049FC012002F07EF910B9104846
:105EE00007F08AFA0023237009B030BD7C0A002035
:105EF0009B79010800ED00E00400FA05BB79010878
:105F0000DF790108047A0108200000202300002026
:105F100026000020357A01085A7A01087E7A0108A5
:105F2000A17A0108000000002DE9F04F6E4C89B005
:105F30000DF10B0301936D4903AB6D48009404AA66
:105F400002F0C0FE2388DB0540F1C580049811F003
:105F50006DF84FF0425111F0BDF8664B06461860DF
:105F6000059811F063F84FF0425111F0B3F8624B0D
:105F700005461860069811F059F84FF0425111F09B
:105F8000A9F85E4B04461860079811F04FF84FF0DF
:105F9000425111F09FF85A4B074618604FF04041AC
:105FA000284611F097F831468046304610F08AFFB7
:105FB00041468246384611F08DF8514681462046CA
:105FC00011F088F80146484610F07CFF10F0D4FB31
:105FD00006F086FC42A3D3E9002310F025FC10F064
:105FE0001BFF484B21461860204610F06BFF4146CE
:105FF0008346284611F06EF859468046204611F037
:1060000069F80146404610F05BFF4FF07E5110F0FA
:1060100059FF10F0B1FB804689463846594611F0C9
:1060200059F851468346284611F054F8014658461F
:1060300010F048FF10F0A0FB42464B4606F084FBF0
:1060400027A3D3E9002310F0EFFB10F0E5FE2E4B61
:1060500031461860304611F03DF829468046284602
:1060600011F038F80146404610F02CFF21468046DA
:10607000204611F02FF80146404610F021FF394626
:106080008046384611F026F80146404610F018FFC9
:1060900010F072FB804689462846214611F01AF816
:1060A00039460446304611F015F80146204610F0F6
:1060B00009FF014610F006FF10F05EFB42464B461A
:1060C00006F042FB06A3D3E9002310F0ADFB10F06D
:1060D000A3FE0E4B186009B0BDE8F08FAFF300804F
:1060E0006666666666A64C40B40A0020B60A0020C2
:1060F000BC0A00202C000020A40A0020A00A0020D6
:106100009C0A0020B00A0020AC0A0020A80A002047
:1061100010B54121D020FFF7D4F942210446D02008
:10612000FFF7CFF900EB042010F080FF4FF08E4115
:10613000044611F08BF928B120464FF08F4110F042
:10614000BFFE044620460C4911F078F810F014FB0D
:1061500007A3D3E9002310F0B1F90022074B10F098
:1061600063FB10F059FE11F091F910BDAFF3008000
:10617000A4703D0AD74342400000AA4300002440D7
:106180002DE9F84317461E46013A013B9BB292B2F5
:1061900080460C46BDF8209000F07EF9B4420BD347
:1061A000BDE8F883484600F05BF90135ADB2BD4269
:1061B000F8D30134A4B2F1E74546F8E710B5144628
:1061C0000B46024600F068F92046BDE8104000F09A
:1061D00047B900002DE9F04F87B00193BDF840307A
:1061E0009DF8446004939DF848301546059316F0D9
:1061F0000E0318BF012303EB16137343421E0293D1
:106200004B1E334402EB56029BB292B207460C4639
:106210004FF0000800F040F90C22264B203DEDB273
:1062200002FB0533C1463D464FF0060B0093029B2F
:106230001FFA88F2934202D807B0BDE8F08F0C2E07
:10624000FAD14FF0000A009B13F8012B0392009340
:10625000039B43FA0AF2059B02F0010293B97AB15B
:10626000019800F0FDF809F101035FFA83F9B9FB29
:10627000FBF20BFB129212F0FF0214D191460FE0D9
:106280000498EEE722B121462846019AFFF796FFCF
:106290000135ADB2EA1B062A05D13D460134A4B250
:1062A00008F10108C3E70AF1010ABAF1080FCFD1DA
:1062B000F6E700BFD27F01082DE9F04F04460E46F5
:1062C0001F4685B09DF83C80BDF838909DF840A0F1
:1062D000551E4FEA580B15F8012F12B905B0BDE84D
:1062E000F08F20463B463146CDE9018ACDF800903B
:1062F0005C44FFF76FFFA4B2EDE72DE9F04F0025F6
:1063000082462F464FF00A0989B09DF850800792C7
:10631000BDF848205E1E0592BDF84CB04FEA580209
:1063200004910692F4B2FF2C02D109B0BDE8F08FBF
:1063300022460123013AD2B2FF2A1ED1079AB2FBAC
:10634000F3F3B3FBF9F209FB1233DAB2CFB9AE4281
:1063500017DDABB92022CDE90187059BCDF800B050
:1063600050460499FFF736FF069B013C0AEB0300F9
:1063700001351FFA80FAE4B2D5E709FB03F3D9E748
:10638000012700233032CDE90183CDF800B0059B11
:10639000D2B2E5E707B501210520FEF725FA012174
:1063A0000820FEF721FA01211020FEF71DFA012135
:1063B0000E48FEF79FF90E4B01A90E480193FEF718
:1063C00049F90D4B01A90D480193FEF743F90C4B18
:1063D00001A90C480193FEF73DF94FF4005109481B
:1063E000FEF783F903B05DF804FB00BF0002300044
:1063F000A00003100008014001100310000C014030
:10640000006003100010014038B54FF4804104468D
:106410001148FEF76CF9082501211048FEF767F9CD
:1064200023064FF480510D4812D5FEF75EF9012185
:106430000A48013DFEF759F9640015F0FF05E4B282
:10644000EAD1BDE838404FF480410348FEF74DB92A
:10645000FEF74DF9EBE700BF00100140000C0140D2
:1064600010B50446000AFFF7CFFFE0B2BDE81040C8
:10647000FFF7CABF10B5044680210648FEF737F97A
:106480002046FFF7C1FFBDE8104080210148FEF71C
:106490002CB900BF00080140F8B5074616460D4666
:1064A0001C462A20FFF7E6FF3846FFF7D9FF3046A3
:1064B000FFF7D6FF2B20FFF7DDFF05F1180080B2B4
:1064C000FFF7CEFF04F1180080B2FFF7C9FFBDE867
:1064D000F8402C20FFF7CEBF08B5FFF75BFF202167
:1064E0007E48FEF704F96420FEF7DAFC20217B48A1
:1064F000FEF7FBF86420FEF7D3FC4FF40051784818
:10650000FEF7F3F86420FEF7CBFC1120FFF7B2FF93
:106510007820FEF7C5FCB120FFF7ACFF0520FFF7A0
:1065200073FF3C20FFF770FF3C20FFF76DFFB220A8
:10653000FFF7A0FF0520FFF767FF3C20FFF764FF90
:106540003C20FFF761FFB320FFF794FF0520FFF722
:106550005BFF3C20FFF758FF3C20FFF755FF05206D
:10656000FFF752FF3C20FFF74FFF3C20FFF74CFFA7
:10657000B420FFF77FFF0320FFF746FF2120FFF73E
:1065800079FFC020FFF776FF0E20FFF73DFF0E20BA
:10659000FFF73AFF0420FFF737FFC120FFF76AFF3C
:1065A000C520FFF731FFC220FFF764FF0D20FFF782
:1065B0002BFF0020FFF728FFC320FFF75BFF8D2094
:1065C000FFF722FF2A20FFF71FFFC420FFF752FF2B
:1065D0008D20FFF719FFEE20FFF716FFC520FFF70C
:1065E00049FF0620FFF710FF3620FFF743FF782012
:1065F000FFF70AFF3A20FFF73DFF5520FFF704FFA2
:10660000E020FFF737FF0B20FFF7FEFE1720FFF714
:10661000FBFE0A20FFF7F8FE0D20FFF7F5FE1A201B
:10662000FFF7F2FE1920FFF7EFFE1620FFF7ECFE52
:106630001D20FFF7E9FE2120FFF7E6FE2620FFF7E9
:10664000E3FE3720FFF7E0FE3C20FFF7DDFE0020F1
:10665000FFF7DAFE0920FFF7D7FE0520FFF7D4FE8B
:106660001020FFF7D1FEE120FFF704FF0C20FFF719
:10667000CBFE1920FFF7C8FE0920FFF7C5FE0D204D
:10668000FFF7C2FE1B20FFF7BFFE1920FFF7BCFE7D
:106690001520FFF7B9FE1D20FFF7B6FE2120FFF7FA
:1066A000B3FE2620FFF7B0FE3920FFF7ADFE3E20F7
:1066B000FFF7AAFE0020FFF7A7FE0920FFF7A4FEC0
:1066C0000520FFF7A1FE1020FFF79EFE7820FEF7C1
:1066D000E7FBBDE808402920FFF7CCBE00080140D9
:1066E000001001402D4B70B558430D4610F09AFC38
:1066F0000446280110F096FC0146204610F09EFD4D
:10670000054610F0E9FE84B2204610F08FFC0146E9
:10671000284610F0D5FB4FF0834110F0DBFC10F061
:10672000DBFE1F4B00EB04119A6989B242F00402B0
:106730009A61DA6942F40032DA611A4A106820F488
:106740007F401060106840F40B401060D06840F04B
:106750000800D0601A6942F400321A611A6922F402
:1067600000321A61A3F5E633198101219A8908469E
:1067700092B242F4005242F00C029A819A8992B28B
:1067800042F480729A819A8992B242F020029A81F0
:106790000223BDE870402622FDF734BE40420F00C0
:1067A0000010024000080140204B10B51A889406E2
:1067B0000ED51F499A88B1F900000B88002892B2C3
:1067C00006DB5804D2B221D50A2A02D000230B805E
:1067D00010BD184843780478303B5A436423303C5A
:1067E00003FB04228378C3F194039B1A13EB430346
:1067F000114A48BF03339B101380C3780F4A303BC4
:106800009B000E2BC8BF0E231380DFE70D2A02D199
:1068100043F48043DBE7C3F30D0001339BB2054C27
:106820001E2B22540B80D1D8D2E700BF0044004079
:10683000C20A0020C40A0020820A0020840A002024
:1068400038B50D4B0C4601460C481D6810F038FB5E
:1068500005F100450146284610F03CFC084B054672
:10686000196804F1004010F035FC0146284610F08C
:1068700029FB10F00BFE38BD14000020000020C0E2
:1068800010000020000000002DE9F041544B0746A5
:106890001B780E46012B534D73D1534B1B68A3F14C
:1068A0009602962A19D80520C3F1960393FBF0F0BF
:1068B00010F0BCFBDFF834810446414610F0C6FD01
:1068C00010B1C5F800800AE0DFF824814146204677
:1068D00010F09EFD0028F4D100E000242C60B819CF
:1068E00010F0A4FB0146286810F0EAFA0FF044FF0C
:1068F00037A3D3E900230FF097FF3E4E04463068DC
:106900000D460FF039FF34A3D3E900230FF08CFFBD
:1069100010F082FA0FF030FF02460B46204629465F
:106920000FF0CCFD10F078FA3060334E0546316838
:1069300010F0C8FA3149044610F088FD002842D111
:1069400020462F4910F064FD00B12D4C2D4B3460D2
:10695000196805F1004010F0BDFB2B4B0546196886
:10696000204610F0B7FB0146284610F0A9FA274B45
:106970001B78012B04BF0023336010F087FDBDE8B6
:10698000F081234B1B78012B12D1174B1868C828B4
:10699000A3DCC0F1C80010F049FBDFF878800446A2
:1069A000414610F053FD00288BD1DFF86C808DE755
:1069B0001A4BB3F900006FF0020390FBF3F010F0F4
:1069C00035FB28608BE70D4CC0E700BFAFF30080BC
:1069D000EC51B81E85EBC13F85EB51B81E85EB3FEE
:1069E000590A0020F00A00205C0A002000008841BB
:1069F000000088C1EC0A0020E80A002000007A4468
:106A000000007AC40C0000200800002018000020BC
:106A1000580A002000007041000070C1840A002064
:106A2000F8B5114B05461F68104BB3F90000404202
:106A300010F0FCFA044610F029FD90B10C4B1E68D2
:106A4000394604F1004010F045FB29460446304623
:106A500010F040FB0146204610F032FA10F016FD0F
:106A6000F8BD0026ECE700BF04000020820A0020E9
:106A70000000002080EAE072A2EBE072642AC8BF46
:106A8000012330B5104C92B2C8BFC4F8903181EAEE
:106A9000E173A3EBE173642BC4BF0125C4F8A451D7
:106AA0000028CCBF012400240029CCBF00210121F3
:106AB00005489BB2C0F894410448A0F84020044A1D
:106AC000C2F8BC11838630BD008021420004004022
:106AD0000000224208B5FEF78BFD01280FD1084ABD
:106AE000002113780846B3FA83F35B091370FFF7AC
:106AF000C1FFBDE808404FF4FA70FEF7D1B908BDF8
:106B000018000020000000002DE9F74F0446FFF7B1
:106B1000FFFA9F4B012C9F4FDFF87CA218601CD11D
:106B2000FFF702FA9D4CDAF80030B4F900003B6040
:106B300010F07CFA9A4B1860B4F9040010F076FA61
:106B4000984B1860984BB3F9040010F06FFA0446A4
:106B5000964B1C6003B0BDE8F08F4321D020FEF7B8
:106B6000B0FC44210446D020FEF7ABFC00EB04202F
:106B700010F05CFA45210646D020FEF7A2FC462123
:106B80000446D020FEF79DFC00EB042010F04EFAE6
:106B900047210546D020FEF794FC48210446D0202A
:106BA000FEF78FFC00EB042010F040FA3B218346F7
:106BB000D020FEF786FC3C210446D020FEF781FC65
:106BC00000EB042010F032FA3D218046D020FEF781
:106BD00078FC3E210446D020FEF773FC00EB042035
:106BE00010F024FA3F218146D020FEF76AFC4021B4
:106BF0000446D020FEF765FC00EB042010F016FAE6
:106C00004FF08E410446304610F020FC28B130464B
:106C10004FF08F4110F054F906464FF08E41284650
:106C200010F014FC28B128464FF08F4110F048F9BD
:106C300005464FF08E41584610F008FC28B15846E2
:106C40004FF08F4110F03CF983464FF08E414046A3
:106C500010F0FCFB28B140464FF08F4110F030F9A6
:106C600080464FF08E41484610F0F0FB28B1484670
:106C70004FF08F4110F024F981464FF08E412046AD
:106C800010F0E4FB28B120464FF08F4110F018F9C6
:106C90000446434A05F10043136020460FF06CFDA3
:106CA000CDE9000148460FF067FDDDE9002305F05E
:106CB0004BFD00223E4B0FF0B7FD31A3D3E900237B
:106CC0000FF0DCFE10F0A8F8814640460FF054FDAE
:106CD000DDE9002305F038FD0022354B0FF0A4FD5F
:106CE00027A3D3E900230FF0C9FE10F095F88046E2
:106CF00030460FF041FD24A3D3E900230FF0BEFE80
:106D000010F08AF8064628460FF036FD1EA3D3E998
:106D100000230FF0B3FE10F07FF8264B05461B78DA
:106D2000022B17D13146484602F090F8224B00F171
:106D30000040186005F10041404602F047F900F1BB
:106D40000040CAF80000DAF800303B60154BC3F889
:106D500000B0FDE6032BF6D13146484602F014F9A7
:106D600000F10040CAF800002946404602F0CCF984
:106D7000114B00F100401860E5E700BFAFF3008061
:106D8000F1D4C853FB2109406666666666663040EA
:106D9000700A0020680A0020AC0A0020BC0A00200B
:106DA000640A0020600A0020B60A0020540A00206D
:106DB0000080664019000020B00A00200028B8BFFB
:106DC00040427047F8B52C4D14462A880F461E469F
:106DD000002A48D184EAE47386EAE671A1EBE67101
:106DE000A3EBE4730B44132B244902DD0A8000203B
:106DF000F8BD0B8801339BB20A2B0B80F7D9012316
:106E00000A802B801E4A138801339BB2C82B30D9CD
:106E1000002313802B801B4910F018FB0028E6D0BC
:106E20003846194910F012FBF8B13846174910F0EE
:106E3000EFFAD0B102232B80154A138801339BB29D
:106E4000642B89BF0023138013802B80002CB8BFD4
:106E50006442002EB8BF76423444962CC7DD00232E
:106E600001202B80C4E7012ACCD02B88022BE3D051
:106E7000BDE71380CFE700BFE60A0020E40A002048
:106E8000E20A00200050C3460000B4C100008C415B
:106E9000E00A0020F8B51C4B07461B780D46144647
:106EA0000BB90020F8BD194E33884BBB184910F0C0
:106EB000CDFA0028F5D03846164910F0A9FA002876
:106EC000EFD055EA0403ECD101233380124A138832
:106ED00001339BB2322B89BF002313801380338090
:106EE000002DB8BF6D42033D422DDAD8002CB8BF4B
:106EF0006442033C422CD4D8002301203380D1E7E4
:106F0000012BE3D0CDE700BF18000020DE0A0020EF
:106F1000000048C10000F040DC0A00200000000032
:106F200010B50C460FF016FC0022234B0FF07CFC32
:106F30000022224B0FF078FC00221F4B0FF09EFD29
:106F40000FF06AFF0FF018FC17A3D3E900230FF02E
:106F50006BFC17A3D3E900230FF066FC0FF05CFF76
:106F6000174B186020460FF0F5FB0022124B0FF074
:106F70005BFC0022114B0FF057FC00220E4B0FF070
:106F80007DFD0FF049FF0FF0F7FB07A3D3E90023C6
:106F90000FF04AFC06A3D3E900230FF045FC0FF0E5
:106FA0003BFF084B186010BDF1D4C853FB210940CA
:106FB0009A99999999991940000059400000D03F39
:106FC000400B00203C0B002010B5174B1B781BB961
:106FD0000022164B1A6010BD012BFCD10028FAD1FB
:106FE000124A00291468B8BF4942214411604A1E60
:106FF000622A04D80E4B18700E4B1870EBE7A1F103
:107000006402632A04D80A4A10700A4A1370E2E73D
:10701000A1F1C802632A02D8054A1370ECE7B1F562
:10702000967FD5DAD7E700BF18000020D80A0020E5
:10703000590A0020580A0020AD4A2DE9F84F138A5A
:10704000DB0740F1DC80138A23F001031B041B0CD7
:107050001382A84B1878FFF757FD0220FEF75AF865
:1070600004460420FEF756F80546474214B9A24BE1
:10707000C3F8A44115B9A04BC3F890513946204636
:10708000FFF74EFFFDF7A6FF9C4A9D4913680E6867
:1070900001333044642B136008600CD190FBF3F390
:1070A000984E336000231360974A0B609042974AD2
:1070B00040F3A8801370FFF70DFDDFF854B2954B35
:1070C000DBF800001968FFF7BBFB3946064620468F
:1070D000FFF7DAFB8046904BDFF840A21868FFF715
:1070E0009FFC06EB080341F270761918B142024684
:1070F000A8BF31468A489B1A8142ACBFCAF800102B
:10710000CAF80000B342A8BF3346DFF81892DBF894
:1071100000808342ACBFC9F80030C9F80000824843
:107120003B46224641460068FFF74CFE7F4E08B1C1
:10713000012333703A4621464046FFF7ABFE08B1C3
:107140000023337040467A4910F062F958B940463E
:10715000784910F07BF930B93378012B03D0764BA6
:107160001B78012B01D101233370744B1B781BB1A9
:1071700039462046FFF728FF3378002B4CD1D9F849
:107180000010DAF800006E4EFFF774FC3378002B25
:1071900045D103216B48FEF759FC6B49DBF8000031
:1071A0000FF090FE69490FF095FF10F06FF96849F4
:1071B0000246684808F050FE05216648FEF746FC86
:1071C000544B186810F062F961490246624808F0B1
:1071D00043FE05216048FEF739FC60496048621BA8
:1071E00008F03AFE04215E48FEF730FC33780133A4
:1071F000DBB2042B08BF0023337005F059FA0020DE
:10720000BDE8F88F13780133DBB20A2B137002BF8D
:107210000122494B1A704EE700210846B3E7022BC2
:10722000E4D1504C2378072B24D8DFE803F0041175
:107230002B353F494CB903214B48FEF707FC00238F
:107240004A4A136013714A4B18680FF095FA4CE0E4
:1072500003214848FEF7FAFB0023444A13601371E8
:10726000002200234449414808F0F6FD05213F482B
:10727000FEF7ECFB23780133DBB2142B88BF00232D
:107280002370B3E703213D48FEF7E0FB0023374AB4
:10729000136013713A4BD7E703213A48FEF7D6FB48
:1072A0000023324A13601371374BCDE7032137486F
:1072B000FEF7CCFB00232D4A13601371344BC3E758
:1072C00003213448C6E703213348FEF7BFFB002300
:1072D000264A136013710B4B18680FF0A7FE0FF0CE
:1072E0004BFA00222D4B0FF0C9FB02460B46B9E7C3
:1072F000002C01401900002000802142F80A0020E3
:10730000F40A00206C0A0020DF930400FC0A00202D
:10731000680A0020640A0020600A0020780A002021
:1073200090E8FFFF740A0020540A00201800002093
:107330000000A0C20000A042FD0A0020500A002068
:10734000120B0020DA7A01080000B4420000C842A3
:10735000C47A01080C0B0020070B0020C97A010831
:10736000030B0020110B0020CE7A0108FE0A00203A
:1073700014000020D57A0108D27A0108D97A0108D0
:1073800010000020DD7A01080C000020E17A0108DD
:1073900008000020E57A0108E97A010800408F40E2
:1073A00003210948FEF752FB0023084ADAF80000DF
:1073B00013601371D9F8003018440FF037FE4FF006
:1073C0007C510FF087FE40E7ED7A0108FE0A0020AD
:1073D0002DE9F043012785B0B34CADF804700646A3
:1073E0000D46D4E900109046897C0222007801AB5A
:1073F000FDF7D8FF814628B14FF0FF38404605B071
:10740000BDE8F083C820FDF74BFDD4E900108DF8EE
:1074100004903A46C97B007801ABFDF7C3FF002812
:10742000EAD1D4E900103A464979007801ABFDF77A
:10743000B9FF0028E0D1D4E900103A46897C0078F1
:1074400001ABFDF7AFFF0028D6D1D4E900103A46D2
:10745000C97D007801ABFDF7A5FF0028CCD1D4E9A8
:1074600000103A460979007801ABFDF79BFF002830
:10747000C2D1D4E900100C238DF804303A460979C2
:10748000007801ABFDF78EFF0028B5D10F20FDF786
:1074900007FDD4E90010A36A3A465B7A89788DF833
:1074A0000430007801ABFDF77DFF0028A4D1D4E9BA
:1074B0000010A36A3A461B7A49788DF804300078A8
:1074C00001ABFDF76FFF002896D1D4E90010A36A45
:1074D000C8EBC8029B7A897943EA42138DF80430DD
:1074E0003A46007801ABFDF75DFF002884D1B8F182
:1074F000000F00F0D780A36ADB7A43F0E0038DF839
:107500000430D4E900100122C979007801ABFDF7FD
:1075100049FF00287FF470AFB8F1000F02D0C820F7
:10752000FDF7BEFCD4E9001040238DF804300122A1
:107530000979007801ABFDF735FF00287FF45CAFD7
:10754000D4E9001078238DF80430012249790078BD
:1075500001ABFDF727FF074600287FF44DAF32202F
:10756000FDF79EFCD4E900108DF8047001224979E2
:10757000007801ABFDF716FF00287FF43DAFD4E99A
:1075800000100222897A007801ABFDF769FF80467E
:1075900000287FF431AF0C23BDF8047081467FBA18
:1075A000BFB2B7FBF3F7C6E901003060C5E90100DF
:1075B000FFB228605FFA89F3BB4277D33468832235
:1075C000E11709040023200441EA14410FF0A4FF4D
:1075D0003A4600230FF0A0FF74688322E1170904E4
:1075E0000023306041EA144120040FF095FF3A4631
:1075F00000230FF091FFB4688322E11709040023F0
:10760000706041EA144120040FF086FF00233A46DF
:107610000FF082FFB0602B68D917090451EA1341BB
:107620004FEA034004D540F2FF73C01841F1000156
:10763000C00A002340EA41503A46C9120FF06CFFDD
:107640006B682860D917090451EA13414FEA0340D7
:1076500004D540F2FF73C01841F10001C00A0023B5
:1076600040EA41503A46C9120FF056FFAB686860D5
:10767000D917090451EA13414FEA034004D540F2F7
:10768000FF73C01841F10001C00A40EA41503A4678
:107690000023C9120FF040FF002839DDA0F580302B
:1076A000A860ABE618232AE730000020D4E90010D8
:1076B0000C22C97A007801ABFDF7D2FE09F101096D
:1076C00000287FF499AEBDF804002B68C0BA0344CB
:1076D000BDF806102B606B68C9BA0B44BDF80820D2
:1076E0006B60AB68D2BA1344AB60BDF80A00336874
:1076F000C0BA0344BDF80C1033607368C9BA0B44B8
:10770000BDF80E207360B368D2BA1344B36051E77A
:1077100000F58030C4E700BF13B50F4C94F8243057
:1077200083B140008DF807000122D4E900100DF16B
:107730000703C97B0078FDF735FE50B99DF8073087
:10774000637406E0A37A23B10028EBD0637C002B9E
:10775000E8D002B010BD00BF3000002013B5564C79
:10776000A37A1BB94FF0FF3002B010BD0023D4E95B
:1077700000108DF807300122C97B00780DF1070356
:10778000FDF710FE0028EDD1D4E90010012249795F
:1077900000780DF10703FDF705FE0028E2D1D4E9DA
:1077A00000100122097900780DF10703FDF7FAFDB9
:1077B0000028D7D1D4E90030197994F82430002B6F
:1077C00040D00C238DF80730012200780DF107031B
:1077D000FDF7E8FD0028C5D1D4E90010C0238DF8DD
:1077E0000730A37A0122DB0744BFE0238DF807307E
:1077F000097900780DF10703FDF7D4FD0028B1D118
:10780000D4E90010637C0122003B18BF01235B0018
:107810008DF80730C97B00780DF10703FDF7C2FD35
:1078200000289FD10DF107038DF80700D4E900105F
:10783000012249790078FDF7B5FD003818BF012015
:10784000404291E704238DF80730012200780DF1C2
:107850000703FDF7A7FD002884D1A37C4BBBA37AC7
:1078600013F0010F0CBF40236023D4E900108DF802
:1078700007300122097900780DF10703FDF792FD29
:1078800000287FF46FAFD4E90010637C0122003B35
:1078900018BF01238DF80730C97B00780DF107036D
:1078A000FDF780FD00287FF45DAFD4E90010034BA5
:1078B000BEE74023D9E700BF300000204000002091
:1078C0000B4B1B7A032B0ED8DFE803F00F02070ADD
:1078D0004FF4FA730380002070474FF47A73F9E78E
:1078E0004FF4FA63F6E70023F4E7FA23F2E700BF68
:1078F0003000002013B5184CA37A43B1B0F57A7F5D
:107900000ED008D8FA2823D0B0F5FA7F22D04FF055
:10791000FF3002B010BDB0F5FA6FF8D1182300E0C7
:107920001023227A8DF80730B2EBD30F0ED0D4E9B2
:1079300000100122897900780DF10703FDF732FD6F
:107940000028E4D19DF80730DB0823720020E0E72F
:107950000023E6E70823E4E7300000200C4A537ACE
:10796000032B12D8DFE803F00C02080A042303708B
:10797000D27C3AB9002070470823F8E71023F6E7D5
:107980000223F4E75B000370F4E74FF0FF30704729
:107990003000002013B5174CA37A33B108280CD05F
:1079A00007D8022821D0042821D04FF0FF3002B0A0
:1079B00010BD1028F9D1182300E01023627A8DF849
:1079C0000730B2EBD30F0ED0D4E900100122C979F1
:1079D00000780DF10703FDF7E5FC0028E5D19DF8DF
:1079E0000730DB0863720020E1E70023E6E70823A5
:1079F000E4E700BF300000200C4BDB7A013B052B95
:107A000010D8DFE803F0110307090B0D6223038090
:107A1000002070472A23FAE71423F8E70A23F6E741
:107A20000523F4E70023F2E7BC23F0E73000002051
:107A300013B5184CA37A1BB94FF0FF3002B010BD3C
:107A4000BB2810D8612810D8292810D8132810D89E
:107A500009288CBF05230623E27A8DF807309A4265
:107A600009D10020EAE70123F6E70223F4E7032324
:107A7000F2E70423F0E7D4E90010012289780078C6
:107A80000DF10703FDF78EFC0028D5D19DF80730D6
:107A9000E372E6E730000020054A034692F824002E
:107AA00010B9D2891A8070474FF0FF30704700BF7D
:107AB000300000200A4B1B7A032B0DD8DFE803F0BF
:107AC0000206080A074B036000207047064BFAE7DE
:107AD000064BF8E7064BF6E74FF0FF30704700BF64
:107AE0003000002000000343000083423333034290
:107AF000333383410E4A537A032B16D8DFE803F061
:107B00000F02090C41F69C730380D27C52B900200D
:107B100070474FF48053F7E74FF40063F4E74FF4F6
:107B20008043F1E75B080380F1E74FF0FF307047D7
:107B300030000020F8B5124E96F824300BB100202A
:107B4000F8BDB47AC4B100F0FE05307D2C40284366
:107B5000377C34740CD00120FFF7DEFD002DEED011
:107B6000FFF7FCFD38B9601B18BF4FF0FF30E7E7A7
:107B7000FFF7D2FDE3E737744FF0FF30E0E700BFD7
:107B8000300000202DE9F341214F064697F82430BC
:107B9000884615468BB1BB7A7BB1D7E9001002222B
:107BA000897A007801ABFDF75BFC30B9BDF8044081
:107BB00064BAA4B2A64205D928704FF0FF3002B0D3
:107BC000BDE8F08178684388B4EB530F11D9396868
:107BD0000122497C007801ABFDF742FC0028ECD182
:107BE0009DF80430DB0604D5FFF7B8FD6FF0010007
:107BF000E5E7D7E900104346C97A0078F2B2FDF70D
:107C00002FFC0028D9D1B4FBF6F4013C2C70D6E748
:107C10003000002037B5394C0546A37C83426AD03A
:107C2000636801221878236819790DF107036DB391
:107C3000FDF716FC18B14FF0FF3003B030BD9DF8D2
:107C40000730D4E9001023F020038DF8073001221B
:107C5000097900780DF10703FDF7A4FB0028EAD1AC
:107C60000320FDF71DF902238DF8073094F8223028
:107C700013B182238DF8073094F823307BB39DF83D
:107C8000073043F030038DF8073028E0FDF7E8FBBC
:107C90000028D0D1D4E90010A27A9DF80730D2078D
:107CA0004CBF43F0200303F0DF038DF807300122BF
:107CB000097900780DF10703FDF774FB0028BAD1AC
:107CC0000320FDF7EDF894F8223094F82320003BD0
:107CD00018BF0123DB018DF80730002AD1D1D4E988
:107CE00000100122097D00780DF10703FDF75AFB12
:107CF0000028A0D1A57400209FE700BF300000201D
:107D000037B5164C054694F82330834220D000281E
:107D10000CBF00233023A27C8DF807301AB143F04A
:107D200002038DF8073094F822302BB19DF807300C
:107D300063F07F038DF80730D4E900100122097D3C
:107D400000780DF10703FDF72DFB20B984F82350CF
:107D5000002003B030BD4FF0FF30FAE730000020C4
:107D6000282837B5054603D94FF0FF3003B030BDA2
:107D7000254C90B9FFF7C4FFD4E900104FF4E0633D
:107D8000ADF804300222897C007801ABFDF70AFBD4
:107D90000028E9D120750020E8E70120FFF7B0FFB7
:107DA0002023012D8DF804301ED1002305208DF8ED
:107DB0000530FFF73DFED4E900109DF805300222A2
:107DC0009B0143F007038DF80530897C007801ABF7
:107DD000FDF7E8FA0028C7D108220123A272207318
:107DE0002375FFF7A7FED6E7052D01D80123DDE7B0
:107DF000142D95BF022303230A20142094BF8DF86D
:107E000005308DF80530D4E73000002073B51E4DE5
:107E10000446AB7A1BB94FF0FF3002B070BD95F845
:107E200024000028F7D12B7D4BB1631E272B04D8EB
:107E3000E0B2FFF795FF0020EFE7FFF791FFD5E9EC
:107E40000010B4F57A7F28BF4FF47A74042C38BF41
:107E500004244FF47A76B6FBF4F4013C8DF8074025
:107E60000122497800780DF10703FDF79BFA0028FD
:107E7000D1D19DF807300133B6FBF3F0E88140081B
:107E8000FFF7D6FDD7E700BF3000002010F0700FDD
:107E90000CBFB0FA80F3012373B504BF5B099B01EB
:107EA000294D8DF807300446D5E900100122897C60
:107EB00000780DF10703FDF775FA30B100234FF09C
:107EC000FF36AB72304602B070BD9DF80730A10698
:107ED00023F040032B73C4F3801383F001034FEAB4
:107EE00083038DF807305EBFDBB243F002038DF8E9
:107EF0000730E20658BF9DF80730D5E900105CBF97
:107F000043F001038DF80730230758BF9DF8073071
:107F10004FF001025CBF43F038038DF80730C97C95
:107F200000780DF10703FDF73DFA06460028C5D19C
:107F300014F0F70F01D0FFF7E3FE00233220AC72FC
:107F40002B75FCF7ADFFBDE730000020802337B56F
:107F5000474C8DF80030D4E900106B460122897C33
:107F60000078FDF71FFA0546002861D16420FCF770
:107F700097FFD4E900108DF800506B460122897CF0
:107F80000078FDF70FFA002852D1D4E900106B46B3
:107F90000622897D0078FDF763FA002848D19DF814
:107FA00005109DF8033089005B0003F0020301F027
:107FB000040119439DF8013003F0010319433CD03B
:107FC000012952D0022930D10023E3744FF6FF7308
:107FD000E3812374FF23A3744FF0FF330122A360D6
:107FE000002324494FF4FA60C4F8163022734B6022
:107FF0008B60A38262846362FFF77CFCC0B90220BD
:10800000FFF7C8FCA0B92A20FFF712FD80B9322083
:10801000FFF7FCFE60B9FFF78DFD48B9FFF7FAFDE9
:10802000044628B9FFF732FF04E0134807F0DCFAF2
:108030004FF0FF34204603B030BDD4E900106B464A
:108040000122C9780078FDF70BFA0028F0D19DF8DD
:10805000003013F00F0303D1084805F0CDF9E7E72E
:10806000042BB1D1064805F0C7F90123ADE700BFE5
:108070003000002046000020F17A0108177B01083B
:10808000647B0108F7B50D4616461AB94FF0FF306C
:1080900003B0F0BD114CA37A002BF7D0676843BA48
:1080A000ADF80430C0B27B8908449842EEDC216808
:1080B0000222097E387801ABFDF774F90028E5D17A
:1080C000D4E900103346497D0078EAB2FDF76AF939
:1080D000003818BF01204042DAE700BF300000201E
:1080E000F7B50D4616461AB94FF0FF3003B0F0BD94
:1080F000114CA37A002BF7D0676843BAADF804306F
:10810000C0B27B8908449842EEDC21680222097ED5
:10811000387801ABFDF746F90028E5D1D4E9001025
:108120003346497D0078EAB2FDF79AF9003818BF66
:1081300001204042DAE700BF300000202DE9F04F77
:10814000244D89B095F8254081468A46164601930C
:1081500024B14FF0FF3009B0BDE8F08F0029F8D00E
:108160004C4512D376BAADF80C60D5E90010022266
:10817000897E007803ABFDF715F90028E9D10123CA
:1081800085F82530019BEB84E5E7A9EB0408B8F1FD
:10819000100FA8BF4FF010080AEB040B1FFA88F766
:1081A0005A4639462046FFF76DFF0028D1D139469F
:1081B000204604AAFFF794FF0028CAD13A46584641
:1081C00004A907F06BFE10B92744BCB2C8E76FF0F2
:1081D0000100C0E73000002037B51D4C054694F87B
:1081E000243083421ED000B394F825306BB30020B6
:1081F000FFF792FA0020FFF70DFDE08CFFF706FE77
:10820000002360688DF807300122232100780DF1EA
:108210000703FDF7C7F8012084F82400FFF77CFA74
:10822000FFF79CFA002003B030BDFFF775FA237CFE
:1082300060688DF807300122232100780DF10703D3
:10824000FDF7B0F884F82450EAE74FF0FF30EAE792
:10825000300000202DE9F04FB34D95B095F8243053
:1082600080468946009323B10020FFF7B5FF012324
:1082700000930DF11E00FFF723FB0DF11D00FFF72A
:108280006DFB0DF12200FFF7B7FB08A8FFF704FC18
:10829000AB7A002201932B7C494640460393FFF7BB
:1082A00097F800287FD101220EA90BA8FFF790F8BC
:1082B000002840F0A980686804220D2100780AABEC
:1082C000FDF7CEF80446002800F0A6800024A3465F
:1082D0000EAE11AF56F8043B59F82B00C01A002817
:1082E000B8BF40420EF0A2FE4FF05E510EF0F2FE1B
:1082F00057F8043B82460021184602930FF07EF89F
:10830000002840F0CB80029B504619460EF096FFA5
:108310004FF07E510EF0D4FD844920F000400FF064
:1083200095F818B1012303FA0BF31C430BF1010B71
:10833000BBF1030FCED16868E3B202935A460D2118
:10834000007811ABFDF78CF80446002840F0E98076
:1083500006464FF0010BBDF844309DF8462023F44B
:10836000604302F01F0223F0E003ADF844308DF8C3
:1083700046200DF12C0A11AF5AF8043B58F826009C
:10838000C01A0028B8BF40420EF050FE4FF05E51B8
:108390000EF0A0FE17F8013B8146002B00F0B480E0
:1083A000634864498AE0002249464046FFF710F8D6
:1083B00000283FF478AF00244FF6FF730126EB81CD
:1083C0002B744FF0FF33BDF81E00AB602E73FFF728
:1083D00091FA9DF81D00FFF7DDFABDF82200FFF7C6
:1083E00027FBBDF82000FFF711FD0198FFF74EFDB8
:1083F0000398FFF79FFB009B13B13046FFF7ECFE9D
:10840000204615B0BDE8F08F01220EA90BA8FEF79B
:10841000DFFF0028CFD14EE79DF828309DF82B20B4
:10842000DB10C2F3011103F01C030B438DF8243061
:108430009DF82930C2F38101DB1003F01C030B43CC
:108440008DF825309DF82A3002F00302DB1003F08E
:108450001C0313438DF826300023DFF8DCB03749C6
:108460000DF1240A11AF1AF8016BAEB93B6001346B
:10847000E4B2032C07F10407F5D127E70493029136
:108480000EF028FE0299049B013E16F0FF063860AC
:10849000F4D10AF8016CEAE75846F5E75046284956
:1084A0000EF0B6FF00287FF43DAF5046254936E771
:1084B000CDE904130EF00EFEDDE90413013B13F0C9
:1084C000FF03F5D1014607F8013C48460EF0B6FE21
:1084D0004FF07E510EF0F4FC144920F000400EF0F5
:1084E000B5FF10B10123B3401C430136032E7FF4C6
:1084F00043AFE4B2B4FA84F46409029B002B7FF426
:108500005BAF44F0020457E70F490EF081FF28B932
:1085100048460E490EF09AFF0028E6D00BFA06F303
:10852000E2E70024E9E700BF30000020295C0F3EAD
:108530000000C84154E3853F7B14AE3E1D5A843F82
:108540009A99993E3333733F000020410000D24294
:10855000704700001FB5084A01AB10685168127AD5
:1085600003C309211A704FF4976001AAFFF78AFD2F
:1085700005B05DF804FB00BF827B0108C8234FF4FF
:10858000806240F6F6300149FFF7D8BD98840108B3
:1085900010B54A4B86B01A889B78ADF808208DF844
:1085A0000A30474B00F003011A889B78ADF80C2085
:1085B0008DF80E30434B04461A889B78ADF8102096
:1085C0008DF81230404B1A889B78ADF814208DF846
:1085D000163001F118030DEB030111F8103CC0F344
:1085E000C1028DF8003002F118030DEB030212F8FE
:1085F000103C11F80C1C8DF80130C0F381131833B6
:108600006B4413F8100C12F80C2C13F80C3C8DF87A
:1086100002008DF804108DF8052003216A4640F20F
:1086200026408DF80630FFF72DFD18B14FF0FF30D2
:1086300006B010BD032140F22A4001AAFFF722FD37
:108640000028F3D1049B6107ADF800304FEA1343D3
:108650008DF80230059B4FF00301ADF804304FEA6E
:1086600013438DF8063041BF37238DF800302723A0
:108670008DF80430A20641BF57238DF801304723FF
:108680008DF80530E30542BF77238DF8023067236C
:108690006A464FF4886048BF8DF80630FFF7F2FC59
:1086A0000028C3D1032140F2314001AAFFF7EAFCC0
:1086B0000028BBD1054B1C81BAE700BF8C7B0108A9
:1086C000907B0108947B0108987B0108140B002023
:1086D000234B37B51A8902F00303C2F3C10150F8E6
:1086E0002330540750F8215048BF5B42910648BFE1
:1086F0006D42C2F38111D2051A4A50F8211085FB50
:10870000025048BF4942AD0F45EA800581FB021087
:1087100083FB02329B0F8C0F43EA820344EA8004FE
:108720001BBA04214FF4747001AA0193FFF7AAFC4D
:1087300018B14FF0FF3003B030BD2DBA04214FF413
:10874000757001AA0195FFF79DFC0028F1D124BAAC
:10875000042101AA4FF476700194FFF793FCEAE735
:10876000140B002009E3CA027FB506460DF1020092
:10877000FFF7C0F91B4BBDF802401D89E40305F06B
:10878000030356F82310C5F3C1036A0756F82320E4
:1087900048BF4942AB0648BF5242E80581FB04107E
:1087A000C5F381134FEA917156F8233041EA8001F5
:1087B00009BA48BF5B42019182FB042183FB043468
:1087C000920F42EA81029B0F12BA43EA840302929B
:1087D0001BBA0C2101AA4FF425700393FFF752FC3A
:1087E00004B070BD140B002010B50446144A86B0C6
:1087F0001068516803AB03C39068C82C186003D994
:108800004FF0FF3006B010BD00238DF80430C823B0
:10881000B3FBF4F30221013B40F2162001AA8DF8CC
:108820000530FFF72FFC0028EAD10C2140F6C120CB
:1088300003AAFFF727FC0028E2D1024B9C81E1E765
:108840009C7B0108140B002073B5044608466107A1
:1088500015D0B0F5C86F12D80EF0E4FB43490EF006
:10886000EDFC06460DF10300FFF778F89DF80330A4
:10887000082B5FD007D8022B11D0042B50D04FF01B
:10888000FF3002B070BD102BF9D14FF08A41304655
:108890000EF020FC0EF020FE354985B208E04FF0C6
:1088A0008D4130460EF016FC0EF016FE314985B2B1
:1088B00030460EF00FFC0EF00FFE80B26DBA40BADB
:1088C000E207ADF80450ADF806003DD4A30710D57B
:1088D00002214FF4EC7001AAFFF7D4FB0028CED19F
:1088E00002214FF494700DF10602FFF7CBFB002834
:1088F000C5D114F00400C4D002214FF4EE7001AAD7
:10890000FFF7C0FB0028BAD102214FF496700DF199
:108910000602FFF7B7FB003818BF01204042B0E75E
:108920004FF08C4130460EF0D5FB0EF0D5FD1249CC
:1089300085B2BDE74FF08B4130460EF0CBFB0EF019
:10894000CBFD0E4985B2B3E702214FF4EA7001AACC
:10895000FFF798FB002892D102214FF492700DF19D
:108960000602FFF78FFB0028B0D088E700004843DD
:108970000000C044000040460000C04500004045E3
:1089800010F0010318BF302307B582078DF80730B8
:1089900042BFDBB243F00C038DF80730430748BFFA
:1089A0009DF807304FF0010148BF43F003030DF17C
:1089B00007024FF4A47048BF8DF80730FFF762FB41
:1089C00003B05DF804FB042807B528BF0420012884
:1089D00038BF012001388DF8070001210DF1070291
:1089E00040F24F10FFF74EFB03B05DF804FB052388
:1089F00007B5B0FBF3F040BAADF80400022101AABC
:108A00004FF4EF70FFF73EFB03B05DF804FB052366
:108A100007B5B0FBF3F040BAADF80400022101AA9B
:108A20004FF4ED70FFF72EFB03B05DF804FB4FF43D
:108A30007A7307B590FBF3F0484300BA0190042124
:108A400001AA4FF4AE70FFF71DFB03B05DF804FB05
:108A5000052307B5B0FBF3F040BAADF804000221DE
:108A600001AA4FF4AD70FFF70DFB03B05DF804FBF6
:108A7000052307B5B0FBF3F040BAADF804000221BE
:108A800001AA4FF4AC70FFF7FDFA03B05DF804FBE8
:108A90001FB520B105B05DF804EBFFF75BBD084AD8
:108AA00001AB10685168127A03C309211A704FF4A0
:108AB000976001AAFFF7E6FA05B05DF804FB00BF76
:108AC000A97B010807B560B1074B042101AA40F654
:108AD00098200193FFF7D6FAFEF740FE03B05DF849
:108AE00004FB4FF08B33F0E7C0C2C4C607B560B1DA
:108AF000074B042101AA40F69E200193FFF7C2FA1A
:108B0000FEF72CFE03B05DF804FB4FF0A333F0E753
:108B1000202830382DE9FF41674B042101AA044683
:108B200068200193FFF7AEFAA32314F0400803BFB7
:108B300019461A461846C8211CBFC222C02014F488
:108B4000C0768DF804300CBFA323C4238DF8061023
:108B50008DF8072004BF19461A468DF808304FF0EB
:108B6000A3031CBFCC21C6228DF80B304AF2A333DD
:108B70008DF805008DF809108DF80A200A2101AA48
:108B800040F6A720ADF80C30FFF77CFA14F003078D
:108B90000CBFD8232023012140F6B62001AA8DF86E
:108BA0000430FFF76FFA14F0200075D0FFF7D2FC05
:108BB000C6B1E2055DBFB0208021B422B22045BF1E
:108BC0008B21B62290239B238DF804008DF805108D
:108BD0008DF80620042140F6A22001AA8DF8073066
:108BE000FFF750FAE3075AD5F82301AA01214FF401
:108BF0000B608DF80430FFF745FAFA210720FFF7E4
:108C000023FE0720FFF7BCFE0120FFF7DCFE6420F7
:108C1000FFF7EDFE4FF4FA70FFF7F9FEC821274881
:108C2000FFF705FF2820FFF713FF0A20FFF720FFBB
:108C300014F0020F0CBFD823D923012101AA40F25E
:108C40003D708DF80430FFF71DFA14F0040018BFD2
:108C50000120FFF737FF14F0100018BF0120184D56
:108C6000FFF744FF44F008036B81FEF777FDB8F18E
:108C7000000F0CBF00230623DEB9AB7314F0140FF2
:108C80001EBFAB7B1033AB7317B1AB7B0433AB733D
:108C9000002004B0BDE8F081FFF7FAFE88E7D82392
:108CA000012101AA4FF40B608DF80430FFF7EAF9B7
:108CB000BEE70633E1E700BF02CAE30909E3CA02DF
:108CC000140B00202DE9F04F9A46002389B0129D25
:108CD000DFF874B18046894617466946139A9BF8B7
:108CE0000E002B80FEF74EFF064648BBBBF80A007D
:108CF000694610F0140F00F0A580019B009A93FACA
:108D000083FCC7F804C04FEA2C4C0CFB0CFC12BAD5
:108D10003A60121402FB02C2029B039C1BBABB60A6
:108D20001B1403FB032324BAFC60241404FB043447
:108D300004F17144B4F1007F08D9FEF70FFD2E80D5
:108D40004FF0FF36304609B0BDE8F08F10222B8877
:108D500043F480732B80440634D502F120036B4426
:108D600013F8204C531CDBB220336B4413F8203C27
:108D700043EA0423A9F80030931CDBB220336B4490
:108D800013F8204CD31CDBB220336B4413F8203C87
:108D900043EA0423A9F80230131DDBB220336B44ED
:108DA00013F8204C531DDBB220336B4413F8203CE6
:108DB000063243EA0423A9F804302B88D2B243F0E8
:108DC00008032B8010F4C07F20D002F120036B44F5
:108DD00013F8207C13F81F4C063244EA0724A8F845
:108DE000004013F81E7C13F81D4CD2B244EA07244D
:108DF000A8F8024013F81C4C13F81B3C43EA042368
:108E0000A8F804302B8843F070032B80800715D01E
:108E10008C186378E578DA0708D5DBF800302BB1D9
:108E200005F007010131C5F3C200984763781B07BD
:108E300004D5DBF804300BB1A80998475046FFF77A
:108E400087FB7FE7324686E7140B00202DE9F04FC1
:108E5000474B85B01A6806460192464A0846D2F842
:108E600000A001990EF02CF851460EF033F9424A59
:108E7000424C11680EF026F8D4F80480A7684146E9
:108E800002903F480EF01CF839460EF019F8514692
:108E90000EF020F921680EF015F8D4F80CB0054654
:108EA00051460BF100400EF015F98146014640464F
:108EB0000EF008F84946804638460EF003F802994D
:108EC000039030460DF0FCFF4FF07C518146284660
:108ED0000DF0F8FF0646014628460EF0AFF9314680
:108EE000074603980EF0AAF93946064628460EF0C2
:108EF000F1F8014628460DF0E3FF39462060404670
:108F00000EF0E8F8014640460DF0DAFF31466060A9
:108F100028460EF0DFF8014603980DF0D1FF1949FD
:108F2000A06050460EF0D6F859460DF0CBFF314602
:108F3000054640460EF0CEF8014628460DF0C0FF2B
:108F40003946E06048460EF0C5F802990DF0BAFFC8
:108F5000094A04461060314648460EF0BBF80199B4
:108F60000DF0B0FF024B1860204605B0BDE8F08F51
:108F7000380B00207C000020340B00206C00002007
:108F80006F12833AA69B443B0C4B70B50C4E0546C2
:108F9000084619680EF09EF831680DF093FF0949F4
:108FA0000EF098F80849044628460EF093F801465A
:108FB00020460DF087FF306070BD00BF7C000020B0
:108FC000300B002048E17A3F0AD7A33C2DE9F04F4F
:108FD000474B85B01A6806460192464A0846D2F8C1
:108FE00000A001990DF06CFF51460EF073F8424A53
:108FF000424C11680DF066FFD4F80480A768414622
:1090000002903F480DF05CFF39460DF059FF514684
:109010000EF060F821680DF055FFD4F80CB005464D
:1090200051460BF100400EF055F88146014640468E
:109030000DF048FF4946804638460DF043FF02993F
:10904000039030460DF03CFF4FF07C51814628469E
:109050000DF038FF0646014628460EF0EFF831467F
:10906000074603980EF0EAF83946064628460EF001
:1090700031F8014628460DF023FF3946206040466E
:109080000EF028F8014640460DF01AFF31466060A8
:1090900028460EF01FF8014603980DF011FF1949FC
:1090A000A06050460EF016F859460DF00BFF314601
:1090B000054640460EF00EF8014628460DF000FF2A
:1090C0003946E06048460EF005F802990DF0FAFEC8
:1090D000094A04461060314648460DF0FBFF0199ED
:1090E0000DF0F0FE024B1860204605B0BDE8F08F91
:1090F0002C0B00207C000020280B00205C000020AE
:109100006F12833AA69B443B0C4B70B50C4E054640
:10911000084619680DF0DEFF31680DF0D3FE0949ED
:109120000DF0D8FF0849044628460DF0D3FF01464C
:1091300020460DF0C7FE306070BD00BF7C000020EF
:10914000240B002048E17A3F0AD7A33C2DE9FF41D8
:10915000CC4B00211B78012B40F090824FF6FF731F
:109160000C22CDE900324FF47843C74A02910846F9
:10917000FDF7A2F8C54B1B78012B40F09A820C2317
:109180000021CDE901314FF6FF7300934FF478438E
:10919000BF4AC04C3720FDF78FF82378002B40F0F2
:1091A0009A820C230021CDE901314FF6FF7378201C
:1091B0000093B94A4FF47843FDF77EF80C2400255C
:1091C0004FF6FF76B54F214628464FF47843CDE958
:1091D0000145B34A0096FDF76FF8002138680EF09C
:1091E00017F948B14FF4FC6321462820CDE9014529
:1091F000AC4A0096FDF760F8002138680EF01CF9C3
:1092000060B100230C21CDE901134FF6FF73282034
:109210000093A54A4FF4FC63FDF74EF838680EF052
:1092200035F90C24FDF7CAFD4FF6FF754FF4FC66C7
:109230004FF0000882B2032321462E20CDE90154CD
:109240000096FDF75AF83346984A21464220CDE968
:1092500001480095FDF730F8954938680DF03AFF60
:109260000EF014F9FDF7AAFD0A2390FBF3F202FBBE
:109270001302214601234A2092B2CDE901548D4FB9
:109280000096FDF73AF821465A204FF47843CDE98D
:109290000148894A0095FDF70FF8002138680EF063
:1092A000B7F840B1334621467320CDE901487D4AE5
:1092B0000095FDF701F8002138680EF0BDF860B1A7
:1092C00000230C21CDE901134FF6FF7373200093A7
:1092D000754A4FF4FC63FCF7EFFF38680EF0D6F8E0
:1092E0000C24FDF76BFD4FF6FF754FF4FC6700266D
:1092F00082B2042321467D20CDE901540097FCF77A
:10930000FCFF4FF47843182130466C4ACDE9014602
:109310000095FCF7D1FF0A22694B1A201988032314
:10932000B1FBF2F2CDE9015418210097FCF7E5FFFB
:109330004FF4784318213420624ACDE90146009564
:10934000FCF7BAFF4FF4784318214B205E4ACDE971
:1093500001460095FCF7B0FF4FF4784318218720B1
:109360005A4ACDE901460095FCF7A6FFCDE9015424
:10937000574A00970423182166201288DFF8548189
:10938000FCF7BBFF4FF4784324213046CDE901467A
:10939000514A0095FCF790FFD8F80030B342C0F274
:1093A000AC810C2500234FF6FF7424213E4A252072
:1093B000CDE9015300944FF4FC63FCF77DFFD8F82E
:1093C0000000FDF7FBFC4FF4FC6382B20093242104
:1093D00004232F20CDE90145FCF78FFF3F4C0021EE
:1093E00020680EF015F870B10C234FF0000CCDE999
:1093F000013C4FF6FF732421009350204FF4FC638F
:10940000284AFCF759FF002120680EF015F868B1D2
:109410000C230027CDE901374FF6FF732421009379
:1094200050204FF4FC63204AFCF746FF20680EF002
:109430002DF8FDF7C3FC4FF6FF740C254FF4FC68C4
:10944000002782B2032324215720CDE90145CDF81E
:109450000080FCF752FF224E4FF4784324216F2006
:10946000204ACDE901570094FCF726FF4FF47843DA
:1094700030213846CDE901571B4A0094FCF71CFF08
:10948000336833E019000020B37B0108590A00203B
:10949000C27B010818000020F67B0108680A002042
:1094A0000F7C0108E07B0108E27B01084779010895
:1094B00000002041640A0020167C01081B7C010882
:1094C0005C0A0020207C0108237C0108287C01081C
:1094D0006C0A0020780A00202B7C0108400B002039
:1094E000740A0020EF7B0108327C0108BB42C0F205
:1094F00020810C2500234FF6FF743021AA4A252035
:10950000CDE9015300944FF4FC63FCF7D5FE3068BD
:10951000FDF754FC4FF4FC6382B200933021042326
:109520002F20CDE90145FCF7E8FEA04C0021206882
:109530000DF06EFF68B10C230026CDE901364FF621
:10954000FF733021009350204FF4FC63984AFCF7DE
:10955000B3FE002120680DF06FFF68B10C230025D9
:10956000CDE901354FF6FF733021009350204FF4C1
:10957000FC638D4AFCF7A0FE20680DF087FFFDF725
:109580001DFC4FF6FF740C254FF4FC63002682B2DD
:10959000302157200093CDE901450323FCF7ADFEB0
:1095A000844F4FF4784330216F20834ACDE9015630
:1095B0000094FCF781FE4FF478433C213046CDE91E
:1095C00001567E4A0094FCF777FEB7F90030B342AB
:1095D000C0F2CA800C230020CDE901304FF6FF73A2
:1095E0003C21009319204FF478436F4AFCF764FE46
:1095F000B7F90000FDF7E2FB4FF6FF750C264FF4BC
:10960000FC63002782B23C2123200093CDE9015660
:1096100003236B4CFCF771FE4FF478433C21502040
:10962000CDE90167674A0095FCF746FEB4F90030C2
:10963000BB42C0F2A9800C230021CDE901314FF6D5
:10964000FF733C21009369204FF47843564AFCF79E
:1096500033FEB4F90000FDF7B1FB4FF6FF730C22A7
:10966000CDE901324FF4FC6382B200933C21032325
:109670007320FCF742FE04B0BDE8F081022B0AD152
:109680004FF6FF734FF00C084F4ACDE900380291B6
:109690004FF478436BE5032B7FF46CAD4FF6FF730B
:1096A0004FF00C0E494ACDE9003E02914FF4784349
:1096B0005DE5474B00211B78012B4FF00C03CDE9F2
:1096C00001314FF6FF7308BF424A009318BF424A68
:1096D0004FF478435DE50C230021CDE901314FF6CD
:1096E000FF73782000933D4A4FF47843FCF7E4FD84
:1096F0002378002B7FF462AD53E53B4624212C4AAE
:109700002520CDE901460095FCF7D6FDD8F80000EC
:10971000FDF754FB042382B224212F20CDE901540C
:109720000097FCF7EAFDD8F80030002BFFF656AEA4
:1097300037E6434630211E4A2520CDE901570094E3
:10974000FCF7BAFD3068FDF739FB042382B2302103
:109750002F20CDE90145CDF80080FCF7CEFD336820
:10976000002BFFF6E2AEC4E64FF478433C2119200B
:10977000CDE901560E4A0094FCF79EFDB7F9003082
:10978000002BFFF635AF25E74FF478433C216920E5
:10979000CDE90167064A0095FCF78EFDB4F900306B
:1097A000002BFFF656AF46E7E27B01083C0B00209A
:1097B000E07B0108840A0020EF7B0108FE7B0108A2
:1097C000820A0020037C0108B77B0108BE7B0108E8
:1097D000580A0020C97B0108087C0108FA7B0108AF
:1097E00070B50646B02500212846FCF719F800217F
:1097F0000846FCF715F800211020FCF711F880242A
:1098000001213046013CFCF70BF814F0FF04F7D1BE
:109810000135B82DE7D170BD02F084BA02F0C4BAA8
:1098200002F0ECBA00F0D0BD4A088A2102F046BD31
:10983000152906D8044BCB40DB0702D50174002064
:1098400070476FF0070070470B00300010B50A46F4
:109850000C46092102F066FD18B9237803F00103D4
:10986000237010BD01F097BE01F074BD01F079BE08
:109870000023F7B50C46174601210DF107020646F5
:109880008DF8073002F04EFD0546D8B9012F9DF83E
:10989000073026D1042C3AD8DFE804F003171A1D4C
:1098A000200043F010049C420CD022460121304697
:1098B00002F004FD054628B93046716986F830414A
:1098C000FFF7D0FF284603B0F0BD43F02804EAE7D5
:1098D00043F00404E7E743F04004E4E743F0800486
:1098E000E1E7042C13D8DFE804F00306090C0F00AD
:1098F00003F0EF04D7E703F0D704D4E703F0FB0449
:10990000D1E703F0BF04CEE703F07F04CBE76FF0AD
:109910000305D7E7002313B50C460DF1070201211B
:109920008DF8073002F0FEFC78B99DF80730C3F3DC
:1099300000122270C3F3C002A270C3F380026270EF
:10994000C3F38012DB09E270237102B010BD37B59A
:109950000D460DF10202F821044602F0EEFC70B94A
:109960000421204601AA02F0F3FC40B9BDF8022010
:109970001AB1019BB3FBF2F32B602B68A36103B018
:1099800030BD037F00200B70704738B50446007F60
:109990000D4608B925620DE0B4F852312046B3F502
:1099A0007A7F0CBFC1F3CF020022202102F091FC8C
:1099B0000028EFD038BD37B50D460DF10602202145
:1099C000044602F0BAFC28B9BDF8063023B9236A70
:1099D0002B60207703B030BDDB002B6023620123B6
:1099E0002377F7E701F079B80529F8B504460E4664
:1099F000154635D862B100EB81035A6B0121002373
:109A0000701E042807D8DFE800F00E171A1D240086
:109A100011460123F4E784F828103444E5B984F8AA
:109A20002850002007E044212046C2F34F2202F0D4
:109A300050FC0028F1D0F8BD84F82A10EDE784F836
:109A40002B10EAE7FE225B006021204602F04CFC6E
:109A5000EFE7EF221B01F7E7012384F82830E0E766
:109A60006FF00300E7E705298DBF0023401890F849
:109A700028306FF0030098BF00201370704770B556
:109A8000431893F8283004460E46154623B900EBD8
:109A900081067263002013E005291AD8DFE801F07F
:109AA000030811131515426304EB86046563F1E79F
:109AB0004421C2F34F22204602F00BFC0028F3D0D1
:109AC00070BDC263F0E70264EEE76421C2F34F2287
:109AD000F1E76FF00300F3E737B5044615460529B3
:109AE0002AD8DFE801F0030614161818436B2B6020
:109AF0001FE044210DF1060202F01FFCD0B9BDF8B1
:109B0000062053028AB12B60A36301230FE0C36BCD
:109B1000EDE7036CEBE764210DF1060202F00DFCAA
:109B200040B9BDF806305B02E1E7A26B2A6084F819
:109B30002930002003B030BD6FF00300FAE737B5DD
:109B40000D460DF107020121044602F0EBFB38B986
:109B50009DF8073084F83031DB092B7084F84C30E5
:109B600003B030BD2DE9F843037C0C4601F8083BF7
:109B70000546FFF7ECFE70BB207304F11001284688
:109B8000FFF719FF38BB284604F1140100F038FC38
:109B900008BB064604F1240705F1270904F117085C
:109BA0003A462846B1B2FFF797FFA0B919F8013F2E
:109BB0000136062E08F8013F07F10407F0D12846C8
:109BC00004F13C01FFF7BBFF28B92846211DBDE881
:109BD000F84301F048BDBDE8F8830000F0B5FE226F
:109BE0000123892193B0054602F07EFB024618B995
:109BF0008821284602F062FB4FF47A72A5F85221C0
:109C00004FF4C8720023A5F854214C4A2846C5F8E1
:109C100058214B4A85F8F030C5F8D4202B6202A9B0
:109C2000FFF7A0FF044670B9ADF8080005F1100772
:109C300002AE0FCE0FC70FCE0FC70FCE0FC796E8DD
:109C40000F0087E80F003F4B0126C5F834314FF471
:109C5000FA73A5F838314FF420633246A5F83C3149
:109C60008021284685F8506102F028FB32460746DD
:109C7000FF21284602F022FB002207431146284616
:109C800002F01CFB3C4364B2912104430DF1070236
:109C9000284602F047FB9DF8073064B285F83A3158
:109CA000324600210443284602F008FB64B2002239
:109CB000FF210443284602F001FB64B20443002262
:109CC0008021284602F0FAFA64B22043002440B210
:109CD00088BBA1B2012228460134FFF785FE062C7D
:109CE000F6D140BB04460246688504212846FFF7AA
:109CF0007BFE00BB024605212846FFF775FED0B962
:109D00004FF490134FF48042012128466B63FFF714
:109D1000B6FE80B94FF40C13FF22C5E90F300121C4
:109D2000284685F8302102F0C9FA012385F832313E
:109D300008B985F8154113B0F0BD00BF856B01006F
:109D4000A470090064008403012300F086BD2DE99E
:109D5000F0428EB00C460C23142104AA054602F0F2
:109D60009CFA8446002861D1BDF81620BDF8183051
:109D7000A075BDF8121052BA5BBA20606060BDF8E1
:109D80001A60B5F8520192B29BB249BA5B02520214
:109D90002361A18276BAE260B0F57A7F8BB295F842
:109DA00031719DF81010B6B20AD070434FF47A7634
:109DB00000F5FA70B0FBF6F02E7F002E3AD186B295
:109DC000002F41D0B001C0B2B608E0750DF10F0010
:109DD0002681CDE90040284601F09CFE844628BB40
:109DE0009DF80FE005F1500684F818E007AF0FCE9C
:109DF0000FC796E80700E37D87E80700D4E9030171
:109E0000A28AD4F808906468CDE90A01CDE908492E
:109E1000503507ACADF830208DF833308DF834E094
:109E20000FCC0FC597E8070086E8070060460EB024
:109E3000BDE8F0822E8C5E43B2EB262F4FEA262C33
:109E400004D157B948F6E0260020BEE780B250435F
:109E5000A2EB0C06B0FBF6F0B1E742F2B826B1E790
:109E6000F7B517460E210DF106021D46064602F013
:109E700064FA0A4CBDF8063004EA43433B6050B92B
:109E80000C2130460DF1060202F057FABDF80630FB
:109E900004EA43442C6003B0F0BD00BF0000FE1F85
:109EA00073B590F8DA300646013B022B0C4634D8E5
:109EB00001AB6A460121FFF7D3FF009B0546B3F5CE
:109EC0007F0F03D8019BB3F57F0F23D915BB34B1A6
:109ED0003046134902B0BDE8704001F029BC0422AD
:109EE000FF21304602F0EAF92A4604467021304646
:109EF00002F0E4F92A46FF210443304602F0DEF97D
:109F000064B22A4604438021304602F0D7F964B295
:109F1000044365B2284602B070BD0025FAE700BFD1
:109F20008000002037B5044601228021057C02F024
:109F3000C5F90122FF21204602F0C0F90022204687
:109F4000114602F0BBF9912194F83A21204602F023
:109F5000B5F901220021204602F0B0F90022FF21CC
:109F6000204602F0ABF900228021204602F0A6F93B
:109F7000012D23D0032D31D0BDBB0122294620461F
:109F800002F09CF901238DF80730A8B905469DF829
:109F900007300135DB070AD548B9B5F5FA6F27D088
:109FA00001460DF10702204602F0BCF9EFE7B5F5D6
:109FB000FA6F08BF6FF0060003B030BD18B929462C
:109FC0002046FFF76DFF02220021204602F076F9BD
:109FD0000028F1D1042384F83231EDE718B90121CA
:109FE0002046FFF75DFF0422EEE76FF00700E3E78E
:109FF0006FF00600E0E738B5057C044625B1204641
:10A0000000F07DFD28B138BDFFF78CFF0028F6D0A9
:10A01000F9E7002DF7D1032384F83231F3E773B564
:10A020000646002501220B21304602F047F90022A6
:10A0300004460B21304602F041F9132104430DF18F
:10A040000702304602F06EF99DF8073064B204430F
:10A0500001355B0760B2EDB205D0032D08D00028B2
:10A06000E0D002B070BD032D08BF6FF00B00F8E721
:10A070006FF00B00F5E738B50023037404460D4676
:10A08000FFF7B9FF50B929462046FFF760FE28B90F
:10A0900001462046BDE83840FFF7C1BF38BD15294D
:10A0A00070B5054616461C4667D10122FF2102F015
:10A0B00005F9002204461146284602F0FFF8002266
:10A0C000FF210443284602F0F9F864B201228021FE
:10A0D0000443284602F0F2F864B2022285210443C8
:10A0E000284602F0EBF864B20422FF21044328461C
:10A0F00002F0E4F864B20022CD210443284602F0C5
:10A10000DDF864B21122CC210443284602F0D6F8CF
:10A1100064B20722FF210443284602F0CFF864B25C
:10A120000022BE210443284602F0C8F864B2062289
:10A13000FF210443284602F0C1F864B20922CC2171
:10A140000443284602F0BAF864B20022FF21044317
:10A15000284602F0B3F864B20122FF2104432846E6
:10A1600002F0ACF8002264B204431146284602F023
:10A17000A5F864B2204340B270BD042A17D80A2162
:10A1800002F09CF80028F7D1231E18BF0123EF220C
:10A19000842128461B0102F0A7F80028ECD185F89D
:10A1A000DA6001462846BDE87040FFF738BF6FF01F
:10A1B0000A00E1E770B594B005464022002104A8EA
:10A1C00003F094F8002301212846ADF806308DF8FD
:10A1D00003308DF80430029300F0E3FC95F814216D
:10A1E000012A06D895F8131140F0AD80202940F2DD
:10A1F000AC80284601AA02A900F04AFB04460028C8
:10A2000040F09E8095F85031002B40F0A280D5F8A8
:10A210004C11284601F08CFA0446002840F090804A
:10A220000346014604222846FFF739FF044600286A
:10A2300040F086800122FF21284602F03FF8842169
:10A2400006460DF10602284602F077F8224606433C
:10A25000FF21284602F032F876B2064374B2002C91
:10A260006ED1BDF8063028461B01C5F8D43004A9CC
:10A27000FFF778FC0446002862D128460DF103015F
:10A28000FFF7E4FA044600285AD19DF8033005F19F
:10A29000100604AC85F831310FCC0FC60FCC0FC6B9
:10A2A0000FCC0FC694E80F0086E80F000121284666
:10A2B0000DF1030202F036F80446002840D19DF863
:10A2C00003300246014685F830312846FFF7D0FAC0
:10A2D0000446A8BB024602212846FFF7C9FA0446F5
:10A2E00070BB0323014685F8323128460DF1050283
:10A2F00001F037F9044618BB9DF8053001212846C6
:10A3000085F8E8300DF1050201F02BF90446B8B9E3
:10A310009DF805300321284685F8E03003AA00F0B7
:10A3200015FF044660B9039B04212846C5F8E430B4
:10A3300003AA00F00BFF044610B9039BC5F8DC30FC
:10A34000204614B070BD0C2951E7284600F02CF9C6
:10A3500054E701495DE700BF3602002013B50C4603
:10A360000DF10702132101F0DDFF9DF8073013F016
:10A37000180F18BF6FF0050003F00702226002B04B
:10A3800010BD13B590F8DA300C46042B0BD101A99F
:10A39000FFF7E4FF019B042B01D1012300E0002320
:10A3A000237002B010BD142101AA01F0BBFF0028E8
:10A3B000F7D19DF80430DB07EFD42070F1E700F00F
:10A3C000F3B800F065BA00000B4B99420ADC11F5B6
:10A3D000FA2F0FDB002906DAFA2391FBF3F101F5DE
:10A3E000805103E01946FA23B1FBF3F18AB2282128
:10A3F00001F06FBF0149EFE718CC07000030F8FF0C
:10A4000013B50C460DF10602282101F096FF60B944
:10A41000BDF80620C2F30B0312F4006F4FF0FA02EE
:10A4200018BFA3F580535343236002B010BDF0B5AD
:10A430004FEAD20C4FF0FF34664600271C6002F052
:10A4400007028E4200D207B1F0BD66450CBF15462B
:10A450003D46845D04BF1441E4B214F0010704D00A
:10A4600005EBC6051D600136EBE70135082D4FEA07
:10A470005404F2D1F7E70000034B800953F82000A1
:10A48000003818BF012070472C030020B1EBD20F19
:10A4900002F0070310B54FEAD20483BF01229A40AD
:10A4A000035D6FF0310082BF13430355002010BDE0
:10A4B0000A460623B02101F0DFBE0A460623B0217A
:10A4C00001F0EBBE2DE9F04F0546894692461C4649
:10A4D0004FF0000885B0109E129F0196119B984581
:10A4E00015D1214628463E60FFF7E2FFE8B928462D
:10A4F00002A9FFF7E2FF0E9A02ABA218944214D011
:10A5000014F8015B13F8011B8D42F7D00BE03246C3
:10A5100050460E9901ABFFF78AFFDDF804B0BBF19E
:10A52000FF3F05D13E606FF0310005B0BDE8F08F10
:10A530000F9B0BEB0300FFF79FFF4845F2D15A46F4
:10A540002046FFF7A3FF0BF1010608F10108C5E75C
:10A5500070B5C0220E4688B00121044690F83051F3
:10A5600001F0ACFEF0B9204601A9FFF784FDC8B99F
:10A570000122FF21204601F0A1FE98B93246B62102
:10A58000204601F0DAFE68B90246FF21204601F0BC
:10A5900095FE38B92A460121204601F08FFE08B900
:10A5A00084F8305108B070BDF0B50F461646FF2153
:10A5B000012289B0044601F081FE0246A8B94F216C
:10A5C000204601F07BFE80B92C224E21204601F06E
:10A5D00075FE024648B9FF21204601F06FFE20B902
:10A5E000B422B621204601F069FE0025C4F82451AA
:10A5F000A4F82851DEB9354607ABB422CDE9037380
:10A6000006233146CDE900322046029504F59273C7
:10A6100004F59572FFF756FF30B9012384F81371E2
:10A6200084F8153184F8146109B0F0BD013505F1E5
:10A63000B400FFF721FF0028DED12C2DF6D1DBE797
:10A6400010B541F001020021044601F037FE78B94F
:10A65000204600F054FA58B901462046FFF7DFFCC7
:10A6600030B9024601462046BDE8104001F026BE42
:10A6700010BD2DE9F74F4FF0000B88461746FF211C
:10A68000012205461E469DF838A09DF83C908DF8A5
:10A6900007B001F013FE5A4604465946284601F019
:10A6A0000DFE5A460443FF21284601F007FE64B21E
:10A6B000044364B2B8F1000F32D0BAF1000F06D0F3
:10A6C000CB2128460C9A01F02DFE204344B2B9F16B
:10A6D000000F07D0EE2128460DF1070201F022FEFF
:10A6E000204344B20122FF21284601F0E7FD012268
:10A6F00000210443284601F0E1FD64B20022FF215D
:10A700000443284601F0DAFD64B29DF807300D9A43
:10A71000204323F0100340B2137003B0BDE8F08F64
:10A72000BAF1000F06D03A46CB21284601F0C6FD0B
:10A73000204344B2B9F1000FD4D033468022EE2139
:10A74000284601F0D1FDCBE72DE9F0471546002260
:10A7500086B006460F4699468DF817201BB390F831
:10A76000308101223046114601F0A8FD04468246A0
:10A77000F0B940213046FFF763FF0446A8B9012D28
:10A7800019D10DF117030246CDE90250CDE900734E
:10A79000294603463046FFF76CFF68B10446204661
:10A7A00006B0BDE8F0879846DBE787F800A0F6E73B
:10A7B00000233B70F3E73870B9F1000FEFD0424649
:10A7C0000121304601F07AFD04460028E7D186F8E1
:10A7D0003081E4E72DE9F04707460D4616469946D5
:10A7E00086B01BB390F8308102220121384601F077
:10A7F00065FD04468246F0B901463846FFF720FF62
:10A800000446A8B9012E19D10DF117030246CDE96E
:10A81000020600933146034601953846FFF729FFAB
:10A8200068B10446204606B0BDE8F0879846DBE7ED
:10A8300085F800A0F6E700232B70F3E72870B9F144
:10A84000000FEFD042460121384601F037FD0446A3
:10A850000028E7D187F83081E4E7F8B51D461646B1
:10A8600000232A46044690F83071FFF76DFF70B957
:10A8700003462A4631462046FFF7ACFF38B93A4630
:10A880000121204601F01AFD08B984F83071F8BDA5
:10A8900000232DE9F04F93B0CDE90A12C0F824311E
:10A8A0000122FF21A0F828310546CDE90E33B0F88A
:10A8B0003C718DF834308DF8353001F0FFFC0446E2
:10A8C000002840F0E78002464F21284601F0F6FCC0
:10A8D0000446002840F0DE802C224E21284601F05C
:10A8E000EDFC0446002840F0D5800246FF212846B2
:10A8F00001F0E4FC0446002840F0CC80B422B621EC
:10A90000284601F0DBFC0446002840F0C3800246E4
:10A910008021284601F0D2FC0446002840F0BA808D
:10A9200003460DF1350228460DA9FFF796FF0446B0
:10A93000002840F0AF8005F5957308930323B421F8
:10A94000CDE90203062305F592790DF13808CDE92A
:10A950000031CDF8108001464B46284605F595722A
:10A96000FFF7B0FD0446002840F0948028460DF122
:10A9700036010E9EFFF7ECFD0446002840F08A8069
:10A98000BDF83630BB424CD9C5F82401A5F82801E2
:10A9900006F1B400FFF770FD08B92B2E3FD906234E
:10A9A000B4224FF0030ACDE9003201214B4628467C
:10A9B000CDE9026A089ACDF81080FFF783FD60BBED
:10A9C00028460DF136010E9EFFF7C2FD28BBBDF8EB
:10A9D0003630BB427AD84FF0010B9F4279D9DB1B4E
:10A9E00083EAE372A2EBE3720323069305F5927305
:10A9F0005FFA8BF809920793079B324618689B8889
:10AA00001090ADF8443006210FAB0898FFF70FFD0A
:10AA10000F9E731C08D16FF0310004463AE00136F6
:10AA2000B6E74FF0000BD8E706F1B400FFF724FDBE
:10AA3000584537D1069B3246484603F1010AFFF7D5
:10AA400025FD0028E7D1494628460136FFF730FDAD
:10AA50000028E2D128460DF13601FFF779FD0028E4
:10AA6000DBD1BDF83610CA1B002AB8BF5242B9422A
:10AA700014D9099B934217D210A92846FFF718FD55
:10AA80000346BDF8442010980799C5F824018A8030
:10AA900043B11C46204613B0BDE8F08FCDF818A096
:10AAA0000992A9E7DDF818A00A9BC3F800A00B9B48
:10AAB00083F80080012385F815310A9B1B6885F80F
:10AAC00013310B9B1B7885F81431E3E74FF0010835
:10AAD000EAE74FF00008C246E6E710B5012486B069
:10AAE00013460DF1170201920DF116020092CDE905
:10AAF00002440A460021FFF7BCFD06B010BD00234A
:10AB000037B504464FF4FA658DF8073020460DF14D
:10AB10000701FFF736FC58B99DF80730012B07D025
:10AB2000013D03D0204601F01EFCEFE76FF0060068
:10AB300003B030BD02464FF08043934202D800205C
:10AB400013B970479B08F8E7C11891424FEA5000CB
:10AB50009CBFC018521A9B08F2E773B500228321EC
:10AB6000054601F0ABFB044690B906468321284612
:10AB70000DF1070201F0D6FB9DF8073004460343B0
:10AB8000DBB22BB90136B6F5FA6FEFD16FF00604E0
:10AB900001228321284601F091FB204340B202B0FC
:10ABA00070BD2DE9F04F002690F8F07091B0072F9E
:10ABB00005468846CDE9076600F0838201228021A0
:10ABC00001F07CFB01220446FF21284601F076FBC0
:10ABD000324631460443284601F070FB64B2062237
:10ABE000FF210443284601F069FB64B2832104433A
:10ABF0000DF11502284601F095FB9DF8152064B271
:10AC00008321044342F00402284601F057FB64B25A
:10AC10000722FF210443284601F050FB64B20122C1
:10AC200081210443284601F049FB64B204432846CD
:10AC300001F099FB64B2044301228021284601F00F
:10AC40003DFB64B2044318F0010B64B200F03D8296
:10AC5000FA0700F13D826B229421284601F02EFB79
:10AC600006462846FFF779FF9021064306AA2846A4
:10AC700001F06EFB344364B224229421044328463D
:10AC8000069E01F01BFB64B204432846FFF765FFF4
:10AC900064B29021044306AA284601F059FB069BA2
:10ACA00064B21BBA2522942104432846099301F07B
:10ACB00005FB64B204432846FFF74FFF64B2044328
:10ACC00006AA9021284601F043FB069B64B21A0EA7
:10ACD00004431B0CC6F3062A64B2C6F3C0368DF8D3
:10ACE00028208DF8293018F00203029300F0DB8051
:10ACF00017F0020940F0D78002229421284601F083
:10AD0000DDFA01902846FFF728FF019B90210343BD
:10AD10000DF1160228461C4301F004FB64B27B22AD
:10AD200094210443284601F0C9FA64B2044328463A
:10AD3000FFF713FF64B2902104430DF11702284678
:10AD400001F0F0FA64B2772294210443284601F01E
:10AD5000B5FA64B204432846FFF7FFFE64B29021BF
:10AD6000044306AA284601F0F3FA069B64B25A0E81
:10AD70008DF82C20C3F386428DF82D20C3F3C62214
:10AD80008DF82E20C3F30612DB0003F07803942124
:10AD900004438DF82F20284678228DF8153001F0D5
:10ADA0008DFA64B204432846FFF7D7FE64B29021BF
:10ADB000044306AA284601F0CBFA069B9DF815200D
:10ADC00064B202EB53728DF83020C3F386528DF8D3
:10ADD0003120C3F3C6328DF83220C3F306228DF83A
:10ADE0003320C3F346029B0103F040039421044344
:10ADF0008DF83420284679228DF8153001F05EFA5E
:10AE000064B204432846FFF7A8FE64B290210443CD
:10AE100006AA284601F09CFA069B9DF8152064B20C
:10AE200002EB93628DF83520C3F3C6428DF83620CD
:10AE3000C3F306328DF83720C3F346129B0003F0AC
:10AE40007C03942104438DF8382028467A228DF81B
:10AE5000153001F033FA64B204432846FFF77DFE53
:10AE600064B2044306AA9021284601F071FA069BB9
:10AE70009DF8152064B202EB93728DF83920C3F36C
:10AE8000C6528DF83A20C3F3064204438DF83B20A6
:10AE9000C3F34622C3F3860364B28DF83C208DF8D9
:10AEA0003D308DF83E9018F00403019300F01281BC
:10AEB0007B0700F10F817B229421284601F0FEF9E7
:10AEC00081462846FFF749FE902149EA000907AA72
:10AED000284601F03DFA44EA09094FFA89F97C2233
:10AEE000942149EA0004284601F0E8F964B20443D9
:10AEF0002846FFF732FE64B29021044308AA284690
:10AF000001F026FA64B2732294210443284601F02A
:10AF1000D5F964B204432846FFF71FFE64B29021BE
:10AF2000044306AA284601F013FA069B64B21B02EA
:10AF300074229421044328461FFA83F901F0BEF9D4
:10AF400064B204432846FFF708FE64B2902104432C
:10AF500006AA284601F0FCF964B29DF81B30752260
:10AF600094210443284643EA090901F0A7F964B291
:10AF700004432846FFF7F1FD64B29021044306AA7A
:10AF8000284601F0E5F9069B64B21B029BB27622CB
:10AF9000942104432846039301F090F964B20443DA
:10AFA0002846FFF7DAFD64B2044306AA902128463A
:10AFB00001F0CEF964B29DF81B20039B044364B2F8
:10AFC0001343002281212846039301F077F90622DA
:10AFD000FF210443284601F071F964B28321044340
:10AFE0000DF11502284601F09DF99DF8152064B277
:10AFF0008321044302F0FB02284601F05FF964B2AA
:10B000000122FF210443284601F058F964B20122CD
:10B0100000210443284601F051F964B20022FF21C7
:10B020000443284601F04AF964B204430022802117
:10B03000284601F043F964B2204340B2002841D1D0
:10B04000039BBBF1000F0CD0F8070AD40998BDF898
:10B05000282085F813A185F81461C5F82A01A5F800
:10B060002E21029A82B1B9070ED49DF816200BA9A1
:10B0700085F8F1209DF8172005F1F30085F8F220FE
:10B08000029304F06DFF029B019AB2B17A0714D4C7
:10B09000079AC5F81821089AC5F81C214FEA4922D9
:10B0A000C5F820213BB14FF47A72A3F5C85353433E
:10B0B0001B095B429BB21BB2EB6047EA080785F8AD
:10B0C000F070002011B0BDE8F08F5E46DA460AE667
:10B0D000B24608E64FF000094B4672E740B1002344
:10B0E0000138FF2803F1010203D800EB032080B2EE
:10B0F000704713464008F4E7C3B2000A03FA00F0B1
:10B10000013070474FF4FA60074B5A434FF47A739B
:10B1100002F5FA72B2FBF0F0B2FBF3F203FB0100AE
:10B12000B0FBF2F0704700BF002F3A004FF47A7086
:10B13000054B5A4302F5FA72B2FBF0F24A4302F5AC
:10B14000FA72B2FBF0F07047002F3A002DE9FF4190
:10B1500000250229074616468DF80350ADF8045025
:10B160001CD829460DF10202FEF780FB044630B9D7
:10B17000462138460DF1030201F0D4F804469DF84B
:10B180000300FFF7B9FF81B29DF802203846FFF7B0
:10B19000CDFF3060204604B0BDE8F081032918D10E
:10B1A00029460DF10202FEF761FB0446002846D154
:10B1B00001460DF102023846FEF758FB044628B955
:10B1C0005121384601AA01F0B8F80446BDF8040040
:10B1D000D7E7042935D102A9FEF79CFB9DF80B3077
:10B1E0004BB3294638460DF10202FEF73FFB0446F9
:10B1F00018BB5121384601AA01F09FF80446BDF85A
:10B200000400FFF779FF85B2BCB9012138460DF182
:10B210000202FEF72BFB044678B9712138460DF186
:10B22000060201F08AF80446BDF80600FFF764FF45
:10B2300080B2401BA7E71D46E7E70020F9E7284654
:10B24000A7E728462C46A4E7F0B50229054616468E
:10B2500085B01ED800210DF10502FEF707FB04465C
:10B26000A0B99DF8052031462846FFF74BFF83B271
:10B27000B3F5807F8EBFFF2200F1FF32D2B24621AC
:10B280002846A5F8D82001F019F80446204605B054
:10B29000F0BD03291FD100210DF10502FEF7E6FAEA
:10B2A0009DF80520044631462846FFF72BFF80B263
:10B2B000FFF714FF0246ADF80600A5F8D800002CF1
:10B2C000E4D15121284601F004F804460028DDD1DC
:10B2D000C5F8E460DAE7042939D102A9FEF71AFBC0
:10B2E0009DF80B70B7B1002128460DF10502FEF75D
:10B2F000BDFA04460028C9D1512128460DF10602A5
:10B3000001F01BF804460028C0D1BDF80600FFF785
:10B31000F3FE87B2012128460DF10502FEF7A6FAD9
:10B3200004460028B2D19DF8052031462846FFF793
:10B33000E9FE3844FFF7D2FE71210246284600F0AC
:10B34000C8FF04460028A1D1C5F8DC609EE76FF075
:10B3500003049BE70023F0B585B08DF80330D307D5
:10B3600005460F46164605D441B9A2F10C03DAB2E0
:10B37000062A12D96FF0030005B0F0BD012920D1D3
:10B38000A2F10803DAB2062AF4D8062B19D8DFE8AE
:10B3900003F03718651886189900062B11D8DFE8D6
:10B3A00003F0041029102B102D00182257212846D5
:10B3B00000F084FF08225621284600F07FFF002875
:10B3C000DAD17408013CE4B2002F00F08E80012F26
:10B3D000D0D10421284601AAFFF7B8FE38B9224689
:10B3E0007021284600F06AFF002800F0B28085F83E
:10B3F000E060C1E73022D9E74022D7E75022D5E705
:10B400001022482100F05AFF08224721284600F068
:10B4100055FF022204463221284600F04FFF0C223D
:10B4200030210443284600F049FF64B2012204435E
:10B43000FF21284600F042FF302264B2044364B288
:10B440003021284600F03AFF00220443FF2128461D
:10B4500000F034FF64B2204340B2B0E72822482114
:10B4600000F02CFF08224721284600F027FF032286
:10B4700004463221284600F021FF0922044364B229
:10B480003021284600F01AFF01220443FF212846FC
:10B4900000F014FF64B20443202264B2D0E73822E3
:10B4A000482100F00BFF08224721284600F006FF44
:10B4B000032204463221284600F000FF04430822FC
:10B4C00064B2DDE74822114600F0F8FE0822472169
:10B4D000284600F0F3FE032204463221284600F0FD
:10B4E000EDFE0443072264B2CAE70321284602AAFC
:10B4F000FFF72CFE88B90221284603AAFFF726FE93
:10B5000058B922465021284600F0D8FE28B9032118
:10B510002846029AFFF798FE10B185F8E8602BE7FD
:10B5200002212846039AFFF78FFE85F8E86000287D
:10B530007FF422AF28466969FEF794F900287FF46A
:10B540001BAF0246012328460DF10301FFF742F924
:10B5500012E704212846019AFFF776FE85F8E0609D
:10B56000E5E713B5144629B1012910D06FF00300A7
:10B5700002B010BD50210DF1070200F0D3FE0028EB
:10B58000F6D19DF8073001335B002370F0E770219E
:10B590000DF10702F1E700234FF4FA62F0B585B030
:10B5A000CDE9002344F61F63994206460F4604D8AE
:10B5B0006FF00305284605B0F0BD02A9FEF7AAF911
:10B5C00005460028F6D19DF809209DF80830A7F619
:10B5D000363413439DF80A2013431BD06A460221D8
:10B5E0003046FFF7B3FD00283BD19DF808302BB162
:10B5F000009B03F24E239C42DAD9E41A9DF80A30EC
:10B6000023B3009B03F2B223B4EB430F4FEA430290
:10B61000CED9A41A9DF80B305BB10321304601AAA4
:10B62000FFF794FD019B03F525739C42C0D9C0B977
:10B63000E41A9DF80C30002BBCD004213046A4F253
:10B640002622FFF701FE77610546B3E79DF8093032
:10B65000002BDFD0009B03F525739C42A8D9E41A88
:10B66000D8E70546A6E74FF4FA62002370B586B026
:10B67000CDE9022340F636330C460B6004A906469A
:10B68000FEF748F90546002836D19DF811209DF8AF
:10B69000103013439DF81220134319D00221304675
:10B6A00002AAFFF753FD002840D19DF810302BB1BE
:10B6B000029B03F24E222368134423609DF812304C
:10B6C000EBB1029B03F2B222236803EB4203236037
:10B6D0009DF81330EBB99DF814305BB101AA042139
:10B6E0003046FFF733FD019B03F226222368134403
:10B6F0002360D8B923687361284606B070BD9DF8F1
:10B700001130002BE4D0029B03F52572236813440B
:10B71000DDE703AA03213046FFF718FD039B03F57D
:10B7200025722368134423600028D4D00546E3E73C
:10B730002DE9F743002406460D46204615F80480FF
:10B74000B8F1000F00D010B103B0BDE8F083671C62
:10B75000B8F1FF0F15F8079029D1A71CEB5DB9F1DF
:10B76000030F36D8DFE809F0020B131B271D2C440A
:10B77000E27802EB0323A6F834313C46DEE7271DCE
:10B780002C44E27802EB0323A6F83631F5E7271DB7
:10B790002C44E27802EB0323A6F83831EDE7271DAD
:10B7A0002C44E27802EB0323A6F83C31E5E7B8F13C
:10B7B000040F0ED802344246291901A804F0B6FD40
:10B7C00043464946304601AA04EB080700F054FD01
:10B7D000D3E76FF00300D0E7002373B50E46136084
:10B7E0000DF1070105461446FEF7CBF840B99DF868
:10B7F00007302BB1B38A2A6A534380331B0A236074
:10B8000002B070BD13B5CB681446136001AAFFF7F0
:10B81000E3FF18B92368019A1344236002B010BDF6
:10B82000F8B5B0F85451D0F858010E46DDE90717C5
:10B8300068438030000A1446454352B1B60206EB15
:10B840005202B2FBF4F202EB4202524302F5004212
:10B85000140C0620069A534301F50042120C0332E1
:10B86000B2FBF0F2C2EBC202B2F5803F3CBF033143
:10B87000B1FBF0F103F500433CBFC1EBC10101F5A1
:10B8800000414FEA134338BF090C03FB03F334BFF5
:10B890004943184903EB57030B44B3FBF7F3FE226C
:10B8A0009B037F33B3FBF2F34FF47A775C4304F5E9
:10B8B000FA74B4FBF7F405F12000240104F5FA74DE
:10B8C0008009FFF737F9BC4221BF4FF4FA63B4FB9C
:10B8D000F3F3B4FBF7F45B1906462CBFB3FBF4F0AB
:10B8E0000020FFF727F9099B864294BF1E6018606D
:10B8F0000020F8BD0000F0FF2DE9F04F05460F468F
:10B9000093B0CDE908230B6911AA0A93CB680D9374
:10B91000FFF778FF3946284610AAFFF75DFF8346F8
:10B9200050BB4FF47A76119CD5F8DC3006FB04F15D
:10B9300001F5004105911099803495F8E0A00B9134
:10B9400024F0FF0106930C91D5F8E430119105998C
:10B95000BAF1080F07930CBF02230323090C95F8D3
:10B96000E820DFF89C810E910AD1089BC3F8008083
:10B97000099BC5F840811860584613B0BDE8F08FA8
:10B98000079928460F93FFF7BDFB5246814606995B
:10B990002846FFF7B7FB0F9B814403FB09F94FEAE9
:10B9A000C92909F5FA7940F27763B9FBF6F903FB87
:10B9B00009F909F5FA79B9FBF6F9240A09FB04F447
:10B9C00004F180030A9C4F4974430E9A0C40B4FB67
:10B9D000F2F44D4A1B0A944228BF1446012B38BF8B
:10B9E00001230C204FF4167258435443FFF7A2F87A
:10B9F0003B7E4FEA400A002B7FD14249059B3A89A2
:10BA00000B4003F5FA71414B5A4341F25C23B2FB00
:10BA1000F3F20B9B7343B3F5481F28BF4FF4481351
:10BA2000A1EB4303B3FBF6F3B1FBF6F11B02B3FB4F
:10BA3000F1F63602C6F58036564306F50046760C1A
:10BA400006F500467643B60B4FF44873734303F58F
:10BA500000431B0C5B4304F50040000C00FB00306E
:10BA6000FFF768F8642203043233B3FBF2F341F2C8
:10BA70008837B3FBFAF340F6B53202FB0377244B69
:10BA80004FF47A7A9F429CBF42F21073B7FBF3F7F0
:10BA9000DDE9063213444FF4FA6203F5FA73B3FB9F
:10BAA000F2F2B3FBFAF002F5C812B2FBF0F088BF75
:10BAB0004FF47047FFF73EF8000200F5FA70B0FB54
:10BAC000FAF0404307FB0700FFF734F8DDE90C12FA
:10BAD0000AFB00F0404528BF4046089B1860099BC0
:10BAE000C5F84001CDE902934FF44873284600930E
:10BAF00001943346FFF794FE3EE74FF48036A3E708
:10BB0000AE878F020000FFFF666666009A99060006
:10BB10000F279F242DE9F04F9B4600238BB0C1F3E4
:10BB2000C30990464FF2A10A19460DF10E020446D0
:10BB3000159F8DF80E308DF80F308DF810308DF880
:10BB40001130ADF812300993FDF78DFF9DF80E50BE
:10BB50002AFA09FA06460AF0010ADDB10023002894
:10BB600040F09C802046149909AB05AAFFF7C4FE5B
:10BB7000002840F09580149A099B01465381204685
:10BB800006AAFDF7A9FF069D25B1059B9D422CBF86
:10BB90000025012520B90221204604AAFDF763FFF4
:10BBA0009DF8106026B300287CD10221204607AA08
:10BBB000FDF792FF88B90122FF21204600F07EFBAD
:10BBC00058B9B62120460DF1120200F0B6FB20B99B
:10BBD0000246FF21204600F071FBBDF81230079E9F
:10BBE0005B02C4F848311EB19E422CBF00260126DC
:10BBF00028B9032120460DF11102FDF734FF9DF80D
:10BC0000113093B100286ED1BBF1000F03D04FEA81
:10BC10000828B8FBFBFB0321204608AAFDF75CFFC0
:10BC2000089B5B4594BF0023012320B9BAF1000FA4
:10BC30003AD0FF223A703A780AB914994A81012120
:10BC400020460DF10F020193FDF70DFF18BB9DF883
:10BC50000E20019B002A08BF45F00105B9F1040F31
:10BC600017BF9DF80F200122B2FA82F2520984F820
:10BC70002F209DF8102084F82E50002A08BF46F08F
:10BC800001069DF8112084F83060002A08BF43F0B7
:10BC9000010384F831300BB0BDE8F08F1D467FE71B
:10BCA00035467DE70026AAE709F1FF32092A0AD8BE
:10BCB000DFE802F0050505090907090B070B052256
:10BCC000B8E70422B6E7012E01D10322B2E7B9F1A9
:10BCD000040F01D0012B01D10222ABE7012D16BFC9
:10BCE00000233D703B700023A5E70000F8B50F4628
:10BCF000022106461446FEF754FF054640B996F861
:10BD0000F13004F140002BB905493D7004F028F9E9
:10BD10002846F8BD96F8F23006F1F3013B70F5E7DE
:10BD2000167B010837B50C460A460DF1070105469A
:10BD3000FFF7DCFF00BB9DF80730FBB91549204633
:10BD400004F00EF9144904F1200004F009F9C021AF
:10BD5000284604F1600200F0E5FA68B9C2212846DD
:10BD60000DF1060200F0DEFA012384F861309DF83F
:10BD700006301B0984F8623003B030BD222B03D893
:10BD8000202B03D00549DAE7262B01D80449D6E752
:10BD90000449D4E7397C0108727C0108457C01081C
:10BDA000517C01085D7C010808B503460846052B57
:10BDB00013D8DFE803F003080A0C0E10084904F05A
:10BDC000CFF8002008BD0749F9E70749F7E7074919
:10BDD000F5E70749F3E70749F1E70749EFE700BF50
:10BDE000CD7D0108DC7D0108EB7D0108FA7D0108AD
:10BDF000097E0108187E0108277E010808B5034660
:10BE000013F1630F084646D03233DAB2322A44D8EF
:10BE1000322B42D8DFE803F03D41414141414141ED
:10BE200041413B4141414141414141413941414110
:10BE30004141414141413741414141414141293520
:10BE400033312F2D2B272523211F1A00144904F0ED
:10BE500087F8002008BD1349F9E71349F7E71349AC
:10BE6000F5E71349F3E71349F1E71349EFE71349FE
:10BE7000EDE71349EBE71349E9E71349E7E713490E
:10BE8000E5E71349E3E71349E1E71349DFE713491E
:10BE9000DDE71349DBE71349D9E71349D7E700BFCB
:10BEA000367E01083F7E0108597E01086B7E01083D
:10BEB0007B7E0108947E0108A87E0108BE7E0108F1
:10BEC000CA7E0108D97E0108F27E0108037F0108BD
:10BED000157F01082E7F0108467F01085C7F01085D
:10BEE000737F01088D7F0108BA7D010807B5012124
:10BEF0000820F8F779FC094B01A909480193F8F7E4
:10BF0000A9FB4FF400510648F8F7EFFB4FF48041CE
:10BF10000348F8F7EAFB03B05DF804FB0060031088
:10BF2000000C014038B50D4B00255A680C4C22F02E
:10BF300070625A605A68042042F040725A600123CD
:10BF4000C4F8B831C4F8B431F8F790FF0420C4F84D
:10BF5000B851F8F78BFFC4F8B45138BD000C01405C
:10BF6000008021420E4B10B55A680E4C22F07062D0
:10BF70005A605A68042042F040725A600023C4F8A4
:10BF8000B431C4F8B831F8F771FF01230420C4F8C4
:10BF9000B431C4F8B831BDE81040F8F767BF00BF4E
:10BFA000000C01400080214238B50125114B124C94
:10BFB0005A68284622F070625A605A6842F000625D
:10BFC0005A60C4F8B851F8F751FF2846C4F8B45184
:10BFD000F8F74CFFFB23D4F8380110B9C4F8B401CA
:10BFE00006E0013B13F0FF03F5D1FFF7BBFF012093
:10BFF00038BD00BF000C01400080214238B500254B
:10C000000C4C0D4BC4F8B4515A68022022F07062F7
:10C010005A605A6842F040725A60C4F8B851F8F752
:10C0200025FF01230220C4F8B431F8F71FFFC4F83C
:10C03000B45138BD00802142000C014070B500258C
:10C0400001260C4C0C4BC4F8B4515A68022022F063
:10C0500070625A605A6842F040725A60C4F8B8611F
:10C06000F8F704FF0220C4F8B461F8F7FFFEC4F843
:10C07000B45170BD00802142000C0140F8B500278A
:10C0800004460825134B144E5A6822F070625A6019
:10C090005A6842F040725A60C6F8B47123064ABF2B
:10C0A0000123C6F8B871C6F8B8310220F8F7DEFEF1
:10C0B00001230220C6F8B431F8F7D8FE013D022072
:10C0C000C6F8B471F8F7D2FE640015F0FF05E4B2CB
:10C0D000E4D1F8BD000C0140008021422DE9F0417F
:10C0E000002406460825A046144B154F5A6822F036
:10C0F00070625A605A6842F000625A600420C7F8C1
:10C10000B481F8F7B3FE0123C7F8B4319C40D7F8E7
:10C110003831E4B20BB10134E4B20420013DF8F748
:10C12000A5FE15F0FF05E9D126B9FFF787FF2046E8
:10C13000BDE8F081FFF762FFF9E700BF000C0140A6
:10C1400000802142F8B506460F4615461C46FFF70B
:10C15000E9FE3046FFF792FFFFF726FF064618B1CB
:10C16000FFF700FF3046F8BD3846FFF787FFFFF7BF
:10C170001BFF2544AC42F3D014F8010BFFF77EFF00
:10C18000FFF712FFF6E72DE9F0410746884614460F
:10C190001E46FFF7C7FE3846FFF770FFFFF704FFA4
:10C1A000054620B1FFF7DEFE2846BDE8F081404697
:10C1B000FFF764FFFFF7F8FEFFF7B4FE47F001005A
:10C1C000FFF75CFFFFF7F0FE002CEBD0012C0CBF5B
:10C1D00000200120FFF782FF013C06F8010BA4B20A
:10C1E000F2E710B414461A46234610BCFFF7AABF64
:10C1F00010B414461A46234610BCFFF7C4BF07B557
:10C2000001238DF807200DF10702FFF7EAFF03B0C5
:10C210005DF804FB37B5CB0752BA05460C46ADF8BE
:10C2200004200BD5012301AAFFF7DBFF01232146E0
:10C23000284601AAFFF7D5FF03B030BD022301AAAB
:10C24000F8E70123FFF7D4BF13B50223144601AA70
:10C25000FFF7CEFFBDF804305BBA238002B010BDFB
:10C26000042313B514460DEB0302FFF7C1FF019B36
:10C270001BBA236002B010BD10B53F2B90F85C01D3
:10C280009BB28CBF6FF003040024FFF7AAFF0028C5
:10C290000CBF20466FF0130010BD10B53F2B90F877
:10C2A0005C019BB28CBF6FF003040024FFF7A0FF7A
:10C2B00000280CBF20466FF0130010BD08B590F8A1
:10C2C0005C01FFF79CFF002814BF6FF013000020F3
:10C2D00008BD08B590F85C01FFF79CFF002814BF6B
:10C2E0006FF01300002008BDF7B590F85C7115469B
:10C2F00038460DF107020E461C46FFF7A2FF18B1A3
:10C300006FF0130003B0F0BD9DF8073031461D40BB
:10C3100044EA050238468DF80720FFF770FF002831
:10C32000F0D0EDE708B590F85C01FFF78AFF002830
:10C3300014BF6FF01300002008BD08B590F85C0131
:10C34000FFF782FF002814BF6FF01300002008BD24
:10C3500008B590F85C01FFF783FF002814BF6FF069
:10C360001300002008BD002382B00193019BF92B2C
:10C3700002D9002002B07047019B0133F5E700B5F8
:10C3800089B06946FDF74CFA09B05DF804FB73B556
:10C3900090F85C3105468B420E4603D100242046BE
:10C3A00002B070BD00228821FFF788FF0446F0B973
:10C3B000C02128460DF10602FFF7BFFF0446B0B9C1
:10C3C0004EF6AA63BDF806209A42E7D131462846C8
:10C3D000FDF72AFA044650B9C021284685F85C6169
:10C3E0000DF10602FFF7A9FF04460028D6D020462B
:10C3F000FFF7C5FFD3E7000070B590F85C51044625
:10C40000542D0CD100230C4E1E20C6F8A031F8F795
:10C4100047FD01231E20C6F8A031F8F741FD522345
:10C420002946204684F85C31FFF7B1FF2046BDE87D
:10C430007040FDF7D3BB00BF0000214237B5054671
:10C4400001210420F8F7D0F9174B01A917480193EF
:10C45000F8F700F90023164C6420C4F8A031F8F76F
:10C460001FFD0123C4F8A031124BC5F85C31FFF762
:10C470003DFD1E20F8F714FD54212846FFF787FFE5
:10C480002846FDF7ABFB044640B90220F8F708FD4B
:10C4900028460949FDF7C0F9044610B12046FFF7C8
:10C4A0006EFF204603B030BD0001031000080140BC
:10C4B0000000214252019001450B00202DE9F3417B
:10C4C00005460E46FFF798FF2846FDF773FE4F4BD3
:10C4D0001B7883B34E4F28467A787969FDF76FFF52
:10C4E000044620BB0220F8F7DBFC2846FA78B9782E
:10C4F000FDF778FA0446D0B90220F8F7D1FC2846B7
:10C500003969FDF78FF9044688B90220F8F7C8FCAD
:10C510002846B968FDF739FA044640B90220F8F711
:10C52000BFFC00212846FDF783F90446B8B1204638
:10C53000FFF725FF65E028460DF102020DF101012C
:10C54000FDF702FC04460028F1D10220F8F7A8FC10
:10C5500028460DF1030201A9FDF733FFDCE70220B5
:10C56000F8F79EFC214601222846FDF73DFA0446D5
:10C570000028DCD10220F8F793FC0122284611465E
:10C58000FDF732FA04460028D1D1224F02204FEAAB
:10C59000061807EB0616F8F783FC21462846726852
:10C5A000FDF76DFA04460028C1D10220F8F778FCA7
:10C5B0000121284657F80820FDF761FA04460028B3
:10C5C000B5D10220F8F76CFC2846B168FDF74AF9AE
:10C5D00004460028ABD10220F8F762FC2146284629
:10C5E000327BFDF741F904460028A0D10220F8F77C
:10C5F00057FC01212846727BFDF736F904460028D6
:10C6000095D1204602B0BDE8F08100BF440B002068
:10C610004C0D00203C030020F8B50D461646FDF7F2
:10C620002AFD044660B92F7E20220146304600F0E4
:10C630005DFE31463846FDF7F1F82A89014B1A8034
:10C640002046F8BD280D002070B505460E4603248F
:10C6500031462846FFF732FF00B970BD4FF4FA703B
:10C66000013CF8F71DFC14F0FF04F1D10120F4E7C0
:10C6700010B590F85C41064A0649FFF7CDFF542CEF
:10C6800004D1054B054A1B889BB2136010BD00BF47
:10C69000080D00202C0D0020280D00205C0A002031
:10C6A0000122024B10201A70F7F7CEBF480D002070
:10C6B00007B51C491C4802F093FC68B30021012215
:10C6C0001A4B08461A70FAF7D5F9194A0E21D369A0
:10C6D000184843F0C053D361A2F5D032136843F435
:10C6E000807313604BF20702134B9A80F9F7AEF98F
:10C6F0000023124A0193019B934209D91049114B1F
:10C70000CA6802F4E0621343CB60BFF34F8FFEE7C9
:10C71000019B01330193EEE703B05DF804EBF9F7F9
:10C72000A1B900BFA37F0108880A002018000020DB
:10C7300000100240AF7F0108006C00407FFC0A003F
:10C7400000ED00E00400FA0500F002B8000000006F
:10C750002DE9F84F994653425F4F134329F0004E9D
:10C760004EEAD373BB4204460D4690463DD846423E
:10C77000064321F0004A4AEAD676BE4203468B467B
:10C7800033D809F1404606F5801616433DD04FEAEE
:10C79000A97606F002065AEA030346EAD1762CD0BF
:10C7A0005EEA020235D0BE4546D0BA4531D0AAEB8A
:10C7B0000E0ABAF1747F4FEA2A5339DAB9F1000F41
:10C7C00046DA3C3344DA00200021012E58D0022EF4
:10C7D00049D086B134A3D3E9002309F06DFE34A318
:10C7E000D3E9002309F068FE05E022462B464046C7
:10C7F000494609F063FEBDE8F88F022E10D0032EE3
:10C80000F9D12DA1D1E90001F5E7BDE8F84F00F01D
:10C810008FB8BBF1000F07DB29A1D1E90001EAE7DE
:10C8200023A1D1E90001E6E727A1D1E90001E2E770
:10C8300023A1D1E90001C8E7F24506F1FF3623D074
:10C84000022E29D8254B03EBC603D3E90601D2E714
:10C8500042464B46204629460AF010F900F026FCD5
:10C8600000F066F8B1E710A3D3E9002309F024FE35
:10C8700002460B460EA1D1E9000109F01DFEBAE700
:10C8800001F100431946B6E7022E08D8134B03EB1B
:10C89000C603D3E90001AEE700200021ABE70CA1FD
:10C8A000D1E90001A7E700BF075C143326A6A13C2D
:10C8B000182D4454FB210940182D4454FB2109C074
:10C8C000182D4454FB21F93F182D4454FB21F9BF86
:10C8D000182D4454FB21E93F0000F07F909001089F
:10C8E000F8B504460D4600F0BBF9224606460F4651
:10C8F0002B46204629460AF031FA40B920462946FF
:10C9000000F0D4FB0022084B0AF01EFA10B93046A2
:10C910003946F8BD03F008FB2122034603481A609C
:10C92000BDE8F84000F0C6BB0000F03F38910108B8
:10C930002DE9F84FC04B21F000469E4204460D46BB
:10C940008A4616D9BD4B9E420BD808D0BAF1000FCB
:10C9500040F3BF809CA1D1E90001BDE8F88F002819
:10C96000F4D022462B462046294609F0A7FDBDE813
:10C97000F88FB34B9E4200F2B180A3F1DE739E426A
:10C9800040F298804FF0FF3B22462B462046294636
:10C9900009F04AFF02460B468046894609F044FFEB
:10C9A0008BA3D3E9002306460F4609F03DFF8AA377
:10C9B000D3E9002309F082FD32463B4609F034FFFB
:10C9C00087A3D3E9002309F079FD32463B4609F0FD
:10C9D0002BFF85A3D3E9002309F070FD32463B46C7
:10C9E00009F022FF82A3D3E9002309F067FD324654
:10C9F0003B4609F019FF80A3D3E9002309F05EFD4F
:10CA000042464B4609F010FF7DA3D3E90023804640
:10CA100089463046394609F007FF7BA3D3E9002356
:10CA200009F04AFD32463B4609F0FEFE78A3D3E901
:10CA3000002309F041FD32463B4609F0F5FE76A39E
:10CA4000D3E9002309F038FD32463B4609F0ECFEFD
:10CA500073A3D3E9002309F02FFD32463B4609F0CA
:10CA6000E3FE02460B464046494609F027FD2246B2
:10CA70002B4609F0D9FEBBF1FF3F02460B4656D0CC
:10CA8000704E06EBCB06D6E9082309F015FD2246C9
:10CA90002B4609F011FD02460B46D6E9000109F0CC
:10CAA0000BFDBAF1000FBFF662AF01F1004319466A
:10CAB000BDE8F88F5CA3D3E9002309F0FFFC002256
:10CAC000614B0AF041F900283FF45CAF204629464B
:10CAD0004DE757A1D1E90001BDE8F88F00F0E6FA73
:10CAE0005A4B04469E420D4627D8A3F550239E423A
:10CAF0004ED802460B4609F0E1FC0022524B09F0E9
:10CB0000DBFC02460B462046294614461D46002201
:10CB10004FF0804309F0D2FC02460B4620462946DE
:10CB200009F0ACFF4FF0000B04460D462CE7204601
:10CB3000294609F0C1FCBDE8F88F454B9E421CD246
:10CB40000022444B09F0B8FC02460B462046294619
:10CB500014461D4600223F4B09F066FE00223A4B68
:10CB600009F0ACFC02460B462046294609F086FF38
:10CB70004FF0020B04460D4606E702460B46002026
:10CB8000354909F07BFF4FF0030B04460D46FBE6E9
:10CB900000222D4B09F090FC02460B462046294608
:10CBA00014461D460022284B09F088FC02460B461D
:10CBB0002046294609F062FF4FF0010B04460D465E
:10CBC000E2E600BFAFF30080182D4454FB21F93F8B
:10CBD00011DA22E33AAD903FEB0D76244B7BA93F6F
:10CBE000513DD0A0660DB13F6E204CC5CD45B73F3D
:10CBF000FF8300922449C23F0D5555555555D53FE9
:10CC00002F6C6A2C44B4A2BF9AFDDE522DDEAD3FDC
:10CC10006D9A74AFF2B0B33F711623FEC671BC3F7C
:10CC2000C4EB98999999C93F9C7500883CE4377E7C
:10CC3000182D4454FB21F9BFFFFF0F440000F07F83
:10CC4000FFFFDB3F209201080000F03FFFFFF23FB3
:10CC5000008003400000F83F0000F0BF000000002B
:10CC60002DE9F04FBE4B21F00048984504460D4693
:10CC700085B028D908F1404808F5801858EA00081E
:10CC80000AD002460B4609F017FC02460B4609F093
:10CC9000F5FE05B0BDE8F08F95A3D3E9002309F0B8
:10CCA000C3FD95A3D3E9002306460F462046294637
:10CCB00009F0BAFD02460B463046394609F0FEFB44
:10CCC00005B0BDE8F08FA74B8A4698450FD8B8F15C
:10CCD000795F80F04F818AA3D3E9002309F0EEFB4E
:10CCE0000022A14B0AF030F8002840F0FE802046D8
:10CCF000294600F0DBF902460B4600209A4909F06C
:10CD0000DBFB0022994B09F08FFD7FA3D3E90023C1
:10CD100004460D4609F088FD7DA3D3E9002309F000
:10CD2000CDFB22462B4609F07FFD7BA3D3E90023F0
:10CD300009F0C2FB22462B4609F076FD78A3D3E921
:10CD4000002309F0BBFB22462B4609F06DFD76A3BC
:10CD5000D3E9002309F0B0FB22462B4609F064FD1D
:10CD600073A3D3E9002309F0A9FB22462B4609F05F
:10CD70005BFD71A3D3E90023CDE9000120462946DC
:10CD800009F052FD6EA3D3E9002309F095FB22467A
:10CD90002B4609F049FD6CA3D3E9002309F08EFB73
:10CDA00022462B4609F040FD69A3D3E9002309F090
:10CDB00083FB22462B4609F037FD00226A4B09F01F
:10CDC0007DFBCDE902012046294600F079F9DFF824
:10CDD000A0C10646E0450F4668D802460B4609F05A
:10CDE0006DFBDDE902238C468346DDE90001CDE9D8
:10CDF00000BC09F043FE02460B46DDE9000109F0E4
:10CE000013FD4FF00008CDE9000142463B46404685
:10CE1000394609F009FD02460B462046294609F02D
:10CE20004BFB424604460D463B463046394609F028
:10CE300045FB02460B462046294609F01FFE0246E6
:10CE40000B4609F03BFB02460B462BA1D1E9000142
:10CE500009F032FB02460B46DDE9000109F02CFB2C
:10CE6000424604460D463B464046394609F026FBFD
:10CE700002460B4638A1D1E9000109F01DFB02462C
:10CE80000B462046294609F017FB02460B4632A105
:10CE9000D1E9000109F010FBBAF1000F3FF7F9AE3C
:10CEA00001F10043194605B0BDE8F08FDDE902232A
:10CEB000DDE9000109F0E2FD32463B4609F0B4FC31
:10CEC00032463B4609F0FAFA02460B4609F0F6FAFA
:10CED00009A3D3E9002309F0EFFA02460B4604A1A7
:10CEE000D1E9000109F0E8FAD6E720462946D0E664
:10CEF000182D4454FB21F93F075C143326A6913CBE
:10CF00009C7500883CE4377E09F7FD0DE13D023F4A
:10CF100088B20175E0EF493F3B8F68B52882A43F96
:10CF20005544880E55C1C93F7D6FEB0312D6D43FDF
:10CF3000555555555555C53F82922EB1C5B8B33F8D
:10CF400059018D1B6C06E63FC88A599CE52A0040B2
:10CF50004B2D8A1C273A0340182D4454FB21E93FEE
:10CF6000FFFFEF3FFFFFDF3F0000F03F0000E03F2B
:10CF70003233EF3F02460B4609F056FC36A3D3E9A5
:10CF8000002306460F4609F04FFC35A3D3E90023E2
:10CF900009F094FA32463B4609F046FC32A3D3E945
:10CFA000002309F089FA32463B4609F03DFC30A3E4
:10CFB000D3E9002309F082FA32463B4609F034FCFB
:10CFC0002DA3D3E9002309F077FA32463B4609F056
:10CFD0002BFC2BA3D3E9002309F070FA32463B4621
:10CFE00009F022FC28A3D3E9002380468946304675
:10CFF000394609F019FC26A3D3E9002309F05CFAAD
:10D0000032463B4609F010FC23A3D3E9002309F084
:10D0100055FA32463B4609F007FC21A3D3E9002329
:10D0200009F04AFA32463B4609F0FEFB00221E4B4D
:10D0300009F044FA02460B464046494609F01EFDF7
:10D0400022462B4609F0F0FB22462B4609F036FA21
:10D0500005B0BDE8F08F00BF09F7FD0DE13D023FCF
:10D0600088B20175E0EF493F3B8F68B52882A43F45
:10D070005544880E55C1C93F7D6FEB0312D6D43F8E
:10D08000555555555555C53F82922EB1C5B8B33F3C
:10D0900059018D1B6C06E63FC88A599CE52A004061
:10D0A0004B2D8A1C273A03400000F03F21F000433B
:10D0B0001946704700200149704700BF0000F87F03
:10D0C000714A2DE9F0478A4306460F4600F0A780D3
:10D0D00000290C46034655DD081562D0C4F313023F
:10D0E000C107A0F2FF3742F4801203D4D90F01EB3D
:10D0F00042025B00002616244FF40011B446520091
:10D1000002EBD3727F105B000CEB010090424FEA00
:10D11000D3754FEA430303DC00EB010C121A0E44F3
:10D12000013C05EB42024FEA5101EDD120254FF0C1
:10D130000040A0460AE043D0510001EBD371013D0D
:10D140000A464FEA43034FEA500045D0944508EBA6
:10D15000000EF0DABEF1000F0EEB00080CDBE1462A
:10D16000A2EB0C01CC469E4588BF01F1FF3149007E
:10D17000A3EB0E030444E0E7B8F1000FEFDB0CF182
:10D180000109EDE721F00042024342D0002969D1B4
:10D19000DA0A153C5B05002AFAD0D60220466AD48A
:10D1A000144600226400E502114602F10102F9D59D
:10D1B000C2F1200523FA05F52C439340401A8DE770
:10D1C0009E4502D94FEA4C01B7E7BEF1000F0EEBC6
:10D1D000000820DB0021CBE7194310D0DFF8ACA01A
:10D1E000DAE90001DAE9022309F066F9DAE90089EF
:10D1F00002460B464046494609F092FDC8B965080B
:10D20000731003F17F5303F5001303EB075145EA55
:10D21000C670BDE8F087B8F1000FB0DADAE7024671
:10D220000B4609F001FB32463B4609F047F9BDE8E1
:10D23000F087B4F1FF3FDAE90001DAE902231ED0FA
:10D24000DAE9008909F03AF902460B4640464946B8
:10D2500009F05CFDA8B1A31C04F1020508BF01366A
:10D260006D08CDE702460B4609F026F902460B464B
:10D2700009F004FCCDE74FF0FF3114469EE701367C
:10D28000BEE70134BBE700BF0000F07F60920108F9
:10D2900020F0030110F00300C0F1000051F8043B3E
:10D2A00000F1040C4FEACC0C6FF000021CBF22FA14
:10D2B0000CF213434FF0010C4CEA0C2C4CEA0C4CD2
:10D2C000A3EB0C0222EA030212EACC1204BF51F8CB
:10D2D000043B0430F4D0C2F1000102EA0102B2FAC8
:10D2E00082F2C2F11F0200EBD200704770B58607D0
:10D2F00047D0541E002A3ED00346CAB201E0013C8A
:10D3000039D303F8012B9D07F9D1032C2CD9CDB2C9
:10D3100005EB05250F2C1A4605EB054534D9A4F17C
:10D32000100C2CF00F0603F1100EB6444FEA1C1C33
:10D33000C2E90055C2E9025510327245F8D10CF12C
:10D34000010214F00C0F03EB021204F00F0C13D0C7
:10D35000ACF1040323F003030433134442F8045BE9
:10D360009342FBD10CF003042CB1C9B21C4403F866
:10D37000011BA342FBD170BD64461346002CF4D1BF
:10D38000F9E703461446C0E7A446E1E730B5044692
:10D390008BB008460D46FFF77BFF0123022215499B
:10D3A0000993636B0891049206A9421C03910695A8
:10D3B000A16807900592A3B1B1F90C204B6E9004BF
:10D3C00005D442F4005223F400538A814B669B0437
:10D3D0000DD4204603AA02F033FE40B90A200BB058
:10D3E00030BD2046019102F07FF80199E4E74FF04B
:10D3F000FF30F4E7C0900108024B01461868FFF7C0
:10D40000C5BF00BF080900202DE9F04F9FB0884636
:10D410000792002100220024CDE9041283464146F0
:10D420001A9419910F4611F8012B2D2A5ED801A0EC
:10D4300050F822F00BD60008EDD40008EDD4000817
:10D44000EDD40008EDD40008EDD40008EDD40008B8
:10D45000EDD40008EDD4000823D4000823D400083C
:10D4600023D4000823D4000823D40008EDD40008F6
:10D47000EDD40008EDD40008EDD40008EDD4000888
:10D48000EDD40008EDD40008EDD40008EDD4000878
:10D49000EDD40008EDD40008EDD40008EDD4000868
:10D4A000EDD40008EDD40008EDD40008EDD4000858
:10D4B000EDD4000823D40008EDD40008EDD4000812
:10D4C000EDD40008EDD40008EDD40008EDD4000838
:10D4D000EDD40008EDD40008EDD40008EDD4000828
:10D4E0008DDB0008EDD40008A1DB000800210891C5
:10D4F000302A00F09580002309932F2A144640F229
:10D50000EF844FF0000938464E464D4613E0013097
:10D51000082D1990C8BF09EB89090478C6BF02EB32
:10D520004902A2F13009A3F130062F2C224605F161
:10D53000010540F3B48006EB8603392C02EB43036C
:10D54000E5DD0122AB4901F021FE002879D1199ACD
:10D550001346013219925C78002D40F08D85302CF5
:10D5600040F03B8513461846013319931C78302C44
:10D57000F9D0C2F101021044A4F13103082B37D8CD
:10D58000199F012539464FF0000A431CA4F1300EC3
:10D590000C93002006EB86060EEB46064B1C1993F7
:10D5A0004C78A4F13002092A00F2E08296461999DB
:10D5B0000130002AF2D00128D8BF05F1010C40F358
:10D5C000878400EB050C0CF1FF340A9703E07E0022
:10D5D000AC4200F07C84082D06EB860705F10105BE
:10D5E000F5DD102DDCBF09EB89094FEA4909EFE7AA
:10D5F000652C40F0D8824FF0000A0123CDF830A00E
:10D600000A93099B034340F0BF82079B0026002733
:10D610000BB1C3F80080304639461FB0BDE8F08F2B
:10D620007A7802F0DF02582A00F012840137199745
:10D630003A78302AFAD0002A00F081820123099337
:10D640005BE70020AA460C900A90652C34D0452C4C
:10D6500032D000231093002D7AD1099B034340F070
:10D660006E820A9B002BD0D1692C00F0898400F3D4
:10D670005F84492C00F084844E2CC6D15E4919A8E1
:10D6800002F0CAFE0028C0D0199B1B78282B00F09E
:10D69000A5855A48FFF70EFD06460F4651E20122C6
:10D6A000544901F073FD0028CBD1199BAA465A1C9E
:10D6B00019925C780C9074E7002DA2D0DDF864809C
:10D6C00008F10103199398F801402B2C00F05982BE
:10D6D0002D2C00F04E824FF0000CA4F130010929EE
:10D6E00000F23F82302C199B0AD1013319931C7828
:10D6F000302CFAD0A4F13102082AAAD8A4F13001C2
:10D700005A1C19925C782F2C40F3FE8396460B939B
:10D7100008E0013219929EF80140A3F130012F2C4C
:10D7200006DD964601EB8103392C04EB4303F0DD63
:10D730000B9BD21A082A40F3E78344F61F63109329
:10D74000BCF1000F87D0109B5B421093002D84D05A
:10D750000C9A109BBAF1000F08BFAA469B1A102D15
:10D7600030460B932C46A8BF102408F0E3FF024676
:10D770000B46092DCDE9042316DD214B03EBC40331
:10D7800053E9122309F050F802464846904689466C
:10D7900008F0D0FF02460B464046494608F08EFE90
:10D7A0000F2DCDE904012DDC0B9B002B00F0208315
:10D7B0000B9B40F35282162B40F3AD830B9AC5F1BD
:10D7C000250393421EDBDDE904230D4CC5F10F0553
:10D7D00004EBC501D1E9000109F026F80B9B5D1BA4
:10D7E00004EBC504D4E9002309F01EF806460F46F1
:10D7F000A7E100BFC4900108D49001083891010846
:10D80000D89401080B9B2C1B1C44002C40F3D181A5
:10D8100014F00F000AD0DDE90423354901EBC00103
:10D82000D1E9000109F000F8CDE9040134F00F035B
:10D8300040D0B3F59A7F00F3B883102B4FEA23143E
:10D8400040F31E85DDE9040100232A4A099790462A
:10D8500099461746E20704D5D8E9002308F0E4FF0B
:10D8600001236410012C09F1010908F10808F1D124
:10D870003A46099F0BB1CDE90401059B02EBC901B2
:10D88000A3F154730593DDE90423D1E9000108F005
:10D89000CBFF194B194A0B409342CDE9040100F22A
:10D8A0008483174A934240F241844FF0FF33154C72
:10D8B000CDE9043400230A932B4652463946584694
:10D8C000009603F091F81490002800F06E83109AEF
:10D8D0000C9B4FF0000A9B1A0B9ACDF824A0002A4B
:10D8E000A8BF0023109322EAE2731593E5E000BF7E
:10D8F000D8940108C89501080000F07F0000A07CC2
:10D900000000907CFFFFEF7FD21A1F2AA4EB0204D5
:10D9100000F33282012393401E4600250A9BA04457
:10D920004C44A14598444B46A8BF23464345A8BF55
:10D930004346002B04DDE41AA8EB0308A9EB030916
:10D94000109B002B00F3BE81002C00F3D4810B9BB5
:10D95000002B00F30782B8F1000F00F3F781B9F153
:10D96000000F08DD51464A46584603F01FFA82462A
:10D97000002800F0F4813A4658461A9903F0ACFAB0
:10D980000990002800F0EB810023099AD168D36048
:10D990001191514603F080FA0028C0F2EA83DDF8C5
:10D9A000149000F076835146099803F031FC002270
:10D9B0004FF0804304460D4609F0B2F9002800F00C
:10D9C0007181119B002B40F0E381049B002B40F000
:10D9D0006B82C9F31303002B40F00D820022204616
:10D9E0002946A94B09F092F9002840F049832046C6
:10D9F000A64B2946002208F017FF03460C46CDE946
:10DA0000123401F100430E900F93DFF88482A14B92
:10DA100009EA08089845DDE90E4500F0C0810A9B37
:10DA20001BB3B8F1D46F20D895A3D3E90023DDE967
:10DA3000120109F075F9A0B1DDE9120109F0CCF984
:10DA4000012838BF012008F075FE119BCDE91201B5
:10DA5000002B40F0BD8201F1004316901793DDE9E1
:10DA6000164505F1D663A3EB0805DDE90C0103F0CB
:10DA7000EFFA02460B462046294608F0D5FEDDE9BE
:10DA80000C2308F01BFD0C46CDE904010A9B23B9C9
:10DA90007F4B2340984500F0B78158461A9902F011
:10DAA00047FF3946584602F043FF5146584602F0B8
:10DAB0003FFF5846099902F03BFF149C58466168A5
:10DAC00002F010FF0746002800F04981226904F1A6
:10DAD0000C01023292000C3002F028FC1CAB0193C6
:10DAE0001BAB00935846DDE904341A46CDE90C34EB
:10DAF000234603F02FFB1A90002800F00581012136
:10DB0000584603F019F88246002800F028811B9B34
:10DB1000002BC0F21581109ADDF8548003EB020946
:10DB20000A9A1C9C9B1A23445B4A013B9342C4F112
:10DB30003604FFF6E9AE012300251E46EEE6002678
:10DB40000027079A0AB1199B1360089B002B3FF42A
:10DB500062AD07F100431F46304639461FB0BDE8AD
:10DB6000F08F0023CDF86480109374E501230A93AD
:10DB70006BE54FF0010C08F10203199398F802408D
:10DB8000ABE54FF0000CF6E7002597E50022089280
:10DB9000791C19917A78002A3FF437AD0F46A7E433
:10DBA00001220892F4E7452C3FF425AD01230A93A6
:10DBB00053E53FF47FAE644214F00F020AD0DDE972
:10DBC0000401364B03EBC203D3E9002308F056FFF0
:10DBD000CDE9040124113FF46DAE1F2C37DCDDE9E3
:10DBE000040114F0100318BF6A230A930023DFF81E
:10DBF000B080E20704D5D8E9002308F015FE012320
:10DC0000641008F10808F4D10BB1CDE904010A9BB6
:10DC1000A3B1DDE90401C1F30A52C2F16B03002B89
:10DC20000ADD1F2B40F339830020342B049040F38E
:10DC30007C834FF05C7305936A230A930022DDE92D
:10DC40000401002309F058F800283FF435AE2223E0
:10DC500000260027CBF8003073E71633FFF6D2AD6D
:10DC6000DDE904010C9B109A9A1A0C4B03EBC203DA
:10DC7000D3E9002308F002FF06460F4661E700BF24
:10DC80000000C0FFFFFFDF410000F03F0000E03F69
:10DC90000000F07F0000E07F02FCFFFFD894010845
:10DCA00098920108AC4B20462946002208F0BCFDA2
:10DCB000119BCDE91201002B65D101F100430E90BB
:10DCC0000F93A2E651461A46584603F015F88246CD
:10DCD000002844D001461A9A584602F05BFF0028FB
:10DCE0003DD011901A99584602F022FE119B002C4B
:10DCF0001A937FF72CAE224658461A9903F056F82D
:10DD00001A9000287FF423AEB94605462223002648
:10DD1000924FCBF800302946584602F009FE49469A
:10DD2000584602F005FE5146584602F001FE58469C
:10DD3000149902F0FDFD5846099902F0F9FD00E73B
:10DD4000159ADDF84090A2EB0308E9E63946424611
:10DD5000584603F02BF8074600287FF400AEB9467A
:10DD60001A9DD3E739465846159A02F0C5FF074673
:10DD700000287FF4F0ADF2E7012279491646CB1A6C
:10DD800002FA03F5CAE5DDE91234CDE90E343CE6CA
:10DD90000023744CCDE90E34CDE9123435E6A9F1F7
:10DDA00054730593DDE904452046294603F050F9F4
:10DDB000DDE90E2308F038FD2B46224608F07EFBF5
:10DDC000DFF89891684B01EA09099945CDE904010A
:10DDD00079D9DDE90C0103F15473994202D1064669
:10DDE0000136BCD04FF0FF33604CCDE9043454E62B
:10DDF000DDE90467A5E600235D4CCDE90E34002380
:10DE0000584CCDE9123400E6DDE912562846314679
:10DE100009F0D2FB08F0DAFC0B46024631462846F0
:10DE200008F04AFB119D049BC4F313041D432C43CB
:10DE30008046894626D142A3D3E9002308F066FF35
:10DE400000283FF42AAEB946DDE904671A9D62E76F
:10DE50000293089B584601931AAB0093454A1BABAB
:10DE600019A900F0BDFB10F00F0504463FF467AEA2
:10DE7000062D40F0B58000227B1C0026002708926A
:10DE800019935EE630A3D3E9002308F03FFF002892
:10DE9000D9D12FA3D3E900234046494608F054FFC7
:10DEA00000283FF4FAADCEE7049B012BA3D1B9F1D2
:10DEB000000FA0D1B9461A9C222325460026002730
:10DEC000CBF8003027E701F154740594DEE50A9F92
:10DED0000C9B082D03440C936DDC6546FFF759BB82
:10DEE00001223846244901F051F9002800F0BB8096
:10DEF0004FF000094E4648464D46CA46CDF8309090
:10DF0000CDF82890FFF7A3BB44F61F639942A8BF42
:10DF10001946109114E40B981849DDE9042301EB2C
:10DF2000C001D1E9000108F07FFC06460F4608E673
:10DF30006E2C3FF4A3ABFFF768BB00BFAFF30080CC
:10DF40009535A094FFFFCF3F9535A094FFFFDF3FAD
:10DF500035E5AF350000E03F0000E03F0000F07F16
:10DF6000E2FBFFFF0000F03FFFFF9F7CFFFFEF7F22
:10DF70000000F0BF70920108C4900108D894010815
:10DF8000A04919A802F048FA00283FF43EAB199BBB
:10DF90009D49013B19A8199302F03EFA10B9199B4B
:10DFA000013319930026994FCBE522230026974F82
:10DFB000CBF80030C5E5BCF1100FD8BF09EB8909DB
:10DFC00065464FF00000D8BF02EB4909FFF7E6BAFB
:10DFD000DDE91234CDE9163441E50020FFF7CCBA73
:10DFE0001A9A3AB135211CA803F05CF958461A99DF
:10DFF00002F09EFC013D1B9B042D00F2C481DFE872
:10E0000005F0032C291E03001C9A049203F23342EC
:10E010001D9B23F4801343EA02530593E10502D5C7
:10E0200043F000430593794ADDE904671A40002A6A
:10E030007FF487AD01F078FF2223036081E54FF084
:10E04000FF326FF00043CDE90423E3057FF5D0AE46
:10E05000059BE5E76D4B0593F7E7DDE91C121D9B7A
:10E06000CDE90412DAE7199A0646134601321992ED
:10E0700081465C78FFF773BAAA460C90FFF791BA15
:10E080000023634CCDE90E340023624CCDE91234F9
:10E09000BBE44B461198B446B946DDE90C67AE4681
:10E0A0005D49C3F31302002845D08A4200F0FD8089
:10E0B000ADBB049A1CEA020F34D0304639460493B3
:10E0C00002F0C6FF0A9B002B00F03781049BC3F3CC
:10E0D0000A53C3F16B03002B40F352811C0504F17A
:10E0E0007F53002203F5401308F09EFB02460B46C7
:10E0F0003046394608F0E2F906460F4630463946C2
:10E10000464B002208F090FB404B06460B400F4662
:10E11000002B7FF49BAE2223CBF8003096E61EEA5C
:10E12000030FCAD10A9B002BE8D18FE601F154738B
:10E130000593FFF7BFBB002A74D1DDE904452246F1
:10E14000002C40F0A2800A9A002A40F0CB8025F0F3
:10E150000044240D2405A4F580146FEA14536FEADB
:10E16000035305934FF0FF3304931A9DDDE90467D1
:10E17000D1E5119BDDE904010343B946DDE90C67F4
:10E18000D0D1C1F31303002BCCD121F00044240DD6
:10E190002405B4F1D66F2546C4D9099A536913B939
:10E1A0001369012BBEDD01220999584602F0FEFDDC
:10E1B0005146099002F070FE0028B3DD0A9B002B47
:10E1C000C9D0A5F580136FEA13536FEA0353059383
:10E1D0004FF0FF330493DDE904678FE7104919A876
:10E1E0001CAA02F033F905287FF453AA1D9B43F0C3
:10E1F000FF4343F4E00305931C9B0493DDE90467AC
:10E200009FE400BFC8900108CC9001080000F07F97
:10E210000000E0BF0000E03FFFFF0F0000005039AA
:10E2200084920108A5BB049A1CEA020F3FF47AAF5E
:10E2300030463946049302F00BFF0A9B002B62D054
:10E24000049BC3F30A53C3F16B03002B40F38C8090
:10E250001C0504F17F53002203F5401308F0E4FA93
:10E2600002460B463046394608F026F900220023C4
:10E2700006460F4608F040FD00283FF43FAF1AE67F
:10E280004FF00009414AFFF7F8BABEF1000FCBD0BA
:10E290001EEA030F3FF446AFCAE74FF0FF3202FA1F
:10E2A00003F3049A1A400492C6E40A9A0499B2B19C
:10E2B000374A1A40B2F1D46F11D84FF0FF30120D27
:10E2C000C2F16B0200FA02F2914240D0BEF1000F9F
:10E2D0007FF425AF11EA0C0F3FF424AFEDE64FF0C9
:10E2E000FF32F1E72A4D1D40B5F1D66F3FF669AF19
:10E2F000B5F15C7F3FF602AF2223002600271A9D6E
:10E30000CBF8003007E502460B463046394608F0A8
:10E31000D3F81A9C0022002306460F46254608F033
:10E32000EBFC00283FF4F7ACC6E54FF0FF33C2F139
:10E330004B0293400B4005937EE402460B46304669
:10E34000394608F0BBF81A9D06460F46E3E4114A29
:10E3500093420CD00E4A1A4002F580130593002315
:10E360000493DDE90467DDE602460B467AE70131F6
:10E37000F0D1222300261A9D054FCBF80030CAE4C5
:10E3800002460B46B4E6002348E600BFC8950108E4
:10E390000000F07FFFFFEF7F014BFFF735B800BFB4
:10E3A0007C0300208C4600B586461346034A71461E
:10E3B00010685DF804EB6246FFF726B808090020F4
:10E3C00084460A460249034B08686146FFF71CB8B9
:10E3D000080900207C0300202DE9F04705460C4683
:10E3E000DFF888A0134629462246DAF80000FFF736
:10E3F0000BF802460B4604460D4608F0AFFC48BB3E
:10E400002946204608F008FD20F000470646184936
:10E41000384609F025F8D0B93846154909F002F810
:10E42000A8B925F000494FF0FF3220464946114B6C
:10E4300008F094FC38B9204649464FF0FF320D4BA6
:10E4400008F06EFC18B12222DAF800301A6030466B
:10E45000BDE8F087002D084804DA02F0F7F900F172
:10E460000046F4E7BDE8F04702F0F0B908090020E3
:10E47000FFFF7F7FFFFFEF7F389101082DE9F04715
:10E480000446DFF8A0A00A46274B2146DAF8000030
:10E49000FEF7BAFF02460B4604460D4608F05EFC46
:10E4A000002833D12946204608F0B6FC20F000476A
:10E4B00006461E49384608F0D3FFE8B938461B49DE
:10E4C00008F0B0FFC0B925F000494FF0FF322046F8
:10E4D0004946174B08F042FC38B9204649464FF0F0
:10E4E000FF32134B08F01CFC30B12222DAF8003066
:10E4F0001A603046BDE8F08716F0FF4FF9D10D4B9A
:10E500002B40002BF1D13046BDE8F087002D0A48A2
:10E5100004DA02F09BF900F10046EAE7BDE8F047B3
:10E5200002F094B9080900207C030020FFFF7F7FE0
:10E53000FFFFEF7F0000F07F389101082DE9F041E7
:10E540000469B4EB611F05DC002303610023436110
:10E55000BDE8F08100F114054E1111F01F0C05EB20
:10E56000840E05EB860321D055F8261004339E4512
:10E5700021FA0CF1CCF120082DD92F461A6802FAA5
:10E5800008F20A4347F8042B53F8041B9E4521FA6E
:10E590000CF1F3D8A31B9B00053B9B08013305EB53
:10E5A000830445F8231079B104340DE09E4588BFFB
:10E5B00000F11002C8D953F8041B9E4542F8041F0D
:10E5C000F9D8A41B05EB8404631B9B10AC420361C8
:10E5D000BCD0BDE8F08141610029B5D02C46E3E70D
:10E5E0002DE9F04F1C4685B000900868934682786C
:10E5F0000B46302A029440F0F381C11C0A780C4685
:10E60000302A01F10101F9D0A4EB0009A9F10209B6
:10E61000DFF8C08218F80220002A00F0EF800027FF
:10E6200022783D4618F80220002A00F0778126461D
:10E6300016F8012F18F80220002AF9D101223046DD
:10E64000A549019300F0A2FD019B824600284DD010
:10E650003278002D00F0A581A5EB060A4FEA8A0A60
:10E6600002F0DF02502A35464DD01E60002F74D1D3
:10E670002B1B013B072B394604DD5B10072B01F1F7
:10E680000101FADC009802F02DF90346002800F0A1
:10E690006A8200F11406A542019640F2CA81002761
:10E6A0000390B9460DE0202F1AD0394604372A7856
:10E6B00018F8022002F00F028A4049EA0209A54236
:10E6C00054D015F8012D2E2AEDD1A542EBD301220D
:10E6D0002846814900F05AFD0028F0D0202FE4D1CF
:10E6E000002146F8049B04278946E0E7002D00F04E
:10E6F00068813278A5EB060A02F0DF02502A35461F
:10E700004FEA8A0AB1D16A782B2A00F048812D2A73
:10E7100040F0D5800120AA78AE1C18F802104A1EDD
:10E72000182A00F2D5807278103918F802200136C4
:10E730005AB90CE001EB810102EB4102A2F1100198
:10E7400016F8012F18F802200AB1192AF2DD00B1DB
:10E7500049428A441E60002F8AD0B9F1000F0CBFD5
:10E7600006250025284605B0BDE8F08F039B019AD9
:10E7700046F8049BB61AB6101E614846039302F091
:10E780008BF97601DBF80040361AA642039B76DC53
:10E79000C0F209810027DBF808205245C0F23E8113
:10E7A000DBF8042052454EDDA2EB0A0A544500F383
:10E7B0009580DBF80C10022900F0E180032900F0BD
:10E7C0005381012940F0DF80544540F0DC80012C6A
:10E7D0000AD01846611E039302F094FD039B0028A3
:10E7E00000F0D180DBF8042001210298622502604C
:10E7F000019A196111600E9A1360B3E70122204655
:10E800003549019300F0C2FC019B0746002840F007
:10E8100087806278651C18F80210002900F0828059
:10E82000302A2C4640F02B8114F8012F302AFBD0DF
:10E8300018F802204FF00109B2FA82F77F09002A86
:10E840007FF4F5AE6AE0012587B1DBF80C20022ADF
:10E850006FD0032A71D0012A06D1B90704D5019AD5
:10E8600012681743FA076BD445F0100528460E9A34
:10E870001360029BC3F800A005B0BDE8F08F361B03
:10E880001846314602F03EFD039B074678B101274A
:10E89000711E01984A1150F8220001F01F0207FA78
:10E8A00002F2024203D0B94200F3CF800227184699
:10E8B00031460393B244FFF741FE039B6BE718F820
:10E8C000021000204A1E182A05F101067FF62BAF20
:10E8D0002E46CAE6C0920108C49001080AF1FF352D
:10E8E000002F40F0A480002D40F0A7800122019865
:10E8F000691150F8211005F01F05AA400A42184678
:10E900005146039318BF47F00207A4EB0A04FFF730
:10E9100015FE0225DBF804A0039B95E726468DE64D
:10E920002546227802F0DF02502A00F099801D600F
:10E9300013E70F9AC2F101020F920F9A002A93D0A7
:10E9400001991E6988460A4600274FEA860901EBAD
:10E95000860003E0904242F8047C45D9944652F880
:10E96000041BB1F1FF3FF5D00131022DCCF80010AE
:10E970007ED014F01F0440F0AE80212576E70F9979
:10E9800000293FF431AF50251946009801F0D0FF1F
:10E99000002328460E9A136005B0BDE8F08F0020D2
:10E9A000B9E6AA465CE6A61B19463246009802F074
:10E9B000FDF900F1140203460027AAEB060A0192B2
:10E9C000E9E67278751C18F802102E4600293FF40B
:10E9D00047AE16F8012F18F802100029F9D13BE6CE
:10E9E0004FF00009841C13E69A6896424ADA012126
:10E9F000022D06EB010003EB86061861DDF80480AA
:10EA0000716135D0002874DC00221A6100225A613D
:10EA1000DBF808200AF1010A5245AEDA19460098DF
:10EA200001F086FF00230E9AA32513609AE60127C2
:10EA30005CE74FF00009019E99E6184629460393CA
:10EA400002F060FC039B074650E71846B11E039393
:10EA500002F058FC039B00283FF428AF032726E769
:10EA60004FF0000A01274EE60F9900298BD0BBE634
:10EA7000DBF80020013AA24262D02225F6E64FF0F0
:10EA80000109D4E5596800980131019301F02AFF8A
:10EA9000019B074600286CD01A6903F10C01023271
:10EAA00092000C30019301F041FC019B0098194643
:10EAB00001F03EFF01213B69022D03EB010007EB52
:10EAC0008303386107F1140859613B46D0D0864270
:10EAD000BFF64FAF96E7C14459F8040C019301F01B
:10EAE000DBFFC4F12004A042019BBFF646AF1869CA
:10EAF00088E75A6908EB800003F11804A0424FEA46
:10EB0000520229D94546216842EAC17245F8042BD0
:10EB100054F8042BA0424FEA5202F4D8C11A193912
:10EB20008908013148F8212008EB810102B1043144
:10EB3000A1EB0802921041451A617FF469AF65E7C5
:10EB40000122611158F8211004F01F04A2400A426A
:10EB500014BF2125222589E6C8F800200AB14146C4
:10EB6000E5E71A6152E70246E421054B054801F04A
:10EB700093FE02468421024B024801F08DFE00BF45
:10EB8000E4900108F890010801292DE9F0415AD9D3
:10EB900001274FF0000E4FF0FF34BC463B4607E024
:10EBA0009E464FF0010C1F1B0EEB0C0399420ED931
:10EBB000051915F80C50C65CAE42F1D333D00127CD
:10EBC000BC467446BE440EEB0C039942F0D84FF09D
:10EBD00001084FF0000E4FF0FF35C4464346176062
:10EBE00008E09E464FF0010CA3EB05080EEB0C036A
:10EBF00099420FD9461916F80C60C75CB742F0D895
:10EC000019D04FF00108C4467546C6440EEB0C03FC
:10EC10009942EFD80135601C854202D32846C2F8DC
:10EC20000080BDE8F081BC450ABFE6440CF1010C50
:10EC30004FF0010CB8E7C4450ABFE6440CF1010CE3
:10EC40004FF0010CD2E74FF001080025E6E700BFC6
:10EC50002DE9F04F174687B005AA80468946384609
:10EC600019461C46FFF790FF8246059B38465246E0
:10EC7000F918029301F012F900285FD10646054603
:10EC800044F400630193029BA9EB0401E31A03938C
:10EC9000CAF1010BA9421BD35645334638BF534630
:10ECA0009C4223D9581EEA183844424402E00133FA
:10ECB0009C421BD012F801CB10F801EFE645F6D0CC
:10ECC0009C4213D95D441D44A9424FF00006E3D293
:10ECD000019908EB090001F0A1F98144A9EB0401B5
:10ECE000A942D9D2002007B0BDE8F08F56450AF1FD
:10ECF000FF3370D205EB0A02424407EB0A0000958D
:10ED000002E09E4211D0734610F801CD12F8015D69
:10ED100003F1FF3EAC45F4D0009D013301369E4225
:10ED200007D8029B039E1D44B4E701369E42009D16
:10ED3000F7D908EB050007B0BDE8F08FA4EB0A0394
:10ED4000534538BF53460025013344F40062A9EB14
:10ED5000040100920AF1FF36CAF1010B01930593F9
:10ED6000A94216D3544520D905EB0A025346424422
:10ED7000B81902E001339C4217D012F801CB10F809
:10ED800001EFE645F6D09C420FD95D441D44A942EF
:10ED9000E8D2009908EB090001F040F98144A9EBA1
:10EDA0000401A9429ED35445DED8BAF1000FC0D069
:10EDB00005EB0A00404407EB0A0202E0013BBB42BC
:10EDC000B7D0134610F801CD12F801EDE645F5D0A5
:10EDD000019B1D44C4E75346A0E700BF2DE9F04F57
:10EDE0009346ADF21C4D05AA80468A465846194600
:10EDF0001C46FFF7C9FE814613460DF2144243F844
:10EE0000044F9342FBD16CB1601E58440BF1FF32AA
:10EE100006AD12F8011FA31A013B5B44824245F87C
:10EE20002130F6D1059B4A4658460BEB030101936E
:10EE300001F034F8002879D10746054644F4006310
:10EE4000AAEB040E0293661EAE4512D308EB050C26
:10EE50001CF8063006AA52F82330CBB127B1019A2C
:10EE60009A4284BF1346E31A1D44AE454FF0000793
:10EE7000ECD208EB0A00029901F0D0F88244AAEB28
:10EE8000040EAE45E2D200200DF21C4DBDE8F08F1D
:10EE90004F453B4638BF4B469E4218D9591EEA188B
:10EEA00059444244009502E001339E420ED012F8CC
:10EEB000010B11F8015F8542F6D09E42009D06D9F4
:10EEC000C9F101022A440027D518BDE7009D4F452E
:10EED00009F1FF3380F0828005EB090242440BEB1D
:10EEE00009010095CDF80C9002E09F4213D04B46EB
:10EEF00011F8015D12F8010D03F1FF398542F4D0DC
:10EF0000009DDDF80C90013301379F4209D8019B29
:10EF10001D44E71A98E701379F42009DDDF80C90E9
:10EF2000F5D960460DF21C4DBDE8F08FA4EB090346
:10EF30004B4538BF4B460025013344F40062AAEB31
:10EF4000040E0092661E01930593AE4509D308EBAB
:10EF50000500835D06AA52F823306BB11D44AE450F
:10EF6000F5D208EB0A00009901F058F88244AAEBA8
:10EF7000040EAE45EBD286E7B14517D209F1FF3159
:10EF800005EB09024B465944424402E00133B342C7
:10EF90000CD012F8017B11F801CFBC45F6D09E428F
:10EFA00004D9C9F101022A44D518CEE7B9F1000FFE
:10EFB0003FF46AAF05EB090141440BEB090203E0A2
:10EFC000013B5B453FF460AF134611F8017D12F839
:10EFD00001CDBC45F4D0019B1D44C0E74B4693E7EF
:10EFE0002DE9F0410D460978044690B0002954D02F
:10EFF0006A78002A00F08280AB78002B51D0E87844
:10F000002E68002800F081802B79002B56D02846EE
:10F01000FEF73EF90646204646F4007100F0FEFF7A
:10F0200086425AD8FE2E00F28880801B2718402284
:10F030006846711CFEF75AF97EB16A1E5FFA86FCBB
:10F04000901912F8013F03F03F034033A91A6B44B3
:10F050006144904203F8401CF3D1013CA35D03F0EE
:10F060003F0340336B4413F8403C1C44A74203D297
:10F0700038E04444A74235D314F806C032460CF0B9
:10F080003F0C0CF140030DEB030C294620461CF805
:10F09000408C00F003FF0028EBD1204610B0BDE803
:10F0A000F081007842EA0142B8B140EA03439A4253
:10F0B000214614F8010FF7D14C1EEEE7227862B119
:10F0C00031BA01E08B421ED0204642EA032314F8F5
:10F0D000012F002AF6D18B4215D00024204610B013
:10F0E000BDE8F081BB5DB819002BF6D04FF400618C
:10F0F00000F094FF0744A742AFD2EEE710B0BDE89E
:10F10000F04103F0F5BBC41EC7E7120442EA0162F6
:10F11000217842EA03230029DFD0024601E00029DA
:10F12000DBD041EA0200B3EB002F25464FEA002274
:10F1300014F8011FF3D1AC1EAFE7014633462A464F
:10F14000204610B0BDE8F04148E600BF10B4034CC3
:10F15000D4F8E440A44610BC604700BF7C03002004
:10F1600082B049B15AB16BB113780B601278101E9E
:10F1700018BF012002B0704701A9002AF3D1104640
:10F1800002B070476FF00100F4E700BF002A3ED0E4
:10F19000844630B50446084380070B462ED1032A27
:10F1A00007D82BE0043A25D01EF0803F22D1032A55
:10F1B00022D919462068A446A0F1013323EA000EA3
:10F1C0000B4653F8045B0434A842EBD09CF80000D3
:10F1D0000C7884421DD1E64668B11EF8010F11F883
:10F1E000014FA2EB0E03A04203F1FF3311D11CEB40
:10F1F0000303F1D1002030BDA44619469CF800005D
:10F200000C78A04205D1012AF4D0E646E4E7104686
:10F210007047001B30BD00BF88420ED98B18834257
:10F220000BD900EB020C002A6DD0624613F801CD19
:10F23000994202F801CDF9D170470F2A0FD8034641
:10F2400002F1FF3C002A5ED00CF1010C013B8C4422
:10F2500011F8012B614503F8012FF9D1704740EAFD
:10F2600001039B0750D1A2F1100370B501F1200CEE
:10F2700023F00F0501F1100E00F11004AC441B093E
:10F280005EF8105C0EF1100E44F8105C5EF81C5C29
:10F29000103444F81C5C5EF8185C44F8185C5EF8A6
:10F2A000145CE64544F8145CEAD1013312F00C0F0B
:10F2B00001EB031102F00F0400EB031328D08E467C
:10F2C000043C24F003064FEA940C1E441C1F5EF815
:10F2D000045B44F8045FB442F9D10CF1010402F07C
:10F2E000030203EB840301EB840102F1FF3C4AB10A
:10F2F0000CF1010C013B8C4411F8012B614503F822
:10F30000012FF9D170BD7047034602F1FF3C9BE726
:10F310002246EAE700207047024A0349034801F009
:10F3200099BA00BFE804002039F500081009002050
:10F330000C4B416810B59942044601D000F0FCF82E
:10F34000A168094B994202D0204600F0F5F8E16827
:10F35000064B994204D02046BDE8104000F0ECB8BE
:10F3600010BD00BF640D0020CC0D0020340E002025
:10F37000002070472DE9F84300250423294C2A4931
:10F380000822C4F8381104F15C002946DFF89C908B
:10F39000DFF89C80274F284EC4E90335C4E90055A7
:10F3A000C4E90555A5606566FDF7A0FF234B08225B
:10F3B000294604F1C4006367C4E90749C4E9098721
:10F3C000C4E91A55C4E91E55E6622567C4F8CC5055
:10F3D000C4F88050FDF78AFF194B2946C4F8DC3089
:10F3E000082204F1680304F59670C4F88430C4E977
:10F3F0002298C4E92476C4E93455C4E93855C4F8E0
:10F40000D850C4F83451C4F8E850FDF76FFF04F148
:10F41000D003C4E93C98C4E93E76C4F8EC30BDE8BA
:10F42000F88300BF640D002019F300081D060108D1
:10F430004506010885060108A90601080900010022
:10F4400012000200F8B5254B0646D3F83831002BE0
:10F450003CD0234FD7E90134013B04D51DE05A1CB1
:10F4600004F1680419D0B4F90C50013B002DF6D119
:10F470001C4B08222946C4E90155C4E90455E36040
:10F4800065662560A56104F15C00FDF72FFFC4E906
:10F490000C55C4E911552046F8BD3D680DB12F4605
:10F4A000D8E74FF4D671304600F0B2F8044680B188
:10F4B00004230560294625460C304FF4D072A06025
:10F4C0006360FDF713FF3C602F46C3E7FFF752FF71
:10F4D000BFE70C2338603360DDE700BF640D002018
:10F4E000E80400200100FFFF436B03B17047044BA9
:10F4F000044AD3F838314263002BF7D13AE700BF12
:10F50000640D002031F30008704700BF704700BF52
:10F510000020024A024901F09DB900BFE804002022
:10F5200015F300080020024A024901F093B900BF18
:10F53000E804002071F3000870B539B106460C46A6
:10F5400008B1436B83B3B4F90C3013B900252846D6
:10F5500070BD2146304601F0ABF8E36A054633B191
:10F560003046E16998470028B8BF4FF0FF35A389BE
:10F570001B061CD4216B41B104F14003994202D017
:10F58000304600F04FFB00232363616C21B130460D
:10F5900000F048FB00236364FFF7B6FF0023A3815C
:10F5A000FFF7B4FF284670BDFFF79EFFCBE730465C
:10F5B000216900F037FBDDE7024B01461868FFF7D1
:10F5C000BBBF00BF080900200EB400B582B003AB7A
:10F5D00053F8042B8168019301F0C0FE02B05DF87E
:10F5E00004EB03B0704700BF0FB400B5074A83B007
:10F5F00004AB106853F8042B8168019301F0AEFE50
:10F6000003B05DF804EB04B0704700BF08090020A8
:10F610002DE9F04F01F10B05162D064683B024D8D5
:10F62000102900F2AD8000F085FC102518234FF062
:10F63000020CC14F3B445C68A3F10802944200F005
:10F64000228130466368E268A16823F00303CA6040
:10F65000234491605A68083442F001025A6000F075
:10F660006BFC204603B0BDE8F08F35F0070500F1D4
:10F670008780A94200F2848000F05CFCB5F5FC7F35
:10F68000C0F06C816B0A7FD0042B00F22381AB09A0
:10F6900003F1390C03F1380E4FEACC00A64F384481
:10F6A00044680838A04207D10DE0002AE16880F2E2
:10F6B000E480884207D00C46636823F003035A1B9A
:10F6C0000F2AF2DDF446DFF874823C69444500F00D
:10F6D000C180636823F00309A9EB05030F2B00F336
:10F6E0004281002BC7E9048880F22C81B9F5007FA4
:10F6F000D7F804E080F0CE8001234FEAD9014FEA29
:10F700005919194403FA09F357F831204EEA030E48
:10F7100007EBC103083BA260E360C7F804E047F8C9
:10F720003140D46001204FEAAC039840704532D894
:10F7300010EA0E0F07D12CF0030C400010EA0E0F58
:10F740000CF1040CF9D007EBCC0AD646E146DEF802
:10F750000C300BE059681C4621F003014A1B0F2AAC
:10F76000DB6800F3C480002A80F2D8809E45F1D186
:10F7700009F1010919F0030F0EF1080EE7D11CE1A0
:10F780000C23336000246CE74FF400704FF0400C02
:10F790004FF03F0E82E7BC68636823F00309A94578
:10F7A00003D3A9EB05030F2B57DCDFF894B104EB6F
:10F7B0000903DBF800200820103202EB0508009353
:10F7C00004F006FBD7F808140246013105D008F111
:10F7D000FF388044414201EA080841463046009221
:10F7E00000F0ACFBB0F1FF3F8246009A00F0D680FB
:10F7F00004EB0903834200F2CF80DBF8041002F12E
:10F80000FF3C4144CBF8041040F0F48010EA0C0FA8
:10F8100040F0F080D7F808A0C84448F00100CAF8CA
:10F8200004005446DBF82C208A42DBF8302038BF35
:10F83000CBF82C108A4238BFCBF8301020F00308E8
:10F84000A845A8EB050301D30F2B06DC304600F0DA
:10F8500073FB97E7D7F804E064E7621943F001030C
:10F8600045F0010565603046BA600834536000F029
:10F8700063FB204603B0BDE8F08FA2683046D1603C
:10F8800023448A60E6E6DC68A3427FF4DAAE0CF13A
:10F89000020C18E7B9F5206F4FEA592275D3142AE4
:10F8A00000F2088102F15C03DB005B32F918FB58BF
:10F8B0000839994203D1E5E09B68994204D05A681F
:10F8C00022F003024A45F7D8D968C4E902318C60B6
:10F8D000DC6027E7142B64D9542B00F2F4802B0B47
:10F8E00003F16F0C03F16E0E4FEACC00D6E6D4F8AC
:10F8F00008C03046661945F001056560CCF80C304B
:10F90000C3F808C042F00103C7E90466C6E90288EB
:10F910007360625000F010FB0834A2E621444A688C
:10F92000304642F001024A6054F8082FD3609A60D2
:10F9300000F002FB95E600BFF8040020000500205F
:10F94000A00E0020A144D9F80430304643F0010352
:10F95000C9F8043000F0F0FA083482E64FEAD50C1A
:10F9600005F1080365E6621943F0010145F0010560
:10F9700065603046C7E90422C2E90288516044F854
:10F98000093000F0D9FA08346BE64FEA991202F117
:10F990003903DB00383289E7BC4224D0BC68606898
:10F9A0004CE703F15C0C03F15B0E4FEACC0075E60B
:10F9B0005AF80839534540F0D6801CF0030F0CF17B
:10F9C000FF3CF5D17B6823EA00037B60400098424E
:10F9D0003FF6E1AE18B9DEE6400009F1040918422D
:10F9E000FAD0CC46AFE6DBF8041002F1FF3C41440C
:10F9F000CBF80410D7F8080401306FD004EB0903EA
:10FA0000AAEB03031944CBF804101AF00703009380
:10FA100041D0C3F108018A44D0440A4408EA0C01E9
:10FA2000521A02EA0C013046019100F087FA421C9A
:10FA300071D00199A0EB0A0000EB0108DBF804206B
:10FA400048F001001144BC42C7F808A0CBF80410EC
:10FA5000CAF804003FF4E5AEB9F10F0F41D9052310
:10FA60006268A9F10C0020F0070002F001020243D5
:10FA700062600F2804EB0002C2E9013353D8DAF8C0
:10FA80000400CEE60120921000FA02F24EEA020EC5
:10FA9000C7F804E019E70AEB080101EA0C01521A61
:10FAA00002EA0C013046019100F048FA431CC0D133
:10FAB0000099C3E7542A18D84FEA193202F16F03AC
:10FAC000DB006E32F2E6B3F5AA7F18D8EB0B03F138
:10FAD000780C03F1770E4FEACC00DFE5C7F808A4F5
:10FAE00093E70123CAF80430B0E6B2F5AA7F24D820
:10FAF0004FEAD93202F17803DB007732D6E640F2E2
:10FB00005452934224D8AB0C03F17D0C03F17C0ECC
:10FB10004FEACC00C2E5009B0021A3F1080290440B
:10FB2000A8EB0A088AE704F10801304600F07AF8E9
:10FB3000DBF80410D7F808A0A1E740F254539A422A
:10FB40000DD84FEA994202F17D03DB007C32ADE62D
:10FB50004FF47E704FF07F0C4FF07E0E9EE54FF419
:10FB60007E737E22A2E67B6830E700BF2DE9F84372
:10FB700006460820894604F02BF90546DFF89880F0
:10FB8000304600F0D7F9D8F808305F6827F003074F
:10FB9000A7F11104A4EB09042C44B4FBF5F4013CD7
:10FBA00005FB04F4A54208DC0021304600F0C6F94C
:10FBB000D8F808303B44984205D0304600F0BCF9F4
:10FBC0000020BDE8F8833046614200F0B7F901300B
:10FBD0000FD0124AD8F808303F1B47F001075F608A
:10FBE000136830461B1B136000F0A6F90120BDE826
:10FBF000F8830021304600F0A1F9D8F80820831AD4
:10FC00000F2BDADD43F001035360054B03491B68FA
:10FC1000C01A0860D1E700BFF8040020A40E00203D
:10FC20000009002000297CD0F8B50C46064600F0FB
:10FC300081F954F8043C764FA4F1080523F0010142
:10FC40006818D7F808C04268844522F0030200F023
:10FC50008380DB07426000EB020C33D454F8084C7D
:10FC6000DCF804302D1B2144AC6807F1080C644516
:10FC700003F0010364D0D5F80CE0C4F80CE0CEF832
:10FC80000840002B00F0818041F001036B600160AF
:10FC9000B1F5007F22D20122CB0849098A40796858
:10FCA00001330A437A6057F8331007EBC302083A6E
:10FCB000C5E9021247F83350CD603046BDE8F84040
:10FCC00000F03AB9DCF80430DB072BD541F0010332
:10FCD000B1F5007F44F8043C0160DCD3B1F5206F3E
:10FCE0004FEA512353D28B0903F1390003F1380253
:10FCF000C300F818FB580838984203D161E09B68AC
:10FD0000984204D05A6822F003028A42F7D8D86891
:10FD1000C5E9023085603046DD60BDE8F84000F09E
:10FD20000BB97047114407F1080C836863453FD055
:10FD3000C268DA60936041F001036B606950A7E725
:10FD4000002B5FD10A44D0E90213CB60996042F0E6
:10FD500001036B60AA50B0E70A44D90707D454F8EE
:10FD6000083CED1A1A44D5E90213CB60996042F0C1
:10FD700001036B60274BBD601B6893429DD8264BE7
:10FD800030461968FFF7F2FE97E71144CDE7142BD0
:10FD900008D9542B1DD80B0B03F16F0003F16E0231
:10FDA000C300A6E703F15C0003F15B02C300A0E718
:10FDB00041F00103C7E90455C5E902CC6B60695005
:10FDC0007BE70121921001FA02F279680A437A6016
:10FDD0009EE7B3F5AA7F06D8CB0B03F1780003F1B9
:10FDE0007702C30085E740F25452934206D88B0C49
:10FDF00003F17D0003F17C02C3007AE74FF47E73C8
:10FE00007E2276E741F001036B60016055E700BF99
:10FE1000F804002004090020A00E00200CB470B5E6
:10FE20000C4600256FF000469CB00A4A20AB0592B4
:10FE300053F8042B02A9CDE901341B9504960796CB
:10FE4000069402F0BDFD029B1D701CB0BDE8704021
:10FE500002B070470802FFFF0EB470B504466FF0A1
:10FE6000004600259DB00B4A21AB0B49106853F8A2
:10FE7000042B059102A9CDE90134049607961B9540
:10FE8000069402F09DFD029B1D701DB0BDE8704000
:10FE900003B07047080900200802FFFF032A30B4AE
:10FEA00015D941EA0004A40784460B4604D0541E29
:10FEB0000FE0043A032A08D91946604653F8044B68
:10FEC0005CF8045BA542F4D0F1E760461946541E85
:10FED0007AB1431E0139021901E09A4209D013F8A0
:10FEE000010F11F801CF6045F7D0A0EB0C0030BC3A
:10FEF0007047002030BC704710B4034CD4F8E04089
:10FF0000A44610BC604700BF7C030020034649B1F3
:10FF1000FF2A02D801200A7070478A224FF0FF3072
:10FF20001A60704708467047014B1868704700BF59
:10FF300008090020704700BF704700BF002238B595
:10FF4000064D044608462A6006F09AFA431C00D083
:10FF500038BD2B68002BFBD0236038BDD40E0020A9
:10FF600080EA0102844612F0030F4FD111F0030F13
:10FF700032D14DF8044D11F0040F51F8043B0BD071
:10FF8000A3F101329A4312F0803F04BF4CF8043BC6
:10FF900051F8043B16D100BF51F8044BA3F10132D4
:10FFA0009A4312F0803FA4F101320BD14CF8043B8C
:10FFB000A24312F0803F04BF51F8043B4CF8044BBD
:10FFC000EAD023460CF8013B13F0FF0F4FEA33232E
:10FFD000F8D15DF8044B704711F0010F06D011F80D
:10FFE000012B0CF8012B002A08BF704711F0020FFB
:10FFF000BFD031F8022B12F0FF0F16BF2CF8022BE6
:020000040801F1
:100000008CF8002012F47F4FB3D1704711F8012B08
:100010000CF8012B002AF9D1704700BF71B10346DB
:1000200000EB010C01E0634506D01A46117801335C
:100030000029F8D1101A7047181A704708467047FF
:100040009368002B00F0F0802DE9F04FB1F90CC05F
:1000500090461CF0080F81460C4683B02BD00B69EC
:100060004BB31CF00207D8F8006032D04FF0000A02
:100070005546D4F824B0E169AB4FC5B1BD422B461B
:10008000524628BF3B464846D847002840F3C28026
:10009000D8F8083082441B1A2D1AC8F80830002BF3
:1000A00000F0AE80D4F824B0E169002DE6D1D6E9A5
:1000B00000A50836E1E72146484604F0E3FE0028A3
:1000C00040F0AD80B4F90CC0D8F800601CF0020715
:1000D000CCD11CF0010A63D157462368A1681846A9
:1000E0008B46002F58D01CF4007F00F0B180B9423D
:1000F0000A4600F2DD801CF4906F2FD021696269FE
:100100005D1A02EB420202EBD2726B1C52103B44AE
:10011000934292BF93469B461A461CF4806F00F0B0
:10012000E68011464846FFF773FA002800F0F58094
:100130002A462169019000F0F9F8A289019B22F476
:10014000906242F08002A2815819C4F814B0ABEB5F
:1001500005053A46BB462361A56020603D46002761
:1001600051460192FFF758F8A1682368019AA1EB64
:100170000B011A44A1602260D8F80830AA445B1B26
:10018000C8F80830002B3BD02368A16818468B467E
:10019000B4F90CC0002FA6D1D6E900A708369EE717
:1001A0003846BB463D46002D40D0002845D03A4653
:1001B000D4E904C32068AA4228BF2A466045A16842
:1001C00004D901EB030A524500F38280934272DCAA
:1001D0005A464846E169D4F824C0E047B0F1000A25
:1001E00018DDB7EB0A070FD00120D8F80830D34448
:1001F000A3EB0A03A5EB0A05C8F80830002BD2D1FF
:10020000002003B0BDE8F08F2146484600F0E4FA34
:100210000028EAD0B4F90C3043F04003A3814FF03A
:10022000FF3003B0BDE8F08F00207047756833469B
:100230000836002DFAD0D3F800B02A460A215846D5
:1002400002F00AFB002865D00130A0EB0B07AEE7F7
:1002500022699A4214D36569BD4211D86FF00043F8
:10026000BB4228BF3B4693FBF5F3524605FB03F325
:100270004846656AE169A847051ECBDD7F1B7BE721
:10028000B94228BF39460D46184651462A46FEF760
:10029000C3FFA1682368491B2B44A1602360002988
:1002A000ECD12146484600F097FA0028E6D0B1E7A5
:1002B000BB463A4652E759460192FEF7ADFF019A16
:1002C000A36892469B1AA36023681344236088E7BF
:1002D00059465246FEF7A0FF23682146534448463C
:1002E000236000F079FA00283FF47BAF92E748469C
:1002F00004F068FE034600287FF426AF48462169D3
:10030000FFF790FC0C22B4F90C30C9F8002023F060
:10031000800381E76A1C17464AE70C22B4F90C30C7
:10032000C9F8002078E700BF00FCFF7F844641EA5F
:10033000000313F0030349D1403A23D30B68036051
:100340004B6843608B688360CB68C3600B69036153
:100350004B6943618B698361CB69C3610B6A03623B
:100360004B6A43628B6A8362CB6AC3620B6B036323
:100370004B6B43638B6B8363CB6BC3634030403108
:10038000403ADBD230320BD30B6803604B684360DA
:100390008B688360CB68C36010301031103AF3D2A1
:1003A0000C3205D351F8043B40F8043B043AF9D22F
:1003B000043208D0D2071CBF11F8013B00F8013B02
:1003C00001D30B8803806046704700BF082A13D30F
:1003D0008B07B1D010F00303AED0C3F10403D21ADF
:1003E000DB071CBF11F8013B00F8013BA4D331F837
:1003F000023B20F8023B9FE7043AD9D3013A11F8B7
:10040000013B00F8013BF9D20B7803704B78437045
:100410008B7883706046704710B504688646013457
:1004200009E014F8013BA3F1410CBCF1190F98BF8E
:100430002033934207D111F8012B002AF1D101207A
:10044000CEF8004010BD002010BD00BF0B682DE9A4
:10045000F04F591102EB810113F01F0306464FF0D4
:1004600000050DBF0846081D8E46A1F1040E316837
:1004700085B040F8045C4C1C4978002900F0AF803E
:100480007746F4460093AA460B46A9467146AB460A
:100490009646DFF884810246019610E0202B00F298
:1004A00096804D4508DD674502D9BAF1070F67DD33
:1004B000E6455CD34FF0080A14F8013FB3B118F8D1
:1004C0000360002EEAD00AF1010ABAF1080F05F123
:1004D000010542DCDCF800301B0106F00F061E436C
:1004E000CCF8006014F8013F002BE8D110467246AA
:1004F0008E46009B002D72D0BC4502D2BAF1070F88
:1005000074DD624555D26346111F53F8044B7345A1
:1005100041F8044FF9D9AEEB0C0323F003030EF1BD
:10052000010104330CF1010C8C4588BF0423002128
:10053000134443F8041B7345FBD950F8041C19B14C
:1005400007E05EF8043D23B97245FAD10123CEF8E5
:100550000030052005B0BDE8F08FE645ACD24CF880
:1005600004BC00234FF0010AACF1040CB5E7ACF178
:1005700004074CF804BCA946BC464FF0000A9BE7B0
:10058000CAF1080080006646CDE902C2DCF80030FE
:100590008446C0F1200A706800FA0AF21A4320FA71
:1005A0000CF3326046F8043FB742F4D8DDE902C2EA
:1005B0007EE750F8041C002BC1D04FF0FF34C3F18C
:1005C000200324FA03F3194040F8041CB7E710464F
:1005D00072468E4619462929019E009B03D00420AD
:1005E00005B0BDE8F08F0134346083E7DCF80040EB
:1005F000CAF108018900664688462546C1F12009EE
:10060000716801FA09F42C4321FA08F5346046F8C0
:10061000045FB742F4D874E7C092010810B50C46E5
:10062000B1F90E1004F074FE002803DB236D0344BF
:10063000236510BDA38923F48053A38110BD00BF9F
:10064000002070472DE9F0410C46B1F90C101F460F
:10065000CB05054616460BD421F48051A1813B46BB
:1006600032462846B4F90E10BDE8F04104F06CBCE7
:10067000B4F90E100223002204F08EFCB4F90C1021
:10068000EAE700BF10B50C46B1F90E1004F084FC87
:10069000B4F90C30421C0EBF23F4805343F4805352
:1006A0002065A38110BD00BFB1F90E1004F062BC3B
:1006B000B1F90C20F8B516070C46074648D449682E
:1006C00042F400630029A3815FDDA56A002D3DD0BF
:1006D000002112F480523E683960E16961D1012342
:1006E0003846A847451C02466AD0B4F90C30A56AC2
:1006F000E169580705D56368D21A236B0BB1E36B28
:10070000D21A00233846A847411C4CD13968B4F9A5
:100710000C301D293FD82F4ACA40D2073BD50022B2
:1007200062602269DD04226023F40062A28101D5A7
:10073000002943D0216B3E6041B104F1400399424E
:1007400002D03846FFF76EFA002323630020F8BD7D
:100750000E69002EFAD0920718BF00230D6808BF5B
:100760004B690E60AD1B8B600CE02B463246D4F813
:1007700024C03846E169E047B0F1000CA5EB0C0558
:10078000664406DD002DF0DCE0E7E16B00299CDC2F
:10079000DCE7B4F90C3043F040034FF0FF30A381A5
:1007A000F8BD226DA5E70022B4F90C306260226921
:1007B000226023F40062DB04A281BBD52065B9E787
:1007C0003B68002B91D01D2B01D0162BE1D13E6050
:1007D000BCE700BF0100402010B5044682B008B15C
:1007E000436B53B1B1F90C0008B902B010BD2046FB
:1007F00002B0BDE81040FFF75BBF0191FEF774FE49
:100800000199EFE7A0B138B50C4B04461D680DB156
:100810006B6B4BB1B4F90C0000B938BD21462846CA
:10082000BDE83840FFF744BF2846FEF75DFEF1E71C
:10083000034A0449044800F00DB800BF080900202D
:10084000E8040020D907010810090020004870477B
:100850000000C07F2DE9F8434FF0000980460F46A5
:100860001646D6E90154013D10D4A389012B08D9BD
:10087000B4F90E30013304D021464046B84749EA66
:100880000009013D6B1C04F16804EED13668002EAE
:10089000E7D14846BDE8F883144600B51A460A4B2E
:1008A0000D461B6885B0DE6803464CB107490191CF
:1008B000304607490294009503F0E4FA03F096FAF3
:1008C00004490C46F3E700BF080900202C910108F9
:1008D0003C9101083891010808B513460022FFF742
:1008E000DBFF00BF38B5436C05460C464BB153F8EF
:1008F000240080B1026843F824200023C0E90333B8
:1009000038BD2122042103F079FA034668640028E7
:10091000EDD1002038BD0121284601FA04F56A1DF9
:10092000920003F06BFA0028F3D0C0E90145E4E738
:1009300031B1436C4A6853F82200086043F8221032
:10094000704700BF2DE9F0414FF0000E0E461C46E7
:100950000D69074601F1140001680EF1010E8BB21A
:1009600002FB0343090C4FEA134C02FB01CC9BB280
:1009700003EB0C43754540F8043B4FEA1C44EBDCA9
:100980003CB1B368AB4207DD06EB850301355C6122
:1009900035613046BDE8F081716838460131FFF7B6
:1009A000A1FF8046A8B1326906F10C010232920023
:1009B0000C30FFF7BBFC7B6C726853F8221031607F
:1009C00043F82260464606EB850301355C613561DC
:1009D000DFE70246BA21024B0248FFF75DFF00BF86
:1009E000E49001086C9101082DE9F8431E460C467D
:1009F00026490833174681FB032C092E4FEAE3737F
:100A00000546C3EB6C0339DD4FF0010C00214FEAC2
:100A10004C0C634501F10101F9DC2846FFF762FF48
:100A2000014668B3089B092F43614FF0010303613E
:100A300012DC09270A34BE420BDDF61B264414F8EB
:100A4000013B0A222846303BFFF77CFFB4420146B7
:100A5000F5D10846BDE8F88304F10909C8463C44CD
:100A600018F8013B0A222846303BFFF76BFFA045F0
:100A70000146F5D1A7F108044C44DCE70021CCE79E
:100A80000246D321024B0348FFF706FF398EE338B5
:100A9000E49001086C910108B0F5803F03463ABF2D
:100AA000102083400020B3F1807F3CBF1B02083040
:100AB000B3F1805F3CBF1B010430B3F1804F03D31F
:100AC000002B06DB013070479B0003D45B0003D48E
:100AD000202070470230704703307047036801469A
:100AE00013F0070209D0DA0721D498074BBF5B083F
:100AF0009B08012002200B60704798B2A0B11046FD
:100B0000DAB20AB908301B0A1A0704BF1B090430FD
:100B10009A0704BF9B080230DA0703D45B0800F190
:100B2000010006D00B6070471020C340E8E70020AA
:100B300070472020704700BF38B5436C04460D460F
:100B40004BB15868B0B102685A6000220123456178
:100B5000C0E9032338BD2122042103F04FF90346E5
:100B600060640028EDD1002240F24511074B08488F
:100B7000FFF792FE1C220121204603F03FF90028D6
:100B8000F1D001220223C0E90123DEE7E49001084D
:100B90006C9101082DE9F04FD1F8108015690E46CF
:100BA000A845924685B005DB2A46534645468A4607
:100BB00090461E46DAF80830DAF8041005EB08040F
:100BC000A342B8BF0131FFF78DFE002800F08980F5
:100BD00000F1140707EB840E774505D23B4600224F
:100BE00043F8042B9E45FBD8143606EB88080AF11F
:100BF0001409464509EB850566D2A5EB0A03153BAA
:100C000023F003030AF1150A043355452CBF9B4614
:100C10004FF0040BCDF808E08246AE46039405E0A1
:100C2000090C2AD1B04507F104074AD956F8041B2C
:100C30008DB2002DF4D0CC463C46002301965CF8E2
:100C4000040B216886B28AB205FB0622000C090C4F
:100C500005FB00111A4401EB124192B242EA014233
:100C6000E64544F8042B4FEA1143E8D8019E47F8C3
:100C70000B3056F8041C090CD4D000223B684846BF
:100C80001D463C46944602889BB201FB02C202EB21
:100C9000154243EA024344F8043B50F8043B2568FC
:100CA0004FEA134CABB201FB0C33704503EB12431C
:100CB0004FEA134CE7D3B04547F80B3007F1040770
:100CC000B4D8DDE902E45046002C02DC05E0013C2A
:100CD00003D05EF8043D002BF9D0046105B0BDE8F7
:100CE000F08F02464FF4B171014B0248FFF7D4FD7B
:100CF000E49001086C91010812F003032DE9F04122
:100D0000144607462CD10E46A4101CD03D6C85B36A
:100D1000E3074FF0000806D4641014D02868A8B187
:100D20000546E307F8D52A4631463846FFF732FF35
:100D300036B17B6C716853F82120326043F8216032
:100D400064100646EAD13046BDE8F0812A462946BD
:100D50003846FFF71FFF28600546C0F80080E0E72F
:100D60000F4A013B52F823200023FFF7EBFD064614
:100D7000CAE701213846FFF7B5FD054640B140F20C
:100D800071230122C0E90423002338640360BFE714
:100D9000024640F24511034B0348FFF77DFD00BFBB
:100DA000C8940108E49001086C9101082DE9F0470E
:100DB0000C462769A36807EB62177D1C9D4290468D
:100DC000064649684FEA621904DD5B009D4201F165
:100DD0000101FADC3046FFF785FD002851D0B9F15A
:100DE000000F00F114010FDD0B464FF0000C09F16C
:100DF00005024FEA820E00EB820243F804CB9342D5
:100E0000FBD1AEF114031944226904F1140318F064
:100E10001F0803EB820C2CD08E464FF0000AC8F15D
:100E200020091A6802FA08F242EA0A024EF8042B74
:100E300053F8042B9C4522FA09FAF2D8ACEB0403D0
:100E4000153B23F00303043304F11502944538BF26
:100E5000042341F803A0BAF1000F00D13D46736CA2
:100E60006268056153F82210216043F82240BDE812
:100E7000F087043953F8042B9C4541F8042FF9D826
:100E8000ECE702464FF4EF71014B0248FFF704FD17
:100E9000E49001086C91010884460B690069C01A4E
:100EA00015D10CF1140C14310CEB830210B401EBCE
:100EB000830301E0944508D252F8044D53F8041D11
:100EC0008C42F7D004D24FF0FF3010BC704770470F
:100ED000012010BC704700BF2DE9F04F14460A698D
:100EE00023698846D21A002A83B040F0888001F135
:100EF000140604F1140202EB830206EB830301E003
:100F00009E427FD253F8045D52F8041D8D42F7D003
:100F100076D323460025444698466168FFF7E2FCF5
:100F2000002800F0898000F1140949464FF0000CB8
:100F30002769D8F8106004F1140B08F1140EC5608D
:100F400004F110020EEB86060BEB870ACDF804B015
:100F50005EF8044B52F8045F1FFA84FBABB2A3EBBC
:100F60000B03240C6344C4EB154404EB23449BB2F1
:100F700043EA0443764541F8043B4FEA244CE7D862
:100F800008F115018E4234BF00210121A6EB0806AD
:100F9000153EB608002906F101024FEA820208BF99
:100FA0000422DDF804B00BEB0204A2454A4434D914
:100FB00015462146E04651F8046BB3B263444FEA4C
:100FC000164E0EEB234E06EB08039BB243EA0E438C
:100FD0008A454FEA2E4C45F8043BEBD80AF1FF3A1C
:100FE000AAEB040A2AF0030A524423B952F8043D3A
:100FF000013F002BFAD0076103B0BDE8F08F88DA1B
:1010000001258AE70021FFF76DFC70B10122002362
:10101000C0E9042303B0BDE8F08F00294FEA86063B
:1010200008BF002609EB0602DFE7024640F237213F
:10103000054B0648FFF730FC024640F24521024BC3
:101040000248FFF729FC00BFE49001086C910108F9
:10105000124B0A460B40A3F15073002B03DD002214
:101060001946104670475B42B3F1A07F4FEA235107
:1010700006DA4FF4002300220B4119461046704750
:1010800014391E29D4BF4FF0004201224FF0000353
:10109000D8BFCA4010461946704700BF0000F07F15
:1010A000F8B5046900F1140202EB840454F8045CFE
:1010B000261F2846FFF7F0FC0346C0F120000A2B4C
:1010C000086030DDB242A3F10B071AD254F8083C95
:1010D0001FB3C7F1200C23FA0CF1BD4045EA01060D
:1010E000A4F1080546F07F51AA4203FA07F341F440
:1010F000401116D254F80C2C22FA0CF21343184665
:10110000F8BD0B2B08D0002305FA07F747F07F51F5
:10111000184641F44011F8BD002345F07F5141F4D9
:1011200040111846F8BDB2422CBF002254F8082CDA
:10113000C3F10B0703F1150325FA07FC38BFFA408A
:1011400005FA03F34CF07F511343184641F4401164
:10115000F8BD00BFF0B5012183B016461F46FFF76A
:10116000C1FB0546002847D0C7F30A54C7F3130351
:101170000CB143F48013002E019314D101A8FFF7A2
:10118000ADFC0122019B20306B612A6114B3089BE6
:10119000A4F2334404441C60099BC0F1350018607C
:1011A000284603B0F0BD68460096FFF797FC019B08
:1011B00000B30099C0F1200203FA02F2C340019388
:1011C0000A43002B6A610CBF01220222AB612A6133
:1011D000002CDCD105EB8201A0F2324308690899AA
:1011E0000B60FFF759FC099BC0EB421018602846C2
:1011F00003B0F0BD009AE4E7024640F20F31024B23
:101200000248FFF749FB00BFE49001086C91010818
:101210002DE9F04383B0884669468146FFF740FFD9
:1012200004460D46404601A9FFF73AFFD9F81030B1
:10123000D8F81020A3EB020CDDE900329B1A03EB77
:101240004C13002B0BDD05EB03573D4602460B46C6
:101250002046294605F012FC03B0BDE8F083C3EB3D
:10126000033301EB03594946F0E700BF172870B577
:1012700006460ADD002000240749084D22462B4679
:1012800005F0D2FA013EF9D170BD054B03EBC00366
:10129000D3E9040170BD00BF0000F03F000024400E
:1012A000C894010801F1FF3C116902F114034FEAEF
:1012B0006C1C03EB81010CF1010C8B4200EB8C0CDC
:1012C00016D210B5A0F1040E53F8044B99424EF813
:1012D000044FF9D88B1A153B23F003030433184449
:1012E000844504D9002340F8043B8445FBD810BD55
:1012F000844505D9002340F8043B8445FBD870475A
:10130000704700BF03694A11934200F1140009DAE3
:1013100000EB830302E053F8042DA2B98342FAD80C
:101320000020704700EB8203F8DD11F01F01F5D0BB
:1013300010B450F8224024FA01F28A40944208D0B6
:10134000012010BC70470120704753F8042D002A7B
:10135000F6D18342F9D8002010BC70472DE9F04F38
:10136000C3B01C46914609910E9305460D9004F0BA
:1013700017FA026810461492FBF78AFF13901DB10A
:101380006B6B002B01F039800999B1F90C204B6E81
:10139000950405D442F4005223F400538A814B662D
:1013A000980401F16F81099AB2F90C30190740F1E4
:1013B000E2801269002A00F0DE8003F01A030A2B93
:1013C00000F0E880002332AA19469246CDE9263380
:1013D0002592129300220023CB46CDE91023CDE9BC
:1013E00015110B919BF80030002B00F068815C46D2
:1013F00004E014F8013F002B00F04581252BF8D1C3
:10140000B4EB0B0540F042812378002B00F05781AC
:101410004FF000038DF877304FF0FF334FF00009A5
:1014200008936378CDF8289004F1010B98460BF1EE
:10143000010BA8F12003582B00F24E81DFE813F0D6
:1014400082024C014C017D024C014C014C014C01CB
:101450004C014C01460277024C01500255024C01EE
:101460007202590059005900590059005900590099
:10147000590059004C014C014C014C014C014C01EC
:101480004C014C014C014C016800C7014C01C701E3
:101490004C014C014C014C01AD024C014C01B90016
:1014A0004C014C014C014C014C01CA004C014C0157
:1014B00065064C014C014C014C014C014C014C01A6
:1014C0004C014C014C019F026A00C701C701C701D2
:1014D0009A026A004C014C018D024C01EA02BB00E9
:1014E000D902D4024C01B2024C01CC004C014C0197
:1014F00086060022A8F130031BF8018B02EB820262
:1015000003EB4202A8F13003092BF5D90A9290E7C8
:1015100049F0100919F0200F00F0AB810E9B073342
:1015200023F007031846596850F8083B0A460E9006
:101530000029C0F2B28108999DF877000029C0F215
:10154000B68129F08001069153EA020140F0AD8195
:101550000121089B002B40F05683002940F0DD84D8
:1015600019F001030C9300F0338530230DF1C7050A
:101570008DF8C73071E0099D0D98294603F082FC73
:10158000002841F07F80B5F90C3003F01A030A2BD4
:101590007FF418AF099BB3F90E30002BFFF612AFA2
:1015A00023464A4609990D9843B0BDE8F04F01F033
:1015B0001DB949F0100919F0200200F050810E9B6E
:1015C0000021073323F0070318465A6850F8083BF8
:1015D0000E900FE049F0100919F0200200F035815B
:1015E0000E9B0121073323F0070318465A6850F871
:1015F000083B0E900020089C8DF87700002C07DB3C
:1016000029F08004069453EA0204A2D0DDF8189071
:10161000012900F04C81022900F0008332AD03F073
:101620000701DB0843EA4273D208303153EA02066D
:101630002C4605F8011DF2D119F0010F00F0FC82D3
:10164000302900F0F9823023023C05F8013C2546A0
:1016500032AB1B1BCDF818900C93089B0C9A93424D
:10166000B8BF1346079300230F9310B1079B0133B4
:101670000793069B13F0020942D0079B4FF0020923
:10168000023307933CE0B4EB0B0518D0279BCAE963
:1016900000B52B442793269B0133072B269305DCAB
:1016A0000AF1080A0B9B2B440B93ADE609990D98A0
:1016B00025AA04F04FF830B90DF1C80AF2E7279BCC
:1016C000002B40F02487099B9B895B0600F1DA8799
:1016D0000B9843B0BDE8F08FB8F1000FEFD00023B6
:1016E0008DF8773001238DF8A080079328AD0C93F7
:1016F000CDF818904FF00009CDF82090CDF83C902F
:10170000069B279C13F0840305D10A9A0799561A61
:10171000002E00F303839DF8772082B10122CAF8DE
:101720000420269A013401320DF17701072A27940B
:101730002692CAF8001000F32A830AF1080AB9F1C8
:10174000000F0FD00222CAF80420269A0234013278
:101750001EA9072A27942692CAF8001000F32583B1
:101760000AF1080A802B00F0CB81089B0C9A9E1A84
:10177000002E00F30982069BDE0500F159810C9BC7
:10178000CAF800501C44CAF80430269B2794013341
:10179000072B269300F36B820AF1080A069B5A076F
:1017A00005D50A9B079A9D1A002D00F30C83DDE9ED
:1017B0000A2307998A42ACBF9B185B180B93002C35
:1017C00040F0408200230DF1C80A26930AE60E9BE2
:1017D0004FF0FF32073323F00703F3E802450E937F
:1017E00025F0004319931894DDE91867BE4B304685
:1017F0003946CDE9104505F0B1FA002840F0F383F1
:101800004FF0FF3230463946B74B05F089FA0028D1
:1018100040F0E983002200232046294605F076FAAD
:10182000002840F050869DF877000322002129F01F
:101830008003AE4D0693AE4BCDE90721B8F1470FBB
:10184000D8BF1D460C920F910FE70E9951F8043B3B
:101850000E9119F0100100F0BE830121CAE60E9925
:1018600051F8043B0E9119F0100100F04684114626
:10187000C0E60E9A19F0100F52F8043B0E9207D1F1
:1018800019F0400F04D043F3C03211461BB24FE6AB
:10189000DA1711460029BFF64EAE5B424FF02D001D
:1018A0004FF0010162EB4202A5E6DDF818900A2B29
:1018B00072F1000180F0168530338DF8C7300123B6
:1018C000CDF818900C930DF1C705C6E60E9B53F8A2
:1018D000042B002A0A920E9304DA0A9B5B420A93B5
:1018E00049F004099BF80030A0E5594611F8018B36
:1018F000B8F12A0F00F05687A8F13003092B98BFE2
:10190000002200F2C48611F8018B02EB820203EB85
:101910004202A8F13003092BF5D942EAE2738B4663
:10192000089386E59BF8003049F080097EE52B237B
:101930008DF877309BF8003078E59BF8003049F05F
:10194000010973E59DF877209BF80030002A7FF4A9
:101950006DAD20228DF8772068E59BF800306C2B68
:1019600003BF9BF8013049F020090BF1010B49F04E
:1019700010095BE59BF8003049F0400956E500226C
:1019800001210E9B8DF8772053F8042B07918DF8D9
:10199000A0200E9328AD0C91AAE69BF8003049F0E8
:1019A000080943E500260E9C089B54F8045B8DF85B
:1019B0007760002D00F0D983002BC0F273851A46A2
:1019C0003146284600F048FF002800F04E86431BB1
:1019D0000C9323EAE3739DF8770008960E94CDF8F4
:1019E000189007930F9640E69BF8003049F02009C5
:1019F0001CE547F630030E9A3E48ADF8783052F8B1
:101A0000043B02210E924FF07808002249F00209AF
:101A10001590EFE519F0200F00F062830E9B0B9AF2
:101A20001B681A60D2175A600E9B04330E93D9E4D8
:101A3000B8F1650F40F32781DDE910010022002392
:101A400005F05AF9002800F0FC810123CAF804309F
:101A5000269B294A01330134072B27942693CAF881
:101A6000002000F3BD840AF1080A1F9B129A9342DA
:101A700080F2A982139B149A1C44CAE90023269B76
:101A800027940133072B269300F363830AF1080A96
:101A9000129B5D1E002D7FF781AE102D269B40F31B
:101AA000DA801026154FDDF83480DDF8249005E04B
:101AB0000AF1080A103D102D40F3CE800133103496
:101AC000072BCAE90076CDE92634F1DD49464046C8
:101AD00025AA03F03FFE00287FF4F5ADDDE92634AA
:101AE0000DF1C80AE6E700BFFFFFEF7FA0910108F4
:101AF0009C910108C0910108DC9101080096010841
:101B00000A9B079A9E1A002E7FF72FAE102E269B57
:101B100040F3C58552462146AA464FF01009AF4F03
:101B20000D9C099D04E0103E102E02F1080215DD07
:101B300001331031072BC2E90079CDE92631F2DDFE
:101B40002946204625AA03F005FE00287FF4BBADF8
:101B5000DDE92631103E102E32AAE9DC55460C464E
:101B6000924601333444072BCDE92634CAF800707D
:101B7000CAF8046000F34684089B0C9A0AF1080A2C
:101B80009E1A002E7FF7F7AD102E269B934F2CDD6B
:101B900052462146B2464FF010092E460D9C099D33
:101BA00006E0AAF1100ABAF1100F02F1080218DDDE
:101BB00001338A481031072BC2E90009CDE92631EB
:101BC000EFDD2946204625AA03F0C4FD00287FF456
:101BD0007AADDDE92631AAF1100ABAF1100F32AA66
:101BE000E6DC35460C465646924601333444072B14
:101BF000CDE92634CAF80070CAF8046000F3D68133
:101C00000AF1080AB7E501294FF00003DDF8189042
:101C10003FF452AE02291A467FF400AD159C32AD56
:101C200003F00F01615C1B0943EA0273120905F816
:101C3000011D53EA0201F3D132AB5B1BCDF81890C2
:101C40000C930AE509990D9825AA03F083FD002855
:101C50003FF4B8AD37E5614F01332C44072BCAF888
:101C60000070CAF80450CDE926347FF795AD099984
:101C70000D9825AA03F06EFD00287FF424AD279C63
:101C80000DF1C80A8AE5129B269E012B04F101047E
:101C900006F101060AF1080840F344810123072EEA
:101CA000CDE92664CAF80050CAF8043000F3008376
:101CB000139B0136149A1C44072EC8E90023CDE972
:101CC000266400F3028308F10808129B0022DDE974
:101CD000100103F1FF39002305F00EF8002840F051
:101CE0003C81013601354C44072ECDE92664C8F805
:101CF0000050C8F8049000F3238108F10808169BEF
:101D000001361C44C8F80430072E21ABCDE9266407
:101D1000C8F80030ABDC08F1080A3FE5102E269A1F
:101D20002F4F26DD51462046AA460D9C099D17934C
:101D300004E0103E102E01F1080116DD10230132DF
:101D40001030072ACDE926200F604B60F1DD2946CF
:101D5000204625AA03F0FEFC00287FF4B4ACDDE9A0
:101D60002620103E102E32A9E8DC554604468A464D
:101D7000179B01323444072ACDE92624CAF80070A3
:101D8000CAF8046000F31D830AF1080AC3E4099944
:101D90000D9825AA179303F0DDFC00287FF493AC7F
:101DA000279C179B0DF1C80AC9E409990D9825AA2B
:101DB000179303F0CFFC00287FF485AC279C179B7A
:101DC0000DF1C80ACEE4102D269B40F36584102641
:101DD000034FDDF83480DDF8249008E00096010818
:101DE000F0950108103D102D0AF1080A16DD0133A7
:101DF0001034072BCAE90076CDE92634F2DD4946D6
:101E0000404625AA03F0A6FC00287FF45CACDDE97F
:101E10002634103D102D0DF1C80AE8DC01332C44A6
:101E2000072BCAE90075CDE926347FF7C0AC0999C4
:101E30000D9825AA03F08EFC00287FF444AC279C63
:101E4000B5E41F99002940F388820F9F129B9F429F
:101E5000A8BF1F46002F0BDD269B3C440133072BF8
:101E6000CAE900572794269300F3E1830AF1080A90
:101E70000F9E002FA8BFF61B002E00F37F811F9B33
:101E8000129A9342C0F2A981069AD00700F1A58167
:101E9000129A0F99D31A561A9E42A8BF1E46002EB8
:101EA0000EDD269A0D4401323444072ACAF8005048
:101EB000CAF804602794269200F3C5830AF1080A41
:101EC000002EB4BF1D469D1B002D7FF767AC102D63
:101ED000269B7FF7C0AE1026AE4FDDF83480DDF8CC
:101EE000249005E00AF1080A103D102D7FF7B4AEEA
:101EF00001331034072BCAE90076CDE92634F1DD31
:101F00004946404625AA03F025FC00287FF4DBABB8
:101F1000DDE926340DF1C80AE6E7089B32AD0C93E3
:101F2000FFF79BBB069BD9073FF5B8AE0123072EF1
:101F3000CDE92664CAF80050CAF804307FF7DFAE56
:101F400009990D9825AA03F005FC00287FF4BBAB86
:101F5000DDE926640DF1C808D1E6129B012B7FF75D
:101F6000CEAE112B40F35B8210258A4FDDF834A0F2
:101F700007E008F10808A9F11009B9F1100F40F3C2
:101F80004F8201361034072EC8E90075CDE926646A
:101F9000EFDD5046099925AA03F0DCFB00287FF409
:101FA00092ABDDE926640DF1C808E4E709990D98C4
:101FB00025AA03F0CFFB00287FF485AB279C0DF109
:101FC000C80AFFF7D8BB069BDD077FF5E7AB51E5F5
:101FD00032ADFFF742BB19F040021CBF0A469BB26C
:101FE0000121FFF707BBDDE9100102460B4604F0B3
:101FF000B5FE002840F09683089B28F020065A1C66
:1020000000F03083472E03D1002B08BF0123089333
:1020100049F48070DDE91012002A0690C0F2EC82CB
:1020200000231793DDE91034CDE91A34B8F1650FB8
:1020300000F0B88200F3F482B8F1450F00F0B282EC
:10204000089B0D9801930223009323AB049320ABCC
:1020500003931FAB0293DDE91A2301F0C7FF19F0C8
:10206000010F054600F0CD80089BC4180022DDE971
:102070001A01002304F040FE002840F04482239B14
:10208000A34206D230215A1C23921970239B9C42F2
:10209000F9D81F9A0F925B1B472E129300F0B6805F
:1020A000B8F1660F40F0CC800F99089A09F001034F
:1020B000002943EA020340F35F83002B40F04D8385
:1020C0004FF066080F9B07930C93179B002B00F0B3
:1020D00087822D238DF8773000230893FFF7C6BA47
:1020E00019F0100F40F0888019F0400F00F0848044
:1020F0000E9B0B9A1B681A8096E419F040021CBFD5
:102100000A469BB21146FFF775BA234B159319F097
:10211000200200F0BF800E9B073323F0070319460F
:102120005A6851F8083B0E9119F0010F00F0AF808A
:1021300053EA020100F0AB8030218DF879808DF8F0
:10214000781049F002090221FFF754BA134B159396
:10215000DDE709990D9825AA03F0FCFA00287FF421
:10216000B2AA279C0DF1C80A92E4062B28BF0623C9
:102170000B4D0C930E940793FFF7BABA102E269BC3
:1021800040F31C8322464FF01008024FDDF83490D4
:10219000099C0DE000960108AC910108C09101086E
:1021A000D49101080AF1080A103E102E40F39081E4
:1021B00001331032072BCAE90078CDE92632F1DD70
:1021C0002146484625AA03F0C5FA00287FF47BAAD9
:1021D000DDE926320DF1C80AE6E7139A1499144492
:1021E000CAE90012269A27940132072A269200F3A0
:1021F0000A820AF1080A4BE60E9B0B9A1B681A60CA
:1022000012E4239B1B1A12931F9B0F930F9BDF1C3F
:1022100014DB089A9A4211DB129B0F9A934200F347
:10222000418219F0010F0F9B1CBF139A9B180C934E
:102230004FF0670823EAE373079346E7A8F1020823
:102240000F9A8DF88480531E002BA8BF2B221F935A
:10225000BCBFC2F101032D22092B8DF8852000F3AC
:102260005D8130338DF8873030238DF8863004233C
:102270001693129A169B012A13440C9340F326825C
:102280000C9B139A134400220C930F92D2E7022165
:10229000FFF7B0B90E9951F8043B0E9119F01001F7
:1022A0007FF442AF19F040021CBF0A469BB23BE7E5
:1022B00009990D9825AA03F04DFA00287FF403AA86
:1022C000DDE926640DF1C808F2E409990D9825AA04
:1022D00003F040FA00287FF4F6A9DDE926640DF149
:1022E000C808F2E44FF0CC3E0527CDE90689BF4C83
:1022F00032AD9C461646991841F10001A4FB0189B4
:1023000029F0030808EB9908A1EB08015B1A62F1B8
:1023100000080EFB03F204FB0822A3FB048308F071
:1023200001091A44A9FB07395B18BCF10A0F03F134
:1023300030034FEA580876F1000605F8013D48EAF7
:10234000C2734FEA5202D4D2DDE9068932AB5B1B7D
:10235000CDF818900C93FFF780B90123CAF8043028
:10236000269BA34A01330134072B27942693CAF8EE
:10237000002000F3BB800AF1080A00295CD1069B0B
:10238000129A03F0010313433FF408AA139B149914
:102390001A19CAE90013269B27920133072B2693AB
:1023A00000F3E6800AF1080A129901338C18072B12
:1023B000CDE92634CAF80050CAF804107FF7ECA91A
:1023C00055E409990D9825AA179303F0C3F900283D
:1023D0007FF479A9279C179B0DF1C80AFFF79BB9D9
:1023E00009990D9825AA03F0B5F900287FF46BA987
:1023F000279C0DF1C80AFFF738BB0D98FDF774F85C
:10240000FEF7C2BF09990D9825AA03F0A3F9002889
:102410007FF459A9279C0DF1C80AFFF7A6B9754F9B
:1024200001364C44072ECDE92664C8F80070C8F880
:1024300004907FF762AC83E5139B14981A19CAE9DC
:102440000003269B27920133072B269300F39080ED
:102450000AF1080A0029A7DA4E42103180F23C81C5
:102460001024644FDDF83480DDF8249005E00AF193
:10247000080A103E102E40F3308101331032072B32
:10248000CAE90074CDE92632F1DD4946404625AA65
:1024900003F060F900287FF416A9DDE926320DF17A
:1024A000C80AE6E72846FAF7F3FE034623EAE37391
:1024B0000C9008969DF877000E94CDF818900F9622
:1024C0000793FFF7D2B82D208DF87700FFF7ADB94D
:1024D000144601333444072BCDE92634CAF8007082
:1024E000CAF8046052DC0AF1080AC8E409990D9898
:1024F00025AA03F02FF900287FF4E5A81F99279C4F
:102500000DF1C80A39E71F9A23460F92C3E50999CE
:102510000D9825AA03F01EF9FFF7D5B80DF1930623
:102520003246324F1C461046A7FB0321C90801EB77
:102530008102A3EB42023032632C00F8012C0B46DF
:1025400000F1FF32EEDC303302F8013C831EB3426F
:1025500080F025810DF1850213F8011BB34202F8CA
:10256000011FF9D142AB181AA0F17103169380E64E
:1025700009990D9825AA03F0EDF800287FF4A3A887
:10258000DDE926321F990DF1C80A63E709990D9814
:1025900025AA03F0DFF800287FF495A8279C0DF109
:1025A000C80A6CE40223089A571CCDE9003723AB14
:1025B000049320AB03931FAB02930D98DDE91A231C
:1025C00001F014FDB8F1660F054600EB07047FF437
:1025D0004DAD2B78302B00F098801F9F3C4445E593
:1025E000179B9DF877000893FFF73FB8CDCCCCCC74
:1025F000DC910108009601082D23179302F1004396
:102600001A911B9312E509990D9825AA03F0A2F8D7
:1026100000287FF458A81F9B279C0DF1C80A37E4B7
:10262000B8F1660F7FF40CAD0323089FBDE709994D
:102630000D9825AA03F08EF800287FF444A8279C63
:102640000DF1C80A14E409990D9825AA03F082F83F
:1026500000287FF438A81F9B129A279C0DF1C80A06
:10266000D31A2DE406230893D2E4089B0E94079313
:102670000C9303460890CDF818909DF877000F93BF
:10268000FEF7F3BF4FF0FF330B93FFF721B80023A2
:102690008B460893FEF7CDBE494FFFF7BFBB494FAE
:1026A000FFF75FBADDE9123213440F9A0C93002A48
:1026B0003FF7BEAD0F9B0C9AC3F101031A4422EA07
:1026C000E2734FF067080C920793FEE419F00102E1
:1026D0000F927FF4D5ADADE53A4F01333244072B6D
:1026E000CDE92632CAF80070CAF804607FF75AAE06
:1026F00009990D9825AA03F02DF800287EF4E3AF80
:10270000DDE926320DF1C80A4EE60022DDE91A01A4
:10271000002304F0F1FA50B31F9B1C440F93631B7A
:102720001293C1E4119B0322002BB8BF2D204FF060
:10273000000129F08003244D0693244BACBF9DF883
:1027400077008DF87700CDE90721B8F1470FD8BFA2
:102750001D460C920F91FEF788BF139B4FF0660841
:102760001A4453180C9323EAE3730793ADE4C7F1BB
:1027700001071F973C4479E42BB901234FF0660809
:1027800007930C93A1E4139B03F10108089B4344B6
:102790000C9323EAE3734FF06608079395E4022352
:1027A000169366E50E9A9BF801308B4652F8041B8F
:1027B0000E9241EAE1720892FEF738BE014F88E6B8
:1027C000F095010800960108A8910108A49101085C
:1027D0008C4600B586461346034A714610685DF87C
:1027E00004EB6246FEF7BABD08090020F0B54FF4CD
:1027F00080650024ADF26C4DCDE905540C46029580
:10280000A5891AAF25F00205ADF80C50656E694632
:102810001995E5890646ADF80E50E56900970795CC
:10282000656A04970995FEF799FD051E07DB694661
:102830003046FDF7D1FF002818BF4FF0FF35BDF837
:102840000C305B0603D5A38943F04003A3812846DF
:102850000DF26C4DF0BD00BF5FFA81FC810744D0E2
:102860000346511E22B909E09A0709D0013905D360
:102870001846027801336245F6D170470020704750
:10288000184603290CD80029F8D00346014401E07A
:102890008B42F3D0184613F8012B6245F8D17047EC
:1028A00010B50CEB0C24024604EB044402E004399E
:1028B000032915D9104652F8043B6340A3F1013EA9
:1028C0002EEA030313F0803FF1D00346014401E0F8
:1028D0008B4208D0184613F8012B6245F8D110BD81
:1028E00010460029F1D1002010BD1146C9E700BFF4
:1028F00011F0FF01034600F0030239D08ABB0268E1
:1029000010B501EB012E0EEB0E4E8EEA0204A2F181
:10291000013323EA0203A4F1013222EA0402134341
:1029200013F0803F0FD150F8044F84EA0E0CA4F14D
:102930000133ACF1013223EA040322EA0C0213430F
:1029400013F0803FEFD0037823B936E010F8013F51
:10295000002B32D09942F9D110BD8A4228D09A0773
:1029600029D01A7818460133002AF6D1104670474C
:10297000CAB90268A2F1013323EA020313F0803FCF
:1029800008D150F8042FA2F1013323EA020313F017
:10299000803FF6D003785BB110F8013F002BFBD1EC
:1029A0007047990705D0184613F8012B002AF8D173
:1029B00070471846DDE71846A1E7184610BD00BF6E
:1029C0002DE9F04FC3B00C460C9192460E930D903A
:1029D00002F0E6FE036818461493FAF759FCA3893F
:1029E0001390190603D52369002B00F0BE8600233F
:1029F00032AA19469146CDE9263325921293002238
:102A00000023D346CDE91023CDE915110A919BF897
:102A10000030002B00F046815C4604E014F8013FD2
:102A2000002B00F02381252BF8D1B4EB0B0540F0EF
:102A300020812378002B00F035814FF000034FF008
:102A4000000A8DF877304FF0FF33CDE9083A63780C
:102A500004F1010B98460BF1010BA8F12003582B50
:102A600000F22D81DFE813F050022B012B014B0205
:102A70002B012B012B012B012B012B0114024502F1
:102A80002B011E0223022B0140025900590059005C
:102A90005900590059005900590059002B012B01C8
:102AA0002B012B012B012B012B012B012B012B01C6
:102AB0006800A6012B01A6012B012B012B012B0184
:102AC0007B022B012B0198002B012B012B012B01E9
:102AD0002B01A9002B012B0158062B012B012B01E7
:102AE0002B012B012B012B012B012B012B016D0243
:102AF0006A00A601A601A60168026A002B012B014B
:102B00005B022B01B8029A00A702A2022B018002ED
:102B10002B01AB002B012B0179060022A8F1300319
:102B20001BF8018B02EB820203EB4202A8F1300397
:102B3000092BF5D9099290E74AF0100A1AF0200FF4
:102B400000F076810E9B073323F00703184659687F
:102B500050F8083B0A460E900029C0F2918108996E
:102B60009DF87700002908DB2AF08001069153EADE
:102B7000020100F0B583DDF818A00A2B72F1000104
:102B800080F0898630338DF8C7300123CDF818A046
:102B90000B930DF1C70553E04AF0100A1AF020021A
:102BA00000F05F810E9B0021073323F007031846D6
:102BB0005A6850F8083B0E900FE04AF0100A1AF0DD
:102BC000200200F044810E9B0121073323F007030C
:102BD00018465A6850F8083B0E900020089C8DF863
:102BE0007700002C08DB2AF08004069453EA0204E4
:102BF00000F07783DDF818A00129BED0022900F08B
:102C0000EF8232AD03F00701DB0843EA4273D208DA
:102C1000303153EA02062C4605F8011DF2D11AF0B4
:102C2000010F00F0EB82302900F0E8823023023CF3
:102C300005F8013C254632AB1B1BCDF818A00B93C1
:102C4000089B0B9A9342B8BF1346079300230F9338
:102C500010B1079B01330793069B13F0020A42D081
:102C6000079B4FF0020A023307933CE0B4EB0B05DD
:102C700018D0279BC9E900B52B442793269B013325
:102C8000072B269305DC09F108090A9B2B440A93BC
:102C9000CFE625AADDE90C1002F0EEFB30B90DF10C
:102CA000C809F2E7279B002B40F065870C9B9B89A6
:102CB0005B0601F12A800A9843B0BDE8F08FB8F1B5
:102CC000000FEFD000238DF8773001238DF8A0801E
:102CD000079328AD0B93CDF818A04FF0000ACDF85C
:102CE00020A0CDF83CA0069B279C13F0840305D1BF
:102CF000099A0799561A002E00F305839DF877204C
:102D000082B10122C9F80420269A013401320DF162
:102D10007701072A27942692C9F8001000F32C8324
:102D200009F10809BAF1000F0FD00222C9F80420F6
:102D3000269A023401321EA9072A27942692C9F83E
:102D4000001000F3278309F10809802B00F0BA81F5
:102D5000089B0B9A9E1A002E00F3F881069BDE0555
:102D600000F148810B9BC9F800501C44C9F804309D
:102D7000269B27940133072B269300F35A8209F1EF
:102D80000809069B5A0705D5099B079A9D1A002D2D
:102D900000F30E83DDE9092307998A42ACBF9B1833
:102DA0005B180A93002C40F02F8200230DF1C80914
:102DB00026932CE60E9B4FF0FF32073323F00703D8
:102DC000F3E802450E9325F0004319931894DDE9CA
:102DD0001867B64B30463946CDE9104503F0BEFFC3
:102DE000002840F026844FF0FF3230463946AF4B82
:102DF00003F096FF002840F01C84002200232046A8
:102E0000294603F083FF002840F043869DF87700B1
:102E1000032200212AF08003A54D0693A54BCDE99E
:102E20000721B8F1470FD8BF1D460B920F910FE74E
:102E30000E9A1AF0100F52F8043B0E921BD11AF0A2
:102E4000400F18D043F3C03211461BB284E60E99EE
:102E500051F8043B0E911AF0100100F0E2830121B9
:102E6000BBE60E9951F8043B0E911AF0100100F0E8
:102E7000D0831146B1E6DA1711460029BFF66FAECE
:102E80005B424FF02D004FF0010162EB4202A5E6DC
:102E90000E9B53F8042B002A09920E9304DA099B27
:102EA0005B4209934AF0040A9BF80030D2E5594688
:102EB00011F8018BB8F12A0F00F06F87A8F13003E9
:102EC000092B98BF002200F2DF8611F8018B02EB7C
:102ED000820203EB4202A8F13003092BF5D942EA42
:102EE000E2738B460893B8E59BF800304AF0800AFD
:102EF000B0E52B238DF877309BF80030AAE59BF8DE
:102F000000304AF0010AA5E59DF877209BF80030D3
:102F1000002A7FF49FAD20228DF877209AE59BF858
:102F200000306C2B03BF9BF801304AF0200A0BF1F4
:102F3000010B4AF0100A8DE59BF800304AF0400A78
:102F400088E5002201210E9B8DF8772053F8042B91
:102F500007918DF8A0200E9328AD0B91BBE69BF84E
:102F600000304AF0080A75E500260E9C089B54F8CC
:102F7000045B8DF87760002D00F03285002BC0F2E5
:102F800003841A4631462846FFF766FC002800F005
:102F90006A86431B0B9323EAE3739DF87700089638
:102FA0000E94CDF818A007930F9651E69BF80030C9
:102FB0004AF0200A4EE547F630030E9A3E48ADF837
:102FC000783052F8043B02210E924FF0780800222C
:102FD0004AF0020A159000E61AF0200F00F00C8368
:102FE0000E9B0A9A1B681A60D2175A600E9B043314
:102FF0000E930CE5B8F1650F40F32781DDE9100170
:103000000022002303F078FE002800F00E82012346
:10301000C9F80430269B294A01330134072B279431
:103020002693C9F8002000F3B48409F108091F9B16
:10303000129A934203DB069BDD077FF5A2AE139B3A
:10304000149A1C44C9E90023269B27940133072BBB
:10305000269300F3B88409F10809129B5D1E002D28
:103060007FF78FAE102D269B40F3D780DDE90CA8AB
:103070001026134F05E009F10809103D102D40F30B
:10308000CD8001331034072BC9E90076CDE9263411
:10309000F1DD5146404625AA02F0EEF900287FF402
:1030A00005AEDDE926340DF1C809E6E7FFFFEF7F45
:1030B000A09101089C910108C0910108DC910108D0
:1030C00020960108099B079A9E1A002E7FF740AEB2
:1030D000102E269B40F3E0854A462146A946DDE9AD
:1030E0000C544FF0100AB74F04E0103E102E02F1BE
:1030F000080215DD01331031072BC2E9007ACDE952
:103100002631F2DD2946204625AA02F0B5F900282D
:103110007FF4CCADDDE92631103E102E32AAE9DC79
:103120004D460C46914601333444072BCDE92634F5
:10313000C9F80070C9F8046000F33884089B0B9A42
:1031400009F108099E1A002E7FF708AE102E269B63
:103150009C4F2CDD4A462146B1464FF0100A2E46C0
:10316000DDE90C5406E0A9F11009B9F1100F02F1E4
:10317000080218DD013393481031072BC2E9000A19
:10318000CDE92631EFDD2946204625AA02F074F963
:1031900000287FF48BADDDE92631A9F11009B9F1E2
:1031A000100F32AAE6DC35460C464E4691460133F6
:1031B0003444072BCDE92634C9F80070C9F80460FF
:1031C00000F3F08109F10809C8E501294FF0000377
:1031D000DDF818A03FF4D6AC02291A467FF411ADF1
:1031E000159C32AD03F00F01615C1B0943EA0273C9
:1031F000120905F8011D53EA0201F3D132AB5B1B42
:10320000CDF818A00B931BE525AADDE90C1002F000
:1032100033F900283FF4C9AD48E56A4F01332C4427
:10322000072BC9F80070C9F80450CDE926347FF7A0
:10323000A6ADDDE90C1025AA02F01EF900287FF4E6
:1032400035AD279C0DF1C8099BE5129B269E012BED
:1032500004F1010406F1010609F1080840F35E815A
:103260000123072ECDE92664C9F80050C9F80430BF
:1032700000F3A581139B0136149A1C44072EC8E95C
:103280000023CDE9266400F3A78108F10808129B0A
:103290000022DDE9100103F1FF39002303F02CFDCA
:1032A000002840F05681013601354C44072ECDE907
:1032B0002664C8F80050C8F8049000F33D8108F176
:1032C0000808169B01361C44C8F80430072E21ABB1
:1032D000CDE92664C8F80030ABDC08F1080950E5F8
:1032E0000121089B002B7FF470AF002940F0118171
:1032F0001AF001030B9300F07C8130230DF1C70518
:103300008DF8C7309CE4102E269A2F4F26DD4946B3
:103310002046A946DDE90C54179304E0103E102E18
:1033200001F1080116DD102301321030072ACDE922
:1033300026200F604B60F1DD2946204625AA02F0C9
:103340009BF800287FF4B2ACDDE92620103E102E59
:1033500032A9E8DC4D4604468946179B01323444C5
:10336000072ACDE92624C9F80070C9F8046000F3E3
:10337000018309F10809C1E425AADDE90C101793BE
:1033800002F07AF800287FF491AC279C179B0DF18E
:10339000C809C7E425AADDE90C10179302F06CF800
:1033A00000287FF483AC279C179B0DF1C809CCE45F
:1033B000102D269B40F36D84DDE90CA81026024FEA
:1033C00009E000BF2096010810960108103D102D5D
:1033D00009F1080916DD01331034072BC9E900761D
:1033E000CDE92634F2DD5146404625AA02F044F8E4
:1033F00000287FF45BACDDE92634103D102D0DF183
:10340000C809E8DC01332C44072BC9E90075CDE974
:1034100026347FF7BFACDDE90C1025AA02F02CF8AA
:1034200000287FF443AC279CB4E41F99002940F3A3
:103430006D820F9F129B9F42A8BF1F46002F0BDD7E
:10344000269B3C440133072BC9E900572794269358
:1034500000F3EB8309F108090F9E002FA8BFF61BAC
:10346000002E00F3A9811F9B129A934280F278816B
:10347000139A14991444C9E90012269A2794013228
:10348000072A269200F3178309F10809129A0F9967
:10349000D31A561A9E42A8BF1E46002E0EDD269A4B
:1034A0000D4401323444072AC9F80050C9F80460B9
:1034B0002794269200F3C88309F10809002EB4BFAF
:1034C0001D469D1B002D7FF75CAC102D269B7FF7C2
:1034D000A4AEDDE90CA81026B44F05E009F10809F7
:1034E000103D102D7FF79AAE01331034072BC9E938
:1034F0000076CDE92634F1DD5146404625AA01F09B
:10350000BBFF00287FF4D2ABDDE926340DF1C809FA
:10351000E6E7089B32AD0B93FFF792BB069BD907FA
:103520003FF59EAE0123072ECDE92664C9F8005071
:10353000C9F804307FF7C5AEDDE90C1025AA01F00B
:103540009BFF00287FF4B2ABDDE926640DF1C808CB
:10355000B7E6129B012B7FF7B4AE112B40F34982E3
:103560001025924FDDF834A007E008F10808A9F112
:103570001009B9F1100F40F33D8201361034072EC7
:10358000C8E90075CDE92664EFDD50460C9925AAFF
:1035900001F072FF00287FF489ABDDE926640DF1AC
:1035A000C808E4E725AADDE90C1001F065FF002852
:1035B0007FF47CAB279C0DF1C809FFF7CFBB25AA90
:1035C000DDE90C1001F058FF00287FF46FABDDE956
:1035D00026640DF1C8084DE625AADDE90C1001F0BE
:1035E0004BFF00287FF462ABDDE926640DF1C808CB
:1035F0004DE632ADFFF724BB1AF0100F40F0028108
:103600001AF0400F00F0FE800E9B0A9A1B681A8089
:10361000ECE41AF040021CBF0A469BB21146FFF7C9
:10362000DCBA1AF040021CBF0A469BB20121FFF728
:10363000D4BADDE9100102460B4603F08FFB0028E7
:1036400040F07583089B28F020065A1C00F0F98290
:10365000472E03D1002B08BF012308934AF4807042
:10366000DDE91012002A0690C0F23A820023179377
:10367000DDE91034CDE91A34B8F1650F00F00083AC
:1036800000F33582B8F1450F00F0FA82089B0D98DF
:1036900001930223009323AB049320AB03931FAB4E
:1036A0000293DDE91A2300F0A1FC1AF0010F054690
:1036B00000F0AE80089BC4180022DDE91A01002347
:1036C00003F01AFB002840F03382239BA34206D26A
:1036D00030215A1C23921970239B9C42F9D81F9ABF
:1036E0000F925B1B472E129300F09780B8F1660F84
:1036F00040F099800F99089A0AF00103002943EAE3
:10370000020340F36982002B40F02C830F9B4FF0A3
:10371000660807930B9324E2254B15931AF02002B9
:1037200000F0AB800E9B073323F0070319465A685D
:1037300051F8083B0E911AF0010F00F09B8053EAFC
:10374000020100F0978030218DF879808DF8781093
:103750004AF0020A0221FFF740BA164B1593DDE743
:10376000069AD0077FF592AE82E640210D98FBF7CE
:103770004FFF0C9B18601861002800F0C3824023A3
:103780000C9A5361FFF733B92846F9F781FD0346D8
:1037900023EAE3730B9008969DF877000E94CDF81A
:1037A00018A00F960793FFF753BA00BF20960108A1
:1037B000AC910108C0910108102E269B40F3FC82B9
:1037C0002246DDE90C4A4FF01008C14F05E009F12F
:1037D0000809103E102E40F34D8101331032072BA3
:1037E000C9E90078CDE92632F1DD2146504625AA07
:1037F00001F042FE00287FF459AADDE926320DF1DE
:10380000C809E6E70E9B0A9A1B681A60FFF7EEBB31
:10381000239B1B1A12931F9B0F930F9BDF1C80F29D
:103820008B81A8F102080F9A8DF88480531E002B1B
:10383000A8BF2B221F93BCBFC2F101032D22092B6D
:103840008DF8852000F39E8130338DF8873030234A
:103850008DF8863004231693129A169B012A13447E
:103860000B9340F335820B9B139A134400220B9366
:103870000F9273E10221FFF7B0B90E9951F8043BA2
:103880000E911AF010017FF456AF1AF040021CBFDF
:103890000A469BB24FE74FF0CC3E0527CDE9068A9A
:1038A0008C4C32AD9C461646991841F10001A4FBA0
:1038B000018A2AF0030808EB9A08A1EB08015B1AB9
:1038C00062F100080EFB03F204FB0822A3FB048351
:1038D00008F0010A1A44AAFB073A5B18BCF10A0F68
:1038E00003F130034FEA580876F1000605F8013D70
:1038F00048EAC2734FEA5202D4D2DDE9068A32ABFB
:103900005B1BCDF818A00B93FFF79AB90123C9F8F8
:103910000430269B704A01330134072B27942693E9
:10392000C9F8002000F3BA8009F1080900296DD117
:10393000069B129A03F0010313433FF422AA139B40
:1039400014991A19C9E90013269B27920133072BF2
:10395000269300F34A8109F10809129901338C1862
:10396000072BCDE92634C9F80050C9F804107FF7B9
:1039700006AA5EE425AADDE90C10179301F07CFD90
:1039800000287FF493A9279C179B0DF1C809FFF726
:10399000B5B925AADDE90C1001F06EFD00287FF411
:1039A00085A9279C0DF1C809FFF741BB25AADDE9D0
:1039B0000C1001F061FD00287FF478A9279C0DF11F
:1039C000C809FFF7C5B925AADDE90C1001F054FDBF
:1039D00000287FF46BA9279C0DF1C809FFF73DBBB8
:1039E000062B28BF06233D4D0B930E940793FFF73C
:1039F00072B9374F01364C44072ECDE92664C8F81A
:103A00000070C8F804907FF75AAC95E5139B1498A2
:103A10001A19C9E90003269B27920133072B269325
:103A200000F3E38009F10809002996DA4E421031CB
:103A300080F23581DDE90CA81024254F05E009F15D
:103A40000809103E102E40F32B8101331032072B52
:103A5000C9E90074CDE92632F1DD5146404625AA78
:103A600001F00AFD00287FF421A9DDE926320DF1DD
:103A7000C809E6E7144601333444072BCDE9263460
:103A8000C9F80070C9F8046000F3BD8009F10809A5
:103A9000E9E42D208DF87700FFF7BAB925AADDE912
:103AA0000C1001F0E9FC00287FF400A91F99279C65
:103AB0000DF1C8093AE725AADDE90C1001F0DCFC9C
:103AC00000287FF4F3A81F9B279C0DF1C809DDE4B3
:103AD00020960108CDCCCCCCDC910108D491010812
:103AE0002D23179302F100431A911B93C4E5B8F1FB
:103AF000660F7FF4CBAD0323089FCDE9003723ABDE
:103B0000049320AB03931FAB02930D98DDE91A23B6
:103B100000F06CFAB8F1660F054600EB07047FF47D
:103B2000CBAD2B78302B00F0F5801F9F3C44C3E5D4
:103B30001F9A23460F92D4E5089A9A42FFF671AE77
:103B4000129B0F9A934200F3C9801AF0010F0F9B4A
:103B50001CBF139A9B180B934FF0670823EAE3737B
:103B60000793179B002B5AD02D238DF87730002315
:103B70000893FFF76EB825AADDE90C1001F07CFC74
:103B8000FFF794B80DF1930632468C4F1C46104651
:103B9000A7FB0321C90801EB8102A3EB42023032EB
:103BA000632C00F8012C0B4600F1FF32EEDC3033C1
:103BB00002F8013C831EB34280F0FB800DF18502C8
:103BC00013F8011BB34202F8011FF9D142AB181AD6
:103BD000A0F1710316933FE6002B40F0D280012341
:103BE0004FF0660807930B93BBE725AADDE90C109D
:103BF00001F042FC00287FF459A8DDE926321F9924
:103C00000DF1C80910E725AADDE90C1001F034FC1C
:103C100000287FF44BA8279C0DF1C80923E4179BCB
:103C20009DF877000893FFF713B825AADDE90C107B
:103C300001F022FC00287FF439A8279C0DF1C80967
:103C40000AE40623089309E525AADDE90C1001F032
:103C500013FC00287FF42AA81F9B129A279C0DF1C1
:103C6000C809D31A2AE4089B0E9407930B930346C2
:103C70000890CDF818A09DF877000F93FEF7E8BFE5
:103C8000089A0223571C38E700238B460893FEF757
:103C9000E4BE4B4FFFF7B6BB4A4FFFF744BA494F5C
:103CA00001333244072BCDE92632C9F80070C9F838
:103CB00004607FF750AEDDE90C1025AA01F0DCFBB3
:103CC00000287EF4F3AFDDE926320DF1C80944E6A1
:103CD0001AF001020F927FF4C6AD3FE7DDE9123220
:103CE00013440F9A0B93002A3FF736AF0F9B0B9AA2
:103CF000C3F101031A4422EAE2734FF067080B9202
:103D000007932EE70C230D9A13604FF0FF330A93AD
:103D1000FEF7D1BF0022DDE91A01002302F0ECFF1B
:103D200050B31F9B1C440F93631B1293E2E4119B3F
:103D30000322002BB8BF2D204FF000012AF0800392
:103D4000214D0693214BACBF9DF877008DF877008D
:103D5000CDE90721B8F1470FD8BF1D460B920F914F
:103D6000FEF776BF139B4FF066081A4453180B9367
:103D700023EAE3730793F4E6C7F101071F973C4476
:103D80009AE4139B03F10108089B43440B9323EA35
:103D9000E3734FF066080793E3E60E9A9BF8013051
:103DA0008B4652F8041B0E9241EAE1720892FEF72C
:103DB00051BE022316934FE5024F5CE6CDCCCCCC2E
:103DC0001096010820960108A8910108A491010805
:103DD000082802D14FF48050704708B5FCF7A4F8CA
:103DE000162203464FF0FF301A6008BD062008B5C2
:103DF00001F00CFC012002F059FB00BF38B5A1FB1B
:103E0000021454BBFBF704FC054650B350F8042CD5
:103E100022F00302043A242A10D8132A13D91B2AA9
:103E2000C0E9004416D9242AC0E902440ABFC0E907
:103E3000044400F1100200F1180205E02146F9F7F0
:103E400055FA284638BD024600232846C2E9003309
:103E5000936038BD00F10802F6E7FCF765F80C2323
:103E600003600025284638BD0CB400B583B004AB10
:103E700053F8042B019301F0ADFC03B05DF804EBA3
:103E800002B070470EB400B5074A82B003AB0146DA
:103E9000106853F8042B019301F09CFC02B05DF80C
:103EA00004EB03B0704700BF0809002000000000C9
:103EB0002DE9F04F03690C6985B0A342C0F29180EF
:103EC0008146013C01F1140509F1140855F824302C
:103ED00058F824C001339C45BCFBF3F64FEA84003C
:103EE00005EB840708EB840243D34FF0000CAA468D
:103EF000CDE90105C646634665469346CDF80C807C
:103F00005AF8040BDEF800201FFA80FC06FB0C5563
:103F10004FEA10484FEA154C06FB08CCADB290B200
:103F2000401B18441FFA8CF3C3EB204303EB1243EE
:103F300080B240EA034057454EF8040B4FEA1C4557
:103F40004FEA2343DCD2DDE90105DDF80C8058F8A7
:103F5000003073B9ABF10402904504D307E09045FB
:103F600004F1FF3403D252F80439002BF7D0C9F81A
:103F700010404846FCF790FF00282EDB4146002207
:103F800055F8040BD1F800C01FFA80FE1FFA8CF31D
:103F9000A3EB0E031344020CC2EB234202EB1C42C0
:103FA0009BB243EA0243AF4241F8043B4FEA22424C
:103FB000E6D258F8242008EB84036AB9043B434551
:103FC00004D807E0984504F1FF3403D253F80429DC
:103FD000002AF7D0C9F810400136304605B0BDE8D8
:103FE000F08F002005B0BDE8F08F00BF2DE9F04F45
:103FF00016461F46816B9DB0CDE90667299D03904B
:1040000049B10123C26B044693408B604A60FCF7C0
:104010008FFC0023A363B7F10009B4BF0123002381
:104020002B60794BBCBF29F00049CDF81C9033EAD6
:10403000090300F0AD80DDE9063418462146002270
:104040000023CDE9040102F057FE804668B1012348
:10405000289A13602A9B13B16C4B2A9A13606C4BFD
:10406000089308981DB0BDE8F08F1AAB01931BAB05
:1040700000930398DDE90423FDF76CF85FEA195516
:10408000824640F09B80DDE91A85454405F23243C3
:10409000202B40F38D83C3F1400309FA03F905F2A5
:1040A000124326FA03F349EA030002F043FB01231B
:1040B000013D1193A1F1F8710022564B02F0FCF979
:1040C0004BA3D3E9002302F0AFFB4BA3D3E90023BA
:1040D00002F0F4F9064628460F4602F03BFB48A3DF
:1040E000D3E9002302F0A0FB02460B4630463946D6
:1040F00002F0E4F906460F4602F046FE00220446AE
:10410000099000233046394602F000FE002840F0B6
:104110002583099CA8EB050808F1FF33162C0A93A8
:1041200000F29181DDE904013B4B03EBC403D3E9C9
:10413000002302F0EBFD002874D0631E09930023D6
:10414000109308F1FF33002BC0F2848100230B93FE
:10415000099B002B6CDA099B0B9A0E93D21A5B42D7
:104160000F9300230993269B0B92092B6AD8052BEA
:1041700040F323830025043B2693269B023B032B1D
:1041800000F24186DFE813F072046F0466044A040B
:1041900042F20F73289AC9F3130959EA060913600A
:1041A0001CD12A9B002B00F04E861C4B0893083331
:1041B0002A9A089813601DB0BDE8F08FDDE904125B
:1041C000C2F31303084643F07F51CDF84480A5F2B3
:1041D000FF35DDF8688041F440116DE72A9B002B24
:1041E00040F0F7830E4B08933BE700BFAFF300802E
:1041F00061436F63A787D23FB3C8608B288AC63FED
:10420000FB799F501344D33F0000F07FDD910108FC
:10421000DC9101080000F83FD8940108E091010802
:10422000EC910108B8F1000F40F3A88410900B90B6
:10423000DDE9092313440A9300230F93269B0E9272
:10424000092B94D9002301254FF0FF3B2693279398
:104250000C950021039BCDF860B0D9630398FCF75F
:1042600041FB0890002800F0D785039B089ABBF11A
:104270000E0F9A6300F21981002D00F016810E993D
:10428000002940F34984B44B01F00F0203EBC20351
:10429000C8054FEA2115D3E9006740F10A84DDE93A
:1042A0000401AE4B4FF00309D3E9082302F0E6FB0B
:1042B000CDE9120105F00F058DB1DFF8A082E90705
:1042C00009D5D8E900233046394602F0ADFA064652
:1042D0000F4609F101096D1008F10808EFD1DDE979
:1042E00012013B46324602F0C9FB07468846109B46
:1042F00043B1002238464146994B02F007FD0028A1
:1043000040F01085484602F025FA3A46434602F04E
:104310008BFA0022934B02F0D1F80446A1F15075BC
:10432000BBF1000F00F0AA800E9BCDF848B01993A6
:104330004146384602F028FD1299874BCDE91445D5
:1043400003EBC10353E902340546CDE9163402F00C
:1043500001FA0B4602464146384602F0ADF8089F86
:104360000C9B30357E1CECB2804689463546002BCE
:1043700000F06E84DDE9162300207B4902F07EFB0D
:10438000DDE9142302F098F83C7042464B4604469F
:104390000D4602F0D9FC002840F0BB84CDF850A0B7
:1043A000CDF858B00027AB46A246129D2AE001374F
:1043B000AF4280F201855046594600226B4B02F015
:1043C00033FA0022694B82468B464046494602F04A
:1043D0002BFA8946804602F0D7FC044602F0BAF96F
:1043E00002460B464046494602F066F830345246D3
:1043F0005B4606F8014B8046894602F087FC0028A0
:1044000040F0D78442464B460020554902F054F80C
:1044100052465B4602F07AFC0028C8D0199B37460A
:10442000DDF850A0089A03F1010802E0974200F07D
:104430009F843E4617F8013D392BF7D00133DBB29C
:1044400045463B7079E10123109308F1FF33002BBF
:10445000BFF67CAEC8F101030B9300230A9377E605
:10446000484602F077F93A46434602F0DDF9002269
:104470003C4B02F023F80446A1F150753846002267
:104480003B4B414602F018F822462B4606460F46A3
:1044900002F05AFC002840F07A8430463946224621
:1044A00005F1004302F032FC28BB1B9B002BC0F23D
:1044B00091800E9A0E2A00F38D80274B0E9A03EB03
:1044C000C203D3E90034CDE90634279B002B19DA67
:1044D000BBF1000F16DC0ED1DDE906010022244BF2
:1044E00002F0A2F902460B46DDE9040102F018FCD5
:1044F000002800F04C8400231F46089E0493279B4D
:10450000DD432DE2089B5D1CDDE90678DDE9040151
:104510003A46434602F0B2FA02F036FC064602F092
:1045200019F93A46434602F07FF902460B46DDE9A7
:10453000040101F0C1FF089A06F13003BBF1010F3D
:104540002F46137000F025830125CDF810A0A84652
:10455000DDE9069A2CE000BFD8940108C89501084F
:104560000000F03F00001C400000E03F000024403D
:10457000000014404A4653462046294602F07EFA7F
:1045800002F002FC064602F0E5F84A46534602F005
:104590004BF908F101080B4602462946204601F076
:1045A0008BFF06F13003D84507F8013B00F0EF829E
:1045B0000022834B02F038F90022002304460D4606
:1045C00002F09AFB0028D5D00E9D3E46DDF810A0E3
:1045D0000135B2E00C9A002A40F0D68000231F4635
:1045E0000F9E0B9D0C9365B10A9900290B4608DDBF
:1045F000A942A8BF2B460B9AED1AD21ACB1A0B92DE
:104600000A930F9B53B10C9B13B1002E40F0FC8218
:1046100051460F9A0398FCF76FFB824601210398DD
:10462000FCF78AFA099B0490002B40F0BD81269B81
:10463000012B40F3D38101200A9A104410F01F008F
:1046400000F09980C0F12003042B40F3E2810B9B22
:10465000C0F11C00034402440B9305440A920B9BD7
:10466000002B05DD51461A460398FCF79FFB824656
:104670000A9B002B05DDDDE903011A46FCF796FBDA
:104680000490109B002B40F07481BBF1000F40F3AD
:104690004B810C9B002B40F0A2800E9D0135012622
:1046A000DDE90394DDF8208007E0514600230A226B
:1046B0004846FCF747F98246013621465046FFF747
:1046C000F7FBB34500F1300008F8010BEDDCBBF15E
:1046D000000FCCBF5E46012681460024089B03EBF9
:1046E000060B514601220398FCF760FB04998246B1
:1046F000FCF7D2FB002840F3F081089A02E09345D2
:1047000000F005821BF8013C5E46392B0BF1FF3BA4
:10471000F5D001338BF80030DDE903814046FCF72A
:1047200007F957B12CB1BC4203D021464046FCF7F3
:10473000FFF839460398FCF7FBF851460398FCF75D
:10474000F7F800233370289B1D602A9B002B3FF451
:1047500088AC08981E601DB0BDE8F08F204601F0BF
:10476000F9FF32463B4602F0C7FA00287FF4D1AC8D
:10477000631E0993CDE41C230B9A1D441A440B922B
:104780000A9A1A440A926AE7269A012A40F3B081EB
:104790000F9B0BF1FF36B342C0F26B81BBF1000FF0
:1047A000A3EB060680F2F7820B9BA3EB0B056EE1F1
:1047B000C3F1200306FA03F077E40125DDE400BF2E
:1047C00000002440394600230A220398FCF7BAF877
:1047D000189B0746002B40F307839B460E96002D3F
:1047E00005DD39462A460398FCF7E0FA0746099B9F
:1047F000002B40F0ED81B846089B1E46013B03EBC1
:104800000B04069B03F00103CDE90A43039C0499C2
:104810005046FFF74DFB394683465046FCF73CFBBC
:104820000499054642462046FCF756FBC3680146FC
:104830000BF13009ABBB09905046FCF72DFB0999F1
:1048400009902046FCF774F8099A002A54D1269B57
:104850001BB90B9B002B00F0B582002D3FDBB3464C
:104860000A9B0BF8019B9E4200F0C9815146002330
:104870000A222046FCF766F84745824639464FF043
:1048800000034FF00A02204630D0FCF75BF84146A7
:1048900000230A2207462046FCF754F85E4680466D
:1048A000B5E70398FCF744F8002D06DB069B03F000
:1048B0000102269B1D432A4329D151460122039818
:1048C000FCF774FA04998246FCF7E6FA002840F3F4
:1048D000F880B9F1390F00F050820BF131090E9DCB
:1048E0003C460135474606F8019B15E7FCF72AF8D8
:1048F0005E46074680468AE7002DC0F29B82269BD3
:104900001D430B9B1D4300F09582002AA7DDB9F1E2
:10491000390F00F032820E9D09F101033C4601354A
:10492000474606F8013BF7E6269B022B7FF7B1AE20
:10493000BBF1000F40F029815B46052204990398E2
:10494000FCF700F8014604905046FCF7A5FA002851
:1049500040F31B8131230E9D089E013506F8013B73
:10496000DDE90301FBF7E4FF0135002F7FF4E1AE41
:10497000E3E650460499FCF78FFA0028BFF685AEAF
:10498000514600230A2203980E9CFBF7DBFF0C9B89
:104990008246661E002B7FF415AF189B002B40F358
:1049A00018829B460E9D7AE601461A460398FCF74C
:1049B000A3F9269B0490012B6FDD00230993049A31
:1049C000136902EB83031869FCF766F8C0F1200055
:1049D00032E69B4B08930333FFF7EABB069B002BA1
:1049E0007FF429AEDDE90612C2F31303002B7FF436
:1049F00022AE944B134033B10B9B01330B930A9BB4
:104A000001330A930123099A0993002A3FF413AE54
:104A1000D5E73FF424AEC0F13C03ADE601230C938F
:104A2000279B0E9A134403F1010B5E46012EB8BF7B
:104A300001261893172E40F30182012204235B0004
:104A400003F11400B042114602F10102F7D9039BB1
:104A5000D96303E401230C93279B002B38DD9B468D
:104A60001E461893E6E700230C93D9E700230C9326
:104A7000F2E70F9B0F96F31A0026099A1A440A9B35
:104A800009925B440A930B9B1D465B440B930121E7
:104A90000398FCF751F80746A5E5069B002B8CD13F
:104AA000DDE90601C1F313030A46002BA1D00990EA
:104AB00085E7DDE904344FF00209CDE91234FFF750
:104AC000FBBB7FF40CAF19F0010F7FF402AF06E7D8
:104AD00001239B462793FFF7BCBB03D119F0010FBD
:104AE0007FF40BAE5E461BF8013D302BFAD013E687
:104AF000119A002A00F09F8003F233430A9A0F9E16
:104B00001A440A920B9A15461A440B92BFE73123B6
:104B1000089A01351370FFE500F0FE80DDE904011D
:104B20000E9A494B554205F00F0203EBC203D3E93D
:104B3000002301F079FE2D11CDE9120100F05D8115
:104B400000234FF0020907468846404EEA070AD57F
:104B5000D6E900233846414601F066FE01230746A8
:104B6000884609F101096D1006F10806EED1002B07
:104B70007FF4BDABDDE91278FFF7B9BBC8F10103E3
:104B80000A900B931090FFF753BB089EB7E4DDF833
:104B900010A002460B4601F091FC03460C46DDE9ED
:104BA00006010E9D1A46CDE9043401352346A84678
:104BB00002F0ACF840B9DDE90423DDE9060102F0BA
:104BC0009BF818B1F30701D5089A32E43E46B4E5E4
:104BD00003987968FBF786FE0546002800F02381DC
:104BE0003B6907F10C0102339A000C30FBF79EFB86
:104BF000012229460398FCF7D9F88046FCE50E9D72
:104C00003C46013547466CE5039C39463246204612
:104C1000FCF772F80746524639462046FBF7BAFFC2
:104C2000514682462046FBF783FE0F9B9B1B0F934A
:104C30003FF4F4ACECE41A9BC3F136035EE700BF2B
:104C4000EC9101080000F07FD8940108C895010894
:104C5000DDE91623DDE9140101F0E6FD089BCDE94D
:104C60000C011C70129B012B00F0C580129F089B49
:104C700011961F4400227C4B4046494601F0D4FD6A
:104C80000D46044602F080F8814601F063FD0246BD
:104C90000B462046294601F00FFC09F1300906F8C1
:104CA000019BBE4280468946E4D1119D0022DDE988
:104CB0000C016E4B01F002FC02460B464046494691
:104CC00002F042F800286ED1DDE90C23002067498C
:104CD00001F0F2FB02460B464046494602F016F848
:104CE00080B91B9B002BFFF679AC0E9B0E2B3FF778
:104CF00075AC5F4B0E9A03EBC203D3E90034CDE9E8
:104D0000063401E417F8013C3E46302B07F1FF372B
:104D1000F8D0199D013510E54FF00209DDE904785E
:104D2000FFF7E5BABBF1000F3FF49AAB189C002CDB
:104D30007FF7BBAB0E9B3846013B414600221993DF
:104D4000494B01F071FD02468846174609F1010002
:104D500001F000FD3A46434601F066FD0022454B56
:104D600001F0ACFB1294A1F150750446FFF7E0BAD4
:104D7000312308F10108FFF763BBB34639230E9DC9
:104D80003C46089A474601350BF8013BBAE400233C
:104D90001F460493DEE50A9B5B440A930B9B1D466A
:104DA0005B440B9373E6199B089A03F10108FFF724
:104DB00040BBDDF850A0ACE7DDF850A0DDF858B0FE
:104DC000FFF773BBB9F1390FD7D0002D3FF785AD91
:104DD00085E5269B022B03DC0E9DDDF860B05EE4CA
:104DE000DDF860B00E96A3E5269B022BF8DCDDF81B
:104DF00060B00E96F3E4374658E74FF00209DDE95C
:104E00001278FFF774BA0025039B29461846DD6324
:104E1000FBF768FD0890D0B9002240F2AF11164BA5
:104E20001648FBF739FD024640F2EF21124B1348BA
:104E3000FBF732FD002A3FF740AD50E50021039B10
:104E4000D963FFF70BBA0E4B0893FFF70AB9039B20
:104E5000089A4FF0FF3B9A6301232795CDF860B085
:104E60000C93FFF722BB00BF000024400000E03F8E
:104E7000D894010800001C40E4900108F09101085A
:104E8000E091010838B52F4B05461B680C4613B15D
:104E90005A6B002A4BD0B4F90C3018071CD5226984
:104EA00022B313F0010107D000206169A0604942DC
:104EB000A1613AB1002038BD980758BF6169A1606F
:104EC000002AF7D1190658BF1046F4D543F0400325
:104ED000A3814FF0FF3038BDD9062CD55A0712D424
:104EE000226943F00803A381002ADAD103F4207178
:104EF000B1F5007FD5D02146284600F01FFAB4F95D
:104F00000C302269CDE7216B51B104F1400291428E
:104F100004D02846FAF786FEB4F90C30002222634A
:104F20000021226923F02403C4E90021D9E71846AF
:104F3000FAF7DAFAAFE7092243F040032A60A381C7
:104F4000C7E700BF0809002038B50C46114600220B
:104F50008446074D20462A601A46644601F09EFAB0
:104F6000431C00D038BD2B68002BFBD0236038BD1C
:104F7000D40E0020002238B5064D044608462A60AB
:104F800001F046FA431C00D038BD2B68002BFBD043
:104F9000236038BDD40E002038B50C4611460022DF
:104FA0008446074D20462A601A46644601F058FAA6
:104FB000431C00D038BD2B68002BFBD0236038BDCC
:104FC000D40E00202DE9F84F1646002900F09680F7
:104FD0000C46804606F10B05FAF7ACFF54F8041CAA
:104FE000162DA4F1080921F0030758D81025AE4268
:104FF00058D8AF4260DABF4B09EB070C9A68DCF86F
:105000000400624500F0908020F0010363445B6877
:10501000DB0768D420F003003B189D4247DDCB0737
:1050200012D454F8083CA9EB030BDBF8043023F04E
:105030000302104400EB070A554540F3F68007EBE6
:10504000020A554540F3CC8031464046FAF7E0FA73
:105050000646002800F0218154F8043CA0F1080223
:1050600023F001034B44934200F0B4803A1F242AFA
:1050700000F2D780132A00F2A2800346224611686C
:1050800019605168596092689A6021464046FAF763
:10509000C9FD4046FAF750FF3046BDE8F88F35F0BD
:1050A0000705A4D50C23C8F80030002618E01F46D9
:1050B000DCE90223D3609A60D9F804307A1B0F2A06
:1050C00003F0010309EB07001DD83B43C9F8043086
:1050D000436843F0010343604046FAF72DFF26463C
:1050E0003046BDE8F88FC907AED454F8083CA9EBA8
:1050F000030BDBF8043023F00302A0E71146BDE800
:10510000F84FFAF785BA2B4309EB050142F001028B
:10511000C9F804304A604368083143F00103436032
:105120004046FAF77FFDD7E720F00300C21905F1EA
:10513000100C624580F29280CA0785D454F8082C7E
:10514000A9EB020BDBF8042022F00302104400EB71
:10515000070AD4453FF773AF5E46DBF80C1056F8EC
:10516000080F3A1F242AC160886000F2B080132A19
:1051700040F2AB8021681B2ACBF808106168CBF89D
:105180000C1000F2AA8008340BF1100221681160A3
:1051900061685160A1689160AAEB05020BEB050103
:1051A00042F0010299604A60DBF80430404603F0A7
:1051B00001032B43CBF80430FAF7BEFE90E72368D7
:1051C0001B2A0360636843603DD804F1080200F1C4
:1051D000080354E750F8043C23F003031F446BE733
:1051E0005E463A1FDBF80C3056F8081F242ACB60C5
:1051F000996023D8132A1FD923681B2ACBF80830BB
:105200006368CBF80C303CD808340BF110032268EB
:105210001A6062685A60A2689A6034465746D94656
:105220004AE72146F9F7F8FF2FE7DCE902135E466B
:10523000CB603A1F9960D5E73346E8E72146304610
:10524000F9F7EAFFE9E7A368242A8360E368C3600B
:1052500027D004F1100200F1100310E7521B09EBF4
:10526000050142F0010299604A6054F8043C40464E
:1052700003F001032B4344F8043CFAF75DFE264695
:105280002EE7A368242ACBF81030E368CBF814305B
:1052900010D010340BF11803B9E74046FAF74CFE72
:1052A00003E7236904F1180203616369436100F1B4
:1052B0001803E4E623691834CBF8183054F8043C9A
:1052C000CBF81C300BF12003A1E732465EE7214604
:1052D0003046F9F7A1FF074B5EE7A168242ACBF817
:1052E0001010E168CBF8141006D010340BF118023E
:1052F0004CE700BFF804002022691834CBF81820CE
:1053000054F8042CCBF81C200BF120023EE700BF20
:1053100038B50C46114600228446074D20462A60C7
:105320001A46644601F0A4F8431C00D038BD2B682F
:10533000002BFBD0236038BDD40E00202DE9F041B6
:10534000B1F90C300C46990796B008D5012204F14A
:105350004303C4E90432236016B0BDE8F081B4F918
:105360000E100646002926DB6A4600F003FA0028E4
:105370001FDB019D4FF4806805F47045A5F50055CD
:10538000B5FA85F54FF400676D0941463046FAF7E6
:105390003FF9E8B1B4F90C30C4F8148043F080034D
:1053A00020602061A3813DBB3B43A38116B0BDE8D3
:1053B000F081B4F90C3013F0800519D04FF040089B
:1053C0000025414630462F46FAF722F90028E1D160
:1053D000B4F90C309A05BFD4012123F0030304F182
:1053E000430243F00203C4E90421A3812260B3E72E
:1053F0004FF480682F46C8E73046B4F90E1000F02D
:10540000D7F910B9B4F90C30CEE7A38923F0030320
:1054100043F001031BB2C7E770B50C46B1F90E109B
:10542000154600291E4696B014DB6A4600F0A2F924
:1054300000280FDB01994FF4806301F47041A1F55E
:105440000051B1FA81F14FF40060490931602B60DD
:1054500016B070BDA18911F0800106D00021402353
:10546000084631602B6016B070BD4FF4806308466B
:1054700031602B6016B070BD2DE9F0411546926881
:105480002C68FAB107468846083402E0134608340F
:10549000C3B16B685E1E002B6E6013DD54F8046CA4
:1054A000002EF3D033464146384654F8082C00F01D
:1054B00039FF431C07D0AA680834921B1346AA6020
:1054C000002BE6D100200023C5E90133BDE8F081BF
:1054D00038B5D0F838410CB1002038BD80210546E0
:1054E000FAF796F80246C5F8380130B1031F7C324E
:1054F00043F8044F9342FBD1EEE74FF0FF3038BD45
:1055000030B51F29054683B009D8D0F838310C468C
:1055100053B153F8240043F8242003B030BD1623C0
:1055200003604FF0FF30F8E780210192FAF770F83E
:10553000019A0346C5F838010028F2D0011F00F196
:105540007C05002041F8040FA942FBD1E1E700BF30
:105550001F2938B505461FD8D0F838210C466AB146
:1055600052F8213053B1012B06D0591C10D0002124
:10557000204642F824109847002038BD284600F005
:1055800045FF224601462846BDE8384000F02ABFC4
:10559000162301202B6038BD16234FF0FF302B60FF
:1055A00038BD00BF1F292DD838B5D0F838310C468A
:1055B0000546A3B153F8242003EB84034AB1511CE0
:1055C0000BD0012A07D0002520461D6090472846B1
:1055D00038BD012038BD032038BD022038BD8021F0
:1055E000FAF716F80346C5F8380140B100201A1F33
:1055F00003F17C0142F8040F8A42FBD1DAE74FF055
:10560000FF3038BD4FF0FF30704700BF38B5144B46
:105610001F281D681ED8D5F83821044662B152F8FB
:1056200020304BB1012B05D0591C0FD0002142F87E
:1056300020109847002038BD284600F0E7FE22469B
:1056400001462846BDE8384000F0CCBE16230120B4
:105650002B6038BD16234FF0FF302B6038BD00BFE4
:1056600008090020124B1F2870B51E6809D8D6F80B
:10567000383104460D464BB153F8240043F824500A
:1056800070BD162333604FF0FF3070BD802130466F
:10569000F9F7BEFF0346C6F838010028F3D0002111
:1056A000021F7C3042F8041F8242FBD1E4E700BFB6
:1056B0000809002038B50C4B1D68D5F838410CB1ED
:1056C000002038BD80212846F9F7A2FFC5F838012F
:1056D00038B1031F00F17C0243F8044F9342FBD121
:1056E000EEE74FF0FF3038BD0809002038B5184B01
:1056F0001F281D6828D80446D5F83801A0B150F8F5
:10570000242000EB84034AB1511C0BD0012A07D09E
:10571000002520461D609047284638BD012038BD31
:10572000032038BD022038BD80212846F9F770FFDC
:10573000C5F8380140B10021031F00F17C0243F895
:10574000041F9342FBD1DAE74FF0FF3038BD00BFB2
:1057500008090020936810B514461BB918460023A9
:10576000636010BDFAF76CFC0023A3600023636044
:1057700010BD00BF70B50026074D0446084611460F
:105780002E6000F04DFE431C00D070BD2B68002B36
:10579000FBD0236070BD00BFD40E0020F0307047F6
:1057A000004870476C040020004870476C040020DB
:1057B000002238B5064D044608462A6000F040FE37
:1057C000431C00D038BD2B68002BFBD0236038BDB4
:1057D000D40E00202DE9F04FADB01C469146CDE926
:1057E0000730029118B1436B002B00F0018502993C
:1057F000B1F90C204B6E950405D442F4005223F409
:1058000000538A814B66980400F12285029BB3F90C
:105810000C20110740F1D3801B69002B00F0CF80D2
:1058200002F01A020A2A00F0D98000230DF1700A52
:10583000D346CDE91033CDF83CA00993059399F8F0
:105840000030002B00F0F4804C4604E014F8013FD7
:10585000002B00F0D280252BF8D1B4EB090540F0E5
:10586000CF802378002B00F0E3804FF0FF330393C9
:105870004FF000038DF8373000239846617804F12B
:105880000109049309F10109A1F12003582B00F249
:10589000DC80DFE813F0AF01DA00DA00AA01DA00F9
:1058A000DA00DA00DA00DA00DA007401A401DA00C2
:1058B0007E018301DA009F01590059005900590007
:1058C00059005900590059005900DA00DA00DA008D
:1058D000DA00DA00DA00DA00DA00DA00DA0068006A
:1058E000DA00DA00DA00DA00DA00DA00DA00DA00E8
:1058F000DA00DA001702DA00DA00DA00DA00DA0099
:10590000E801DA00DA001C04DA00DA00DA00DA0072
:10591000DA00DA00DA00DA00DA00DA00DA016A0026
:10592000DA00DA00DA00D5016A00DA00DA00C8012C
:10593000DA00BA011A047D027802DA005702DA00AE
:105940001804DA00DA0041040022A1F1300319F84A
:10595000011B02EB820203EB4202A1F13003092B8F
:10596000F5D9049290E748F0100818F0200F00F0E5
:10597000D580079B073323F007031846596850F872
:10598000083B0A4607900029C0F2DC8003999DF885
:1059900037000029C0F2E18053EA020128F08008B4
:1059A00040F0DB80039B002B40F059845446019368
:1059B000002800F0BC81019A01320192B7E1029DFA
:1059C00008982946FFF75EFA002840F04184B5F9AF
:1059D0000C2002F01A020A2A7FF427AF029BB3F9C7
:1059E0000E30002BFFF621AF23464A460299089855
:1059F0002DB0BDE8F04F00F05FBCB4EB090517D047
:105A0000119BCBE900952B441193109B0133072B7D
:105A1000109305DC0BF1080B059B2B44059320E745
:105A2000029908980FAAFFF795FE28B9D346F3E725
:105A3000119B002B40F0FE83029B9B895B0600F1CB
:105A4000078405982DB0BDE8F08F0029F0D0002321
:105A50008DF8373001238DF84810019312AC0022E5
:105A60000392069218F08407DDE9102105D104980D
:105A7000019D451B002D00F350829DF8370078B141
:105A8000012001320131CBF80400072A0DF1370063
:105A9000CDE91021CBF8000000F37B820BF1080B5D
:105AA000069870B1022001320231CBF80400072AB7
:105AB0000EA8CDE91021CBF8000000F378820BF19D
:105AC000080B802F00F09B810398C51A002D00F36E
:105AD000D88101321944072ACDE91021CBF80040C2
:105AE000CBF8043000F305820BF1080B18F0040F1B
:105AF00005D0049B019A9C1A002C00F36682DDE914
:105B0000042301988242ACBF9B181B1805930029FF
:105B100040F0FA810023D346109390E6079A18F0DC
:105B2000100F52F8043B079207D118F0400F04D031
:105B300043F3C03211461BB225E7DA17114600299C
:105B4000BFF624AF2D2003995B4262EB420200298D
:105B50008DF8370001DB28F080080A2B72F1000174
:105B600080F0F4823033DBB28DF86F30039B0DF19F
:105B70006F04012BB8BF01230193012318E7079B92
:105B800053F8042B002A0492079304DA049B5B4227
:105B9000049348F0040899F8001073E6484610F89A
:105BA000011B2A2900F05F83A1F13003092B98BF64
:105BB000002200F2488310F8011B02EB820203EB83
:105BC0004202A1F13003092BF5D942EAE273814682
:105BD000039359E699F8001048F0800852E62B2309
:105BE00099F800108DF837304CE699F8001048F01D
:105BF000010847E69DF8373099F80010002B7FF434
:105C000041AE20238DF837303CE618F0200F00F02D
:105C10004F82079B059A1B681A60D2175A60079B30
:105C2000043307930BE699F800106C2903BF99F829
:105C3000011048F0200809F1010948F0100821E698
:105C400099F8001048F040081CE600220121079B4B
:105C50008DF8372053F8042B019107938DF84820D5
:105C60000B4612ACFBE648F0100111F0200200F0E8
:105C7000E481079B073323F0070318465A6850F85E
:105C8000083B07900020039C8DF837008442C0F247
:105C9000A782012053EA020421F0800840F094809A
:105CA000039C002C40F09E82002840F0F98111F006
:105CB000010300F0F981302201938DF86F200DF17E
:105CC0006F0434E048F0100111F0200200F0C481AC
:105CD000079B073323F0070318465A6850F8083B20
:105CE00007900020039C8DF837008442D2DA884662
:105CF000544603F00701DB0843EA4273D20830310F
:105D000053EA0205204604F8011DF2D118F0010FF4
:105D10006DD030296BD03023039A023804F8013C4F
:105D2000AAEB00039A42B8BF1A460446019218F043
:105D3000020206923FF496AE019A023201920222CA
:105D400006928FE60021079D039B55F8044B8DF8C2
:105D50003710002C00F05E82002BC0F2E0811A4662
:105D60002046FCF779FD002800F06B82031B9DF8AC
:105D7000372023EAE3710191002A00F052820022C9
:105D80000795039217E699F8001048F0200879E586
:105D900047F63003079AADF8383052F8043BB6495D
:105DA0000792002248F00208099100218DF837106F
:105DB000039900290DDB414653EA02044FF002002B
:105DC00021F080083FF46CAF012800F058820228CF
:105DD0008ED15446099803F00F01415C1B0943EA38
:105DE0000273120904F8011D53EA0201F3D1039A68
:105DF000AAEB04039A42B8BF1A46019297E70498A7
:105E0000019D451B002D7FF75FAE102D40F32982C9
:105E100058460694CB4610279946984E089C04E0B5
:105E2000103D102D00F1080015DD01321031072A58
:105E3000C0E90067CDE91021F2DD204602990FAAE2
:105E4000FFF788FC00287FF4F7ADDDE91021103D55
:105E5000102D5046E9DC4B46D9468346069C01325C
:105E60002944072ACDE91021CBF80060CBF8045073
:105E700000F3C28103980BF1080BC51A002D7FF7C0
:105E800028AE102D7D4E26DD58460394B3461027CC
:105E90001E46089C04E0103D102D00F1080016DDA0
:105EA0000132764B1031072AC0E90037CDE91021C5
:105EB000F1DD204602990FAAFFF74CFC00287FF481
:105EC000BBADDDE91021103D102D5046E8DC334616
:105ED0005E468346039C01322944072ACDE91021FE
:105EE000CBF80060CBF8045000F3CC800BF1080B2A
:105EF000EFE5029908980FAAFFF72CFC00287FF421
:105F00009BADD3461199F1E5029908980FAAFFF7C6
:105F100021FC00283FF4FEAD8EE5102D584E2ADD01
:105F2000CDE90A7458463746CB46089C9946029EEE
:105F300004E0103D102D00F1080016DD10230132A1
:105F40001031072ACDE9102107604360F1DD3146A9
:105F500020460FAAFFF7FEFB00287FF46DADDDE9B8
:105F60001021103D102D5046E8DC4B46D9468346A3
:105F70003E460B9C0A9F01322944072ACDE9102195
:105F8000CBF80060CBF8045000F31C810BF1080B38
:105F900073E5029908980FAA0A93FFF7DBFB002824
:105FA0007FF44AADDDE91021D3460A9B78E50299DA
:105FB00008980FAA0693FFF7CDFB00287FF43CADAD
:105FC000DDE91021D346069B7BE5102C109B40F3A6
:105FD000448110252A4E089FDDF8088004E0103C1B
:105FE000102C0BF1080B15DD01331031072BCBE919
:105FF0000065CDE91031F2DD414638460FAAFFF7C2
:10600000A9FB00287FF418ADDDE91031103C102CFD
:10601000D346E9DC01332144072BCBE90064CDE909
:1060200010317FF76CAD029908980FAAFFF792FB29
:1060300000287FF401AD119961E5079850F8043B01
:10604000079011F010007FF41DAE11F040023FF4F4
:1060500019AE02469BB215E6079850F8043B07902C
:1060600011F010007FF43DAE11F040023FF439AE64
:1060700002469BB235E600BFC09101084096010878
:1060800030960108029908980FAA0393FFF762FB64
:1060900000287FF4D1ACDDE91021D346039B18E53D
:1060A000039B5446019342E6039A544601923EE60E
:1060B00018F0100F38D118F0400F35D0079B059A13
:1060C0001B681A80ABE54146CFE54146FCE56D4BC8
:1060D000099318F020022CD0079B073323F0070305
:1060E00018465A6850F8083B079018F0010F3FF423
:1060F0005CAE53EA02003FF458AE8DF839103021FF
:106100008DF8381000218DF837100399002980F29E
:106110008C8048F002085CE65B4B0993D9E7204687
:10612000F7F7B6F8034622E6079B059A1B681A6044
:1061300075E5079850F8043B079018F01000D4D18B
:1061400018F040021CBF02469BB2CEE754464FF007
:10615000CC3C4E4DCDF804B0991841F10001A5FB9F
:1061600001EB2BF0030E0EEB9B0EA1EB0E011F4675
:106170005B1A62F1000E16460CFB03F205FB0E22C1
:10618000A3FB05E31A4405230EF0010BABFB033B15
:106190005B180A2F03F130034FEA5E0E76F100061A
:1061A00004F8013D4EEAC2734FEA5202D4D2039A78
:1061B000AAEB04039A42B8BF1A46DDF804B0019274
:1061C000FFF7F6BB029908980FAA0A93FFF7C2FAE5
:1061D00000287FF431ACDDE91021D3460A9B4CE462
:1061E0008846BAE401287FF4F2AD00203023BBE4F6
:1061F000F9F77AF9FFF7FBBA029908980FAA069304
:10620000FFF7A8FA00287FF417ACDDE91021D34688
:10621000069B59E4062B28BF06231D4C07950193C6
:106220001DE4CDE9062503921CE428F0800141F02D
:106230000208CEE5029908980FAAFFF78BFAFFF73C
:10624000FBBB039B93E5002381460393FFF71CBB35
:106250004FF0FF330593FFF7F4BB0E4EDAE6302321
:1062600082E40D4EFBE5079B99F8011053F8042BCF
:106270008146079342EAE2730393FFF703BB0020D2
:106280006BE400BFAC910108C0910108CDCCCCCC2F
:10629000D491010830960108409601088C4600B55B
:1062A00086461346034A714610685DF804EB624661
:1062B000FFF790BA08090020F0B54FF4806500247C
:1062C000ADF26C4DCDE905540C460295A5891AAF87
:1062D00025F00205ADF80C50656E69461995E58903
:1062E0000646ADF80E50E56900970795656A049774
:1062F0000995FFF76FFA051E07DB69463046FAF786
:106300006BFA002818BF4FF0FF35BDF80C305B0664
:1063100003D5A38943F04003A38128460DF26C4DB9
:10632000F0BD00BF2DE9F0471D468F680C46AF4217
:1063300016460B6836D8B1F90CC01CF4906F0ED11C
:106340003D46184631462A46F8F766FF0020A36806
:10635000DF1B2368A7602B442360BDE8F0874A69F0
:10636000096902EB42025F1A02EBD2726B1C5210F7
:106370003B44934292BF914699461A461CF4806F63
:10638000804611D01146F9F743F9824600B33A46E8
:106390002169F9F7CBFFA38923F4906343F08003CD
:1063A000A38105E02F46CCE7FEF70CFE824658B1EC
:1063B0000AEB0703A9EB0707A760C4F810A02F4654
:1063C000C4F814902360BCE740462169F9F72AFC21
:1063D0000C22A3894FF0FF3043F04003C8F800209F
:1063E000A381BAE770B50026074D0446084611465A
:1063F0002E6000F02DF8431C00D070BD2B68002BE0
:10640000FBD0236070BD00BFD40E002000F010B898
:106410005822024B4FF0FF301A607047D40E002014
:106420005822024B4FF0FF301A607047D40E002004
:106430005822024B4FF0FF301A607047D40E0020F4
:106440005822024B00201A60704700BFD40E002073
:106450005822024B4FF0FF301A607047D40E0020D4
:106460005822024B4FF0FF301A607047D40E0020C4
:106470005822024B4FF0FF301A607047D40E0020B4
:10648000044A05491368002B08BF0B4618441060E6
:1064900018467047D80E0020DC0E00205822024B10
:1064A0004FF0FF301A607047D40E0020FEE700BFA7
:1064B00081F0004102E000BF83F0004330B54FEAB5
:1064C00041044FEA430594EA050F08BF90EA020F22
:1064D0001FBF54EA000C55EA020C7FEA645C7FEAB5
:1064E000655C00F0E2804FEA5454D4EB5555B8BFD8
:1064F0006D420CDD2C4480EA020281EA030382EA49
:10650000000083EA010180EA020281EA0303362DDA
:1065100088BF30BD11F0004F4FEA01314FF4801CAD
:106520004CEA113102D0404261EB410113F0004FBF
:106530004FEA03334CEA133302D0524263EB430376
:1065400094EA050F00F0A780A4F10104D5F1200E14
:106550000DDB02FA0EFC22FA05F2801841F100016F
:1065600003FA0EF2801843FA05F359410EE0A5F143
:1065700020050EF1200E012A03FA0EFC28BF4CF074
:10658000020C43FA05F3C01851EBE37101F000452A
:1065900007D54FF0000EDCF1000C7EEB00006EEB37
:1065A0000101B1F5801F1BD3B1F5001F0CD34908C1
:1065B0005FEA30004FEA3C0C04F101044FEA445218
:1065C00012F5800F80F09A80BCF1004F08BF5FEA9F
:1065D000500C50F1000041EB045141EA050130BD7F
:1065E0005FEA4C0C404141EB0101013C28BFB1F591
:1065F000801FE9D291F0000F04BF01460020B1FADC
:1066000081F308BF2033A3F10B03B3F120020CDAAE
:106610000C3208DD02F1140CC2F10C0201FA0CF08C
:1066200021FA02F10CE002F11402D8BFC2F1200CF1
:1066300001FA02F120FA0CFCDCBF41EA0C019040A7
:10664000E41AA2BF01EB0451294330BD6FEA0404F0
:106650001F3C1CDA0C340EDC04F11404C4F12002DB
:1066600020FA04F001FA02F340EA030021FA04F3ED
:1066700045EA030130BDC4F10C04C4F1200220FA44
:1066800002F001FA04F340EA0300294630BD21FA82
:1066900004F0294630BD94F0000F83F4801306BF48
:1066A00081F480110134013D4EE77FEA645C18BF3C
:1066B0007FEA655C29D094EA050F08BF90EA020FD3
:1066C00005D054EA000C04BF1946104630BD91EACB
:1066D000030F1EBF0021002030BD5FEA545C05D1CE
:1066E0004000494128BF41F0004130BD14F580040D
:1066F0003CBF01F5801130BD01F0004545F0FE4181
:1067000041F470014FF0000030BD7FEA645C1ABFB5
:10671000194610467FEA655C1CBF0B46024650EAEC
:10672000013406BF52EA033591EA030F41F4002118
:1067300030BD00BF90F0000F04BF0021704730B59E
:106740004FF4806404F132044FF000054FF0000173
:1067500050E700BF90F0000F04BF0021704730B534
:106760004FF4806404F1320410F0004548BF404209
:106770004FF000013EE700BF42004FEAE2014FEA5E
:1067800031014FEA02701FBF12F07F4393F07F4F39
:1067900081F06051704732F07F4208BF704793F03C
:1067A0007F4F04BF41F40021704730B54FF460744F
:1067B00001F0004521F000411CE700BF50EA010252
:1067C00008BF704730B54FF000050AE050EA0102FB
:1067D00008BF704730B511F0004502D5404261EB6B
:1067E00041014FF4806404F132045FEA915C3FF4AC
:1067F000D8AE4FF003025FEADC0C18BF03325FEA49
:10680000DC0C18BF033202EBDC02C2F1200300FAF9
:1068100003FC20FA02F001FA03FE40EA0E0021FA1E
:1068200002F11444BDE600BF70B54FF0FF0C4CF40C
:10683000E06C1CEA11541DBF1CEA135594EA0C0FBE
:1068400095EA0C0F00F0DEF82C4481EA030621EAF9
:106850004C5123EA4C5350EA013518BF52EA033534
:1068600041F4801143F4801338D0A0FB02CE4FF0E6
:106870000005E1FB02E506F00042E0FB03E54FF016
:106880000006E1FB03569CF0000F18BF4EF0010E0E
:10689000A4F1FF04B6F5007F64F5407404D25FEA0A
:1068A0004E0E6D4146EB060642EAC62141EA5551BD
:1068B0004FEAC52040EA5E504FEACE2EB4F1FD0CFF
:1068C00088BFBCF5E06F1ED8BEF1004F08BF5FEA7D
:1068D000500E50F1000041EB045170BD06F000462F
:1068E00046EA010140EA020081EA0301B4EB5C04DC
:1068F000C2BFD4EB0C0541EA045170BD41F48011D4
:106900004FF0000E013C00F3AB8014F1360FDEBFF8
:10691000002001F0004170BDC4F10004203C35DAD4
:106920000C341BDC04F11404C4F1200500FA05F357
:1069300020FA04F001FA05F240EA020001F00042F8
:1069400021F0004110EBD37021FA04F642EB06016E
:106950005EEA430E08BF20EAD37070BDC4F10C0498
:10696000C4F1200500FA04F320FA05F001FA04F25C
:1069700040EA020001F0004110EBD37041F1000148
:106980005EEA430E08BF20EAD37070BDC4F1200553
:1069900000FA05F24EEA020E20FA04F301FA05F2BB
:1069A00043EA020321FA04F001F0004121FA04F263
:1069B00020EA020000EBD3705EEA430E08BF20EA33
:1069C000D37070BD94F0000F0FD101F0004640006D
:1069D00041EB010111F4801F08BF013CF7D041EAEF
:1069E000060195F0000F18BF704703F000465200F3
:1069F00043EB030313F4801F08BF013DF7D043EAC4
:106A00000603704794EA0C0F0CEA135518BF95EA79
:106A10000C0F0CD050EA410618BF52EA4306D1D100
:106A200081EA030101F000414FF0000070BD50EA1F
:106A3000410606BF1046194652EA430619D094EAA9
:106A40000C0F02D150EA013613D195EA0C0F05D193
:106A500052EA03361CBF104619460AD181EA0301E7
:106A600001F0004141F0FE4141F470014FF000009F
:106A700070BD41F0FE4141F4780170BD70B54FF03A
:106A8000FF0C4CF4E06C1CEA11541DBF1CEA1355BA
:106A900094EA0C0F95EA0C0F00F0A7F8A4EB05049C
:106AA00081EA030E52EA03354FEA013100F0888093
:106AB0004FEA03334FF0805545EA131343EA12635C
:106AC0004FEA022245EA111545EA10654FEA002611
:106AD0000EF000419D4208BF964244F1FD0404F5CA
:106AE000407402D25B084FEA3202B61A65EB030526
:106AF0005B084FEA32024FF480104FF4002CB6EBE3
:106B0000020E75EB030E22BFB61A754640EA0C0062
:106B10005B084FEA3202B6EB020E75EB030E22BFA2
:106B2000B61A754640EA5C005B084FEA3202B6EBE3
:106B3000020E75EB030E22BFB61A754640EA9C00A2
:106B40005B084FEA3202B6EB020E75EB030E22BF72
:106B5000B61A754640EADC0055EA060E18D04FEA30
:106B6000051545EA16754FEA06164FEAC30343EAD0
:106B700052734FEAC2025FEA1C1CC0D111F4801F9D
:106B80000BD141EA00014FF000004FF0004CB6E796
:106B900011F4801F04BF01430020B4F1FD0C88BF35
:106BA000BCF5E06F3FF6AFAEB5EB030C04BFB6EB40
:106BB000020C5FEA500C50F1000041EB045170BD33
:106BC0000EF0004E4EEA113114EB5C04C2BFD4EB60
:106BD0000C0541EA045170BD41F480114FF0000EE4
:106BE000013C90E645EA060E8DE60CEA135594EA60
:106BF0000C0F08BF95EA0C0F3FF43BAF94EA0C0F63
:106C00000AD150EA01347FF434AF95EA0C0F7FF4D7
:106C100025AF104619462CE795EA0C0F06D152EA2B
:106C200003353FF4FDAE1046194622E750EA41060F
:106C300018BF52EA43067FF4C5AE50EA41047FF420
:106C40000DAF52EA43057FF4EBAE12E74FF0FF3C85
:106C500006E000BF4FF0010C02E000BF4FF0010C56
:106C60004DF804CD4FEA410C7FEA6C5C4FEA430CCF
:106C700018BF7FEA6C5C1BD001B050EA410C0CBF1E
:106C800052EA430C91EA030F02BF90EA020F002080
:106C9000704710F1000F91EA030F58BF994208BFE7
:106CA00090422CBFD8176FEAE37040F001007047A4
:106CB0004FEA410C7FEA6C5C02D150EA013C07D1FB
:106CC0004FEA430C7FEA6C5CD6D152EA033CD3D046
:106CD0005DF8040B704700BF8446104662468C4640
:106CE0001946634600E000BF01B5FFF7B7FF002873
:106CF00048BF10F1000F01BD4DF808EDFFF7F4FF9C
:106D00000CBF012000205DF808FB00BF4DF808ED26
:106D1000FFF7EAFF34BF012000205DF808FB00BF49
:106D20004DF808EDFFF7E0FF94BF012000205DF86B
:106D300008FB00BF4DF808EDFFF7CEFF94BF012020
:106D400000205DF808FB00BF4DF808EDFFF7C4FF19
:106D500034BF012000205DF808FB00BF4FEA410C62
:106D60007FEA6C5C02D150EA013C0AD14FEA430C45
:106D70007FEA6C5C02D152EA033C02D14FF0000082
:106D800070474FF0010070474FEA410212F50012C0
:106D900015D211D56FF47873B3EB625212D94FEA62
:106DA000C12343F0004343EA505311F0004F23FA4C
:106DB00002F018BF404270474FF00000704750EAA1
:106DC000013005D111F0004008BF6FF0004070475E
:106DD0004FF00000704700BF4A0011D212F50012B8
:106DE00011D20DD56FF47873B3EB62520ED44FEA23
:106DF000C12343F0004343EA505323FA02F07047A3
:106E00004FF00000704750EA013002D14FF0FF30E0
:106E100070474FF0000070474FEA4102B2F1E04383
:106E200024BFB3F5001CDCF1FE5C0DD901F0004C71
:106E30004FEAC0024CEA5070B2F1004F40EB8300C1
:106E400008BF20F00100704711F0804F21D113F1ED
:106E50003872BCBF01F00040704741F480114FEA26
:106E60005252C2F11802C2F1200C10FA0CF320FAAF
:106E700002F018BF40F001004FEAC1234FEAD323CC
:106E800003FA0CFC40EA0C0023FA02F34FEA430336
:106E9000CCE77FEA625307D150EA01331EBF4FF0BF
:106EA000FE4040F44000704701F0004040F0FE40DA
:106EB00040F40000704700BF80F0004002E000BFD7
:106EC00081F0004142001FBF5FEA410392EA030FD5
:106ED0007FEA226C7FEA236C6AD04FEA1262D2EB1F
:106EE0001363C1BFD218414048404140B8BF5B4224
:106EF000192B88BF704710F0004F40F4000020F0BD
:106F00007F4018BF404211F0004F41F4000121F0D2
:106F10007F4118BF494292EA030F3FD0A2F101021C
:106F200041FA03FC10EB0C00C3F1200301FA03F15A
:106F300000F0004302D5494260EB4000B0F5000F7D
:106F400013D3B0F1807F06D340084FEA310102F13C
:106F50000102FE2A51D2B1F1004F40EBC25008BFEE
:106F600020F0010040EA03007047490040EB0000B8
:106F7000013A28BFB0F5000FEDD2B0FA80FCACF1B9
:106F8000080CB2EB0C0200FA0CF0AABF00EBC250E6
:106F900052421843BCBFD0401843704792F0000FD4
:106FA00081F4000106BF80F400000132013BB5E727
:106FB0004FEA41037FEA226C18BF7FEA236C21D09D
:106FC00092EA030F04D092F0000F08BF0846704702
:106FD00090EA010F1CBF0020704712F07F4F04D1D0
:106FE000400028BF40F00040704712F100723CBFE3
:106FF00000F50000704700F0004343F0FE4040F40D
:10700000000070477FEA226216BF08467FEA2363CA
:107010000146420206BF5FEA412390EA010F40F4B5
:10702000800070474FF0000304E000BF10F0004301
:1070300048BF40425FEA000C08BF704743F09643E8
:1070400001464FF000001CE050EA010208BF704703
:107050004FF000030AE000BF50EA010208BF70478A
:1070600011F0004302D5404261EB41015FEA010C9F
:1070700002BF84460146002043F0B64308BFA3F197
:107080008053A3F50003BCFA8CF2083AA3EBC25379
:1070900010DB01FA02FC634400FA02FCC2F1200298
:1070A000BCF1004F20FA02F243EB020008BF20F0CF
:1070B0000100704702F1200201FA02FCC2F1200235
:1070C00050EA4C0021FA02F243EB020008BF20EA2A
:1070D000DC7070474FF0FF0C1CEAD0521EBF1CEA58
:1070E000D15392EA0C0F93EA0C0F6FD01A4480EA46
:1070F000010C400218BF5FEA41211ED04FF000632F
:1071000043EA501043EA5111A0FB01310CF000405A
:10711000B1F5000F3EBF490041EAD3715B0040EA80
:10712000010062F17F02FD2A1DD8B3F1004F40EB50
:10713000C25008BF20F00100704790F0000F0CF023
:10714000004C08BF49024CEA502040EA51207F3AE7
:10715000C2BFD2F1FF0340EAC250704740F40000C2
:107160004FF00003013A5DDC12F1190FDCBF00F0B3
:1071700000407047C2F10002410021FA02F1C2F161
:10718000200200FA02FC5FEA310040F1000053EAFD
:107190004C0308BF20EADC70704792F0000F00F04B
:1071A000004C02BF400010F4000F013AF9D040EA51
:1071B0000C0093F0000F01F0004C02BF490011F4E5
:1071C000000F013BF9D041EA0C018FE70CEAD153E3
:1071D00092EA0C0F18BF93EA0C0F0AD030F0004C63
:1071E00018BF31F0004CD8D180EA010000F0004017
:1071F000704790F0000F17BF90F0004F084691F0D5
:10720000000F91F0004F14D092EA0C0F01D142020E
:107210000FD193EA0C0F03D14B0218BF084608D1D7
:1072200080EA010000F0004040F0FE4040F4000021
:10723000704740F0FE4040F4400070474FF0FF0CB4
:107240001CEAD0521EBF1CEAD15392EA0C0F93EAFB
:107250000C0F69D0A2EB030280EA010C49024FEA4D
:10726000402037D04FF0805343EA111143EA101306
:107270000CF000408B4238BF5B0042F17D024FF4BE
:10728000000C8B4224BF5B1A40EA0C00B3EB510F99
:1072900024BFA3EB510340EA5C00B3EB910F24BF82
:1072A000A3EB910340EA9C00B3EBD10F24BFA3EB07
:1072B000D10340EADC001B0118BF5FEA1C1CE0D1CF
:1072C000FD2A3FF650AF8B4240EBC25008BF20F082
:1072D000010070470CF0004C4CEA50207F32C2BFD6
:1072E000D2F1FF0340EAC250704740F400004FF073
:1072F0000003013A37E792F0000F00F0004C02BFA4
:10730000400010F4000F013AF9D040EA0C0093F06D
:10731000000F01F0004C02BF490011F4000F013BC7
:10732000F9D041EA0C0195E70CEAD15392EA0C0F2F
:1073300008D142027FF47DAF93EA0C0F7FF470AF67
:10734000084676E793EA0C0F04D14B023FF44CAFAA
:1073500008466EE730F0004C18BF31F0004CCAD13F
:1073600030F000427FF45CAF31F000437FF43CAF7B
:107370005FE700BF4FF0FF3C06E000BF4FF0010C9D
:1073800002E000BF4FF0010C4DF804CD4FEA40027F
:107390004FEA41037FEA226C18BF7FEA236C11D0C9
:1073A00001B052EA530C18BF90EA010F58BFB2EB7C
:1073B000030088BFC81738BF6FEAE17018BF40F0FC
:1073C000010070477FEA226C02D15FEA402C05D1B0
:1073D0007FEA236CE4D15FEA412CE1D05DF8040B35
:1073E000704700BF844608466146FFE70FB5FFF7C8
:1073F000C9FF002848BF10F1000F0FBD4DF808ED80
:10740000FFF7F4FF0CBF012000205DF808FB00BF70
:107410004DF808EDFFF7EAFF34BF012000205DF8CA
:1074200008FB00BF4DF808EDFFF7E0FF94BF012017
:1074300000205DF808FB00BF4DF808EDFFF7D2FF14
:1074400094BF012000205DF808FB00BF4DF808ED57
:10745000FFF7C8FF34BF012000205DF808FB00BF24
:107460004FEA40024FEA41037FEA226C02D15FEA11
:10747000402C08D17FEA236C02D15FEA412C02D173
:107480004FF0000070474FF0010070474FEA400294
:10749000B2F1FE4F0FD34FF09E03B3EB12620DD942
:1074A0004FEA002343F0004310F0004F23FA02F0AC
:1074B00018BF404270474FF00000704712F1610F53
:1074C00001D1420205D110F0004008BF6FF000402A
:1074D00070474FF00000704742000ED2B2F1FE4FED
:1074E0000BD34FF09E03B3EB126209D44FEA002393
:1074F00043F0004323FA02F070474FF0000070475A
:1075000012F1610F01D1420202D14FF0FF307047FA
:107510004FF00000704700BF7BB972B90029BEBFB1
:1075200000204FF0004106E008BF00281CBF6FF0AC
:1075300000414FF0FF3000F0EFB9ADF1080C6DE9FC
:1075400004CE002909DB002B1ADB00F06BF8DDF814
:1075500004E0DDE9022304B07047404261EB4101E1
:10756000002B1BDB00F05EF8DDF804E0DDE9022310
:1075700004B0404261EB4101524263EB4303704768
:10758000524263EB430300F04DF8DDF804E0DDE91F
:10759000022304B0404261EB41017047524263EB69
:1075A000430300F03FF8DDF804E0DDE9022304B016
:1075B000524263EB4303704738B500220023044670
:1075C0000D46FFF7A3FB28B920462946BDE8384001
:1075D00000F00AB8204605F1004100F005F84042ED
:1075E00061EB410138BD00BFD0B500220B4B064610
:1075F0000F46FFF719F9FFF7EFFB0446FFF79AF87C
:107600000022074BFFF710F902460B463046394679
:10761000FEF752FFFFF7E0FB2146D0BD0000F03D32
:107620000000F0412DE9F047089D0F4604468E46C4
:10763000002B48D18A42164661D9B2FA82F24AB189
:10764000C2F1200301FA02FE20FA03F3964043EA56
:107650000E0E94404FEA164CBEFBFCF1B7B20CFB89
:1076600011EE01FB07F0230C43EA0E43984209D9BF
:10767000F31801F1FF3E80F0ED80984240F2EA807D
:10768000023933441B1AB3FBFCF00CFB103300FB34
:1076900007F7A4B244EA0344A74209D9341900F118
:1076A000FF3380F0D980A74240F2D68034440238BC
:1076B00040EA01400021E41B1DB10023D440C5E98C
:1076C0000043BDE8F0878B4206D90DB1C5E9000142
:1076D00000210846BDE8F087B3FA83F1002947D1BD
:1076E000BB4202D3824200F20481841A67EB030298
:1076F00001209646002DE4D0C5E9004EE1E7002ABE
:1077000000F09080B2FA82F2002A40F0A780881B35
:107710000121370C1FFA86FEB0FBF7FC07FB1C00AB
:10772000230C43EA00430EFB0CF0984207D9F318F0
:107730000CF1FF3802D2984200F2E080C4461B1AD6
:10774000B3FBF7F007FB10330EFB00FEA4B244EAD4
:107750000344A64507D9341900F1FF3302D2A645E8
:1077600000F2C9801846A4EB0E0440EA0C40A3E7DF
:10777000C1F120068B4022FA06FC4CEA030C27FAE2
:1077800006FA4FEA1C49BAFBF9F88F4020FA06F3D3
:1077900009FB18AA1FFA8CFE3B4300FA01F708FB0D
:1077A0000EF01C0C44EA0A44A04202FA01F20BD982
:1077B0001CEB040408F1FF3A80F09980A04240F2EB
:1077C0009680A8F102086444241A98B2B4FBF9F335
:1077D00009FB134403FB0EFE40EA0444A64508D906
:1077E0001CEB040403F1FF307FD2A6457DD9023B98
:1077F000644443EA0840A4EB0E04A0FB028E7445E7
:107800004346F14661D35ED055B1FA1A64EB0904E0
:1078100004FA06F622FA01F31E43CC40C5E90064DF
:1078200000214EE743084FEA510C43EAC1710A0CAC
:1078300042EA0C428BB2C407B2FBF6F143EA0243C0
:10784000BCFBF6FCB646304637461F22181A41EA02
:107850000C4161E7714615E7184629E7C2F120039C
:1078600021FA03F0964024FA03F397403B43370C88
:10787000B0FBF7F807FB18001FFA86FE190C41EA67
:10788000004108FB0EF0884204FA02F43AD971185C
:1078900008F1FF3C01D288421ED8091AB1FBF7F863
:1078A00008FB0EF007FB18119BB243EA0143834229
:1078B0002FD2F31808F1FF31C8D28342C6D2A8F103
:1078C00002013344C2E747459ED2B8EB02036EEB98
:1078D0000C0E0138F14697E7301A0144A8F1020C6A
:1078E000B1FBF7F808FB0EF0DCE7034681E7D04672
:1078F0006AE70846FEE63444023834E7ACF1020C8D
:1079000033441CE7091AC446B1FBF7F808FB0EF034
:10791000C8E741469AE700BF704700BF6D707536F3
:1079200030353020696E6974006D707536303530D1
:1079300020737563636573732100564C35333130A2
:1079400020696E69742E2E2E00564C35333130204E
:1079500073756363657373212121004E4F20564C6C
:107960003533313021212100663A00425F4B505FB0
:10797000793A00425F4B495F793A00425F4B445F7E
:10798000793A00535F4B505F793A00535F4B495F40
:10799000793A00535F4B445F793A006D70755F73BD
:1079A00065745F73656E736F7220636F6D706C6565
:1079B0007465202E2E2E2E2E2E0D006D70755F6399
:1079C0006F6E6669677572655F6669666F20636F63
:1079D0006D706C657465202E2E2E2E2E2E0D006D72
:1079E00070755F7365745F73616D706C655F7261F4
:1079F000746520636F6D706C657465202E2E2E2E5D
:107A00002E2E0D00646D705F6C6F61645F6D6F741E
:107A1000696F6E5F6472697665725F6669726D77B1
:107A200061726520636F6D706C657465202E2E2EFB
:107A30002E2E2E0D00646D705F7365745F6F72691A
:107A4000656E746174696F6E20636F6D706C6574C0
:107A500065202E2E2E2E2E2E0D00646D705F656E0D
:107A600061626C655F6665617475726520636F6DD8
:107A7000706C657465202E2E2E2E2E2E0D00646DDA
:107A8000705F7365745F6669666F5F7261746520AD
:107A9000636F6D706C657465202E2E2E2E2E2E0D4C
:107AA000006D70755F7365745F646D705F73746192
:107AB000746520636F6D706C657465202E2E2E2E9C
:107AC0002E2E0D00253035640025303464006270A0
:107AD00079002566006269790062647900737079C3
:107AE0000073697900736479006261740070776D66
:107AF00000556E737570706F7274656420736F6675
:107B000074776172652070726F647563742072653A
:107B1000762025642E0A0050726F647563742049C4
:107B2000442072656164206173203020696E64694D
:107B30006361746573206465766963652069732089
:107B400065697468657220696E636F6D70617469D0
:107B5000626C65206F7220616E204D505533303558
:107B6000302E0D0048616C662073656E7369746910
:107B700076697479207061727420666F756E642EF8
:107B80000D00B8AAB38DB4980D355D004CCD6C00D6
:107B90000CC92C003656760026466600FEF2ABC4B1
:107BA000AAF1DFDFBBAFDFDF00B8AAAAAAB088C3A3
:107BB000C5C700444D50004B616C6D616E004320A1
:107BC0004600466F6C6C6F770041766F69640052B7
:107BD000656D6F745F6D6F646500416E676C650005
:107BE0002D002B004779726F78006D6D004C00639B
:107BF0006D2F730052004F4E20004F464600565FD7
:107C0000723A00745F723A004E6F726D616C00419F
:107C10006E676C653A004779723A004469733A00BE
:107C2000636D00566F6C3A006D56004C5F70776D57
:107C30003A00525F70776D3A00564C35334C3058ED
:107C40002054533000564C35334C30582054533167
:107C500000564C35334C30582054533200564C3576
:107C6000334C305820455331206F72206C6174655D
:107C70007200564C35334C3058004E6F20557064AE
:107C800061746500564353454C20436F6E74696EB2
:107C9000756974792054657374204661696C7572D6
:107CA0006500564353454C205761746368646F67A1
:107CB0002054657374204661696C757265004E6F5F
:107CC000205648562056616C756520666F756E6447
:107CD000004D535243204E6F2054617267657420EB
:107CE0004572726F7200534E5220436865636B2079
:107CF000457869740052616E6765205068617365EC
:107D000020436865636B204572726F720053696728
:107D10006D61205468726573686F6C642043686598
:107D2000636B204572726F72005443432045727238
:107D30006F7200506861736520436F6E736973746E
:107D4000656E6379204572726F72004D696E2043D3
:107D50006C6970204572726F720052616E676520A7
:107D6000436F6D706C6574650052616E676520418C
:107D70006C676F20556E646572666C6F7720457214
:107D8000726F720052616E676520416C676F204FA1
:107D90007665726C6F77204572726F720052616EF9
:107DA00067652049676E6F726520546872657368F5
:107DB0006F6C64204572726F7200556E6B6E6F77D8
:107DC0006E204572726F7220436F64650052616E5F
:107DD00067652056616C6964202020005369676DD7
:107DE00061204661696C20202020005369676E6124
:107DF0006C204661696C202020004D696E20526124
:107E00006E6765204661696C005068617365204645
:107E100061696C202020200048617264776172657E
:107E2000204661696C20004E6F2055706461746556
:107E30002020202020004E6F204572726F72004378
:107E4000616C6962726174696F6E205761726E69EC
:107E50006E67204572726F72004D696E20636C69A7
:107E600070706564206572726F7200556E6465662D
:107E7000696E6564206572726F7200496E76616C1E
:107E8000696420706172616D6574657273206572DA
:107E9000726F72004E6F7420737570706F727465BC
:107EA00064206572726F7200496E746572727570CB
:107EB00074206E6F7420436C65617265640052615A
:107EC0006E6765206572726F720054696D65206F10
:107ED0007574206572726F72004D6F6465206E6FED
:107EE0007420737570706F72746564206572726F40
:107EF000720042756666657220746F6F20736D61E3
:107F00006C6C004750494F206E6F74206578697320
:107F100074696E67004750494F2066756E63742020
:107F20006E6F7420737570706F7274656400436F48
:107F30006E74726F6C20496E746572666163652041
:107F40004572726F7200496E76616C696420436F8E
:107F50006D6D616E64204572726F7200446976695E
:107F600073696F6E206279207A65726F2045727234
:107F70006F72005265666572656E6365205370614D
:107F80006420496E6974204572726F72004E6F747E
:107F900020696D706C656D656E74656420657272C4
:107FA0006F720053544D5745423A424F4F5400535D
:107FB000544D5745423A424F4F54494E47000204F0
:107FC0000608000000000102030401020304060782
:107FD0000809000000000000000000000000000090
:107FE0000404040404000004000014140A00000047
:107FF00000000000000000000A0A1F0A0A1F0A0A07
:10800000000000040E1505060C14150E04000000F7
:1080100012150D152E2C2A1200000000040A0A3633
:1080200015152916000002020100000000000000E2
:1080300000001008080404040404080810000204E6
:108040000408080808080404020000000004150ED3
:108050000E150400000000000008083E080800009B
:10806000000000000000000000000202010000000B
:108070000000003F000000000000000000000000C1
:108080000000000200000020101008080404020292
:10809000010000000E1111111111110E000000005D
:1080A000040604040404040E000000000E1111086C
:1080B0000402011F000000000E11100C1010110E20
:1080C00000000000080C0C0A091F081C000000003A
:1080D0001F01010F1110110E000000000C12010D04
:1080E0001311110E000000001E10080804040404FF
:1080F000000000000E11110E1111110E0000000001
:108100000E111119161009060000000000000400ED
:108110000000000400000000000000040000000453
:10812000040000001008040202040810000000000F
:1081300000003F003F0000000000000002040810A3
:1081400010080402000000000E11110804040004CD
:10815000000000001C22292D2D1D221C0000000003
:1081600004040C0A0A1E1233000000000F12120E43
:108170001212120F000000001E1101010101110E68
:10818000000000000F1212121212120F0000000065
:108190001F120A0E0A02121F000000001F120A0E10
:1081A0000A020207000000001C1201013911120C22
:1081B000000000003312121E1212123300000000E1
:1081C0001F0404040404041F000000003E08080803
:1081D000080808080907000037120A060A121237B1
:1081E00000000000070202020202223F000000001D
:1081F0003B1B1B1B15151535000000003B12161606
:108200001A1A1217000000000E1111111111110E8F
:10821000000000000F12120E020202070000000010
:108220000E1111111117190E180000000F12120E65
:108230000A121237000000001E1101060810110F6B
:10824000000000001F1504040404040E00000000D8
:10825000331212121212120C000000003312120A12
:108260000A0C040400000000151515150E0A0A0A70
:10827000000000001B0A0A04040A0A1B0000000098
:108280001B0A0A0A0404040E000000001F09080467
:108290000402121F00001C04040404040404040467
:1082A0001C000002020404040808081010000E0854
:1082B00008080808080808080E00040A0000000062
:1082C00000000000000000000000000000000000AE
:1082D000003F020400000000000000000000000059
:1082E0000000000C121C123C000000030202020EEF
:1082F0001212120E000000000000001C1202120CEC
:10830000000000181010101C1212123C0000000097
:108310000000000C121E021C000000182404041EA1
:108320000404041E000000000000003C120C021CAB
:10833000221C00030202020E121212370000000477
:10834000040000060404040E000000080800000CED
:1083500008080808080700030202021A0A060A139E
:1083600000000007040404040404041F00000000CB
:108370000000000F15151515000000000000000F8B
:1083800012121237000000000000000C1212120C32
:10839000000000000000000F1212120E0207000081
:1083A0000000001C1212121C103800000000001BFC
:1083B00006020207000000000000001E020C101E52
:1083C000000000000004041E0404041C000000005F
:1083D0000000001B1212123C000000000000001BF5
:1083E0000A0A04040000000000000015150E0A0A25
:1083F000000000000000001B0A040A1B000000002F
:108400000000003312120C08040300000000001EDC
:108410000804041E000018080808080C08080808CA
:1084200018000808080808080808080808080604CA
:1084300004040408040404040600160900000000F3
:1084400000000000000000008300000000080000A1
:108450000001001832000500000020410000D24257
:10846000295C0F3E9A99993E3333733F295C0F3E46
:1084700075191A0C6A231B1C1F207274433B413868
:10848000393A6B6C376F06246D6E7000680000041B
:1084900076005401F7FD0001000070000000002488
:1084A000000000020003000000650054FFEF000020
:1084B000FA80000B12820001030C30C30E8C8CE991
:1084C00014D5400213710F8E3883F8833000F8837F
:1084D000258EF8833000F883FFFFFFFF0FFEA9D63B
:1084E000240004001A8279A10000003CFFFF000074
:1084F0000010000038836FA2003E033040000000EF
:1085000002CAE3093E8000002000000000000000D5
:108510004000000060000000000C0000000C186E1D
:10852000000006920A16C0DFFFFF0256FD8CD377CB
:10853000FFE1C496E0C5BEAA00000000FFFF0B2BC0
:1085400000001657000003594000000000001DFA0B
:1085500000026C1D000000003FFFDFEB003EB3B6E1
:10856000000D227800002F3C00000000001942B5E9
:10857000000039A20000B365D90E9FC91DCF4C344D
:1085800030000000500000003BB67AE800640000B4
:1085900000C8000000000000100000001000FA9267
:1085A0001000225E000D229F00010000003200003A
:1085B000FF46000063D400001000000004D6000055
:1085C00004CC000004CC0000000010720000004049
:1085D0000000000000000000000600020005000787
:1085E0000000000000640000000000000000000522
:1085F00000050064002000000000000000000000F2
:10860000000040000000030000000032F898000065
:10861000FF650000830F0000FF9BFC0000000000CE
:10862000000000000000000000000000000000004A
:10863000000000000000000000000000000000003A
:1086400000000000000010004000000000000006D4
:108650000000B26A000200000001FB830068000015
:1086600000D9FC007CF1FF830000000000650000E1
:10867000006403E8006400280000002500000000FA
:1086800016A000000000100000001000002F0000E5
:10869000000001F40000100000280000FFFF4581E9
:1086A000FFFFFA7200000000000000000044000517
:1086B0000005BAC6004778A20000000100000000D3
:1086C00000000600000000140000254D002F706D12
:1086D000000005AE000C02D0000000000000000009
:1086E0000000000000000000001B0000000000006F
:1086F000000000000000000000640000000800000E
:108700000000000000000000000000000000000069
:108710000000000000000000000000000000000059
:108720000000000000000000000000000000000049
:108730000000000000000000000000000000000039
:108740000000000000000000000000000000000029
:108750000000000000000000001B000000000000FE
:1087600000000000000E000E00000AC70004000018
:1087700000000032FFFFFF9C00000B2B00000002F6
:108780000000000100000064FFE5000000000000A0
:1087900000000000000000000000000100000000D8
:1087A00000010000000000000001800000018000C6
:1087B00000018000002426D300000000000000001B
:1087C000000600100096003C0000000000000000C1
:1087D00000000000000000000C0A4E68CDCF7709B1
:1087E00050166759C619CE82000000000000000034
:1087F0000000000000000000000000000000000079
:1088000017D78400030000000000000000000000F3
:10881000C7938F9D1E1B1C19000000000000000064
:108820000000000000000000000000000000000048
:108830000203188500004000000000030000000350
:1088400000000000000000004000000000000000E8
:108850000000000000000000000000000000000018
:108860000000000000000000000000000000000008
:10887000000000000000000000000000677DDF7EB7
:1088800072902E554CF6E6880000000000000000B3
:108890000000000000000000D8DCB4B8B0D8B9ABCC
:1088A000F3F8FAB3B7BB8E9EAEF132F51BF1B4B854
:1088B000B08097F1A9DFDFDFAADFDFDFF2AAC5CD45
:1088C000C7A90CC92C97F1A989264666B28999A92E
:1088D0002D557DB0B08AA896365676F1BAA3B4B2BB
:1088E00080C0B8A89711B28398BAA3F024084410A6
:1088F0006418B2B9B49883F1A329557DBAB5B1A370
:108900008393F0002850F5B2B6AA839328547CF1E3
:10891000B9A3829361BAA2DADEDFDB819AB9AEF540
:10892000606870F1DABAA2DFD9BAA2FAB9A382926A
:10893000DB31BAA2D9BAA2F8DF85A4D0C1BBAD831E
:10894000C2C5C7B8A2DFDFDFBAA0DFDFDFD8D8F14A
:10895000B8AAB38DB4980D355DB2B6BAAF8C96197E
:108960008F9FA70E161EB49AB8AA872C547CBAA45F
:10897000B08AB691325676B28494A4C808CDD8B8DD
:10898000B4B0F19982A82D557D98A80E161EA22C80
:10899000547C92A4F02C5078F184A898C4CDFCD8D3
:1089A0000DDBA8FC2DF3D9BAA6F8DABAA6DED8BA40
:1089B000B2B68696A6D0F3C841DAA6C8F8D8B0B445
:1089C000B882A892F52C548898F135D9F418D8F1CA
:1089D000A2D0F8F9A884D9C7DFF8F883C5DADF692F
:1089E000DF83C1D8F40114F1A8824EA884F311D119
:1089F00082F5D992289788F109F41C1CD884A8F331
:108A0000C0F9D1D99782F129F40DD8F3F9F9D1D968
:108A100082F4C203D8DEDF1AD8F1A2FAF9A884984A
:108A2000D9C7DFF8F8F883C7DADF69DFF883C3D87E
:108A3000F40114F198A8822EA884F311D182F5D9FB
:108A400092509788F109F41CD884A8F3C0F8F9D1A2
:108A5000D99782F149F40DD8F3F9F9D1D982F4C448
:108A600003D8DEDFD8F1AD8898CCA809F9D9829275
:108A7000A8F57CF1883ACF944A6E98DB6931DAAD7B
:108A8000F2DEF9D88795A8F221D1DAA5F9F417D941
:108A9000F1AE8ED0C0C3AE82C684C3A88595C8A5EA
:108AA00088F2C0F1F4010EF18E9EA8C63E56F55430
:108AB000F18872F40115F19845856EF58E9E048853
:108AC000F142985A8E9E068869F4011CF1981E1195
:108AD00008D0F504F11E970202983625DBF9D985F6
:108AE000A5F3C1DA85A5F3DFD88595A8F309DAA542
:108AF000FAD88292A8F578F1881A849F268898215E
:108B0000DAF41DF3D8879F39D1AFD9DFDFFBF9F451
:108B10000CF3D8FAD0F8DAF9F9D0DFD9F9D8F40B98
:108B2000D8F3879F39D1AFD9DFDFF41DF3D8FAFC32
:108B3000A869F9F9AFD0DADEFAD9F88F9FA8F1CC9D
:108B4000F398DB45D9AFDFD0F8D8F18F9FA8CAF3EF
:108B50008809DAAF8FCBF8D8F2AD978D0CD9A5DFA5
:108B6000F9BAA6F3FAF412F2D8950DD1D9BAA6F350
:108B7000FADAA5F2C1BAA6F3DFD8F1BAB2B6869690
:108B8000A6D0CAF349DAA6CBF8D8B0B4B8D8AD8429
:108B9000F2C0DFF18FCBC3A8B2B68696C8C1CBC3F3
:108BA000F3B0B48898A821DB718D9D71859521D98A
:108BB000ADF2FAD88597A828D9F408D8F28D29DA29
:108BC000F405D9F285A4C2F2D8A88D9401D1D9F4C4
:108BD00011F2D88721D8F40AD8F28498A8C801D114
:108BE000D9F411D8F3A4C8BBAFD0F2DEF8F8F8F886
:108BF000F8F8F8F8D8F1B8F6B5B9B08A95A3DE3C24
:108C0000A3D9F8D85CA3D9F8D87CA3D9F8D8F8F9B7
:108C1000D1A5D9DFDAFAD8B18530F7D9DED8F83066
:108C2000ADDADED8F2B48C99A32D557DA083DFDFB9
:108C3000DFB591A0F629D9FBD8A0FC29D9FAD8A094
:108C4000D051D9F8D8FC51D9F9D879D9FBD8A0D0CE
:108C5000FC79D9FAD8A1F9F9F9F9F9A0DADFDFDF5F
:108C6000D8A1F8F8F8F8F8ACDEF8ADDE8393AC2CB8
:108C7000547CF1A8DFDFDFF69D2CDAA0DFD9FADB28
:108C80002DF8D8A850DAA0D0DED9D0F8F8F8DB5506
:108C9000F8D8A878DAA0D0DFD9D0FAF8F8F8F8DB5D
:108CA0007DF8D89CA88CF530DB38D9D0DEDFA0D099
:108CB000DEDFD8A848DB58D9DFD0DEA0DFD0DED891
:108CC000A868DB70D9DFDFA0DFDFD8F1A888902C9F
:108CD000547C98A8D05C38D1DAF2AE8CDFF9D8B0E9
:108CE00087A8C1C1B188A8C6F9F9DA36D8A8F9DAD7
:108CF00036D8A8F9DA36D8A8F9DA36D8A8F9DA36A3
:108D0000D8F78D9DADF818DAF2AEDFD8F7ADFA30AE
:108D1000D9A4DEF9D8F2AEDEFAF983A7D9C3C5C764
:108D2000F1889BA77AADF7DEDFA4F8849408A797B3
:108D3000F300AEF29819A488C6A39488F632DFF245
:108D40008393DB09D9F2AADFD8D8AEF8F9D1DAF3E8
:108D5000A4DEA7F1889B7AD8F38494AE19F9DAAA35
:108D6000F1DFD8A881C0C3C5C7A39283F628ADDEC2
:108D7000D9F8D8A350ADD9F8D8A378ADD9F8D8F898
:108D8000F9D1A1DADEC3C5C7D8A18194F818F2B031
:108D900089ACC3C5C7F1D8B8B4B09786A8319B06D3
:108DA0009907AB9728889BF00C201440B0B4B8F01A
:108DB000A88A9A285078B79BA829517924705944D9
:108DC0006938644831F1BBAB88002C547CF0B38B1C
:108DD000B8A804285078F1B088B49726A85998BB51
:108DE000ABB38B02264666B0B8F08A9CA8295179AD
:108DF0008B2951798A2470598B2058718A4469389B
:108E00008B3940688A6448318B30496088F1AC0006
:108E10002C547CF08CA804285078F1889726A85907
:108E200098AC8C02264666F0899CA829517924705A
:108E300059446938644831A98809205970AB113800
:108E40004069A8193148608CA83C415C207C00F145
:108E500087981986A86E767EA999882D557DD8B1F8
:108E6000B5B9A3DFDFDFAED0DFAAD0DEF2ABF8F911
:108E7000D9B087C4AAF1DFDFBBAFDFDFB9D8B1F16A
:108E8000A3978E60DFB084F2C8F8F9D9DED8938555
:108E9000F14AB183A308B5839A0810B79F10D8F19F
:108EA000B0BAAEB08AC2B2B68E9EF1FBD9F41DD86C
:108EB000F9D90CF1D8F8F8AD61D9AEFBD8F40CF1C2
:108EC000D8F8F8AD19D9AEFBDFD8F416F1D8F8AD63
:108ED0008D61D9F4F4ACF59C9C8DDF2BBAB6AEFA5B
:108EE000F8F40BD8F1AED0F8AD51DAAEFAF8F1D80B
:108EF000B9B1B6A3839C08B9B1839AB5AAC0FD30B5
:108F000083B79F10B58B93F20202D1ABDADED8F1B2
:108F1000B080BAABC0C3B284C1C3D8B1B9F38BA31C
:108F200091B609B4D9ABDEB0879CB9A3DDF1B38BA0
:108F30008B8B8B8BB087A3A3A3A3B28BB69BF2A31F
:108F4000A3A3A3A3A3A3A3A3A3F1B087B59AA3F359
:108F50009BA3A3DCBAACDFB9A3A3A3A3A3A3A3A33E
:108F6000A3A3A3A3A3A3A3A3D8D8D8BBB3B7F1AAA1
:108F7000F9DAFFD9809AAA28B48098A720B79787F2
:108F8000A86688F07951F1902C870CA7819762939D
:108F9000F071716085940129517990A5F1284C6C8C
:108FA000870C95188578A38390284C6C886CD8F32F
:108FB000A28200F210A8921980A2F2D926D8F188D4
:108FC000A84DD948D896A83980D93CD89580A839D9
:108FD000A68698D92CDA87A72CD8A8899519A980B4
:108FE000D938D8A88939A980DA3CD8A82EA83990D0
:108FF000D90CD8A8953198D90CD8A809D9FFD8018F
:10900000DAFFD89539A9DA26FFD890A80D8999A852
:1090100010809821DA2ED88999A83180DA2ED8A824
:1090200086963180DA2ED8A8873180DA2ED8A882A9
:1090300092F34180F1D92ED8A882F31980F1D92E6C
:10904000D882ACF3C0A28022F1A62EA72EA9229826
:10905000A829DAACDEFFD8A2F22AF1A92E8292A8C2
:10906000F23180A696F1D900AC8C9C0C30ACDED0ED
:10907000DEFFD88C9CACD010ACDE8092A2F24C8289
:10908000A8F1CAF235F19688A6D900D8F1FF000000
:10909000182D4454FB21E9BFD221337F7CD90240F3
:1090A000D221337F7CD902C0000000000000008084
:1090B000182D4454FB210940182D4454FB2109C0AC
:1090C0000A0000002E0000006E660000696E6974E0
:1090D00079000000616E000043000000504F5349CA
:1090E0005800000042616C6C6F63207375636365A8
:1090F00065646564000000002E2E2F2E2E2F2E2E6C
:109100002F2E2E2F2E2E2F2E2E2F6E65776C69620E
:109110002F6C6962632F7374646C69622F67647467
:109120006F612D6765746865782E63002C20667505
:109130006E6374696F6E3A2000000000617373659E
:109140007274696F6E2022257322206661696C65D6
:10915000643A2066696C6520222573222C206C6994
:109160006E65202564257325730A00002E2E2F2E90
:109170002E2F2E2E2F2E2E2F2E2E2F2E2E2F6E6593
:10918000776C69622F6C6962632F7374646C6962B7
:109190002F6D707265632E6300000000494E46001B
:1091A000696E66004E414E006E616E0030313233A2
:1091B00034353637383941424344454600000000D3
:1091C000303132333435363738396162636465663D
:1091D00000000000286E756C6C2900003000000053
:1091E000496E66696E697479000000004E614E0038
:1091F0002E2E2F2E2E2F2E2E2F2E2E2F2E2E2F2E8A
:109200002E2F6E65776C69622F6C6962632F7374A1
:10921000646C69622F64746F612E6300000000004B
:109220004FBB610567ACDD3F182D4454FB21E93F7E
:109230009BF681D20B73EF3F182D4454FB21F93F6D
:10924000E2652F227F2B7A3C075C143326A6813CF3
:10925000BDCBF07A8807703C075C143326A6913C9E
:10926000000000000000F03F59F3F8C21F6EA50196
:1092700035000000CEFBFFFFCB0300000100000023
:109280000000000034000000CEFBFFFFCB03000015
:109290000100000000000000BC89D897B2D29C3CBD
:1092A00033A7A8D523F649393DA7F444FD0FA532CD
:1092B0009D978CCF08BA5B25436FAC642806681174
:1092C000000000000000000000000000000000009E
:1092D000000000000000000000000000000000008E
:1092E000000000000000000000000000000000007E
:1092F00010111213141516171819000000000000A1
:10930000001A1B1C1D1E1F000000000000000000B2
:10931000000000000000000000000000000000004D
:10932000001A1B1C1D1E1F00000000000000000092
:10933000000000000000000000000000000000002D
:10934000000000000000000000000000000000001D
:10935000000000000000000000000000000000000D
:1093600000000000000000000000000000000000FD
:1093700000000000000000000000000000000000ED
:1093800000000000000000000000000000000000DD
:1093900000000000000000000000000000000000CD
:1093A00000000000000000000000000000000000BD
:1093B00000000000000000000000000000000000AD
:1093C0000020202020202020202028282828282095
:1093D000202020202020202020202020202020208D
:1093E00020881010101010101010101010101010F5
:1093F00010040404040404040404041010101010E5
:1094000010104141414141410101010101010101AE
:109410000101010101010101010101011010101000
:109420001010424242424242020202020202020280
:1094300002020202020202020202020210101010D4
:1094400020000000000000000000000000000000FC
:10945000000000000000000000000000000000000C
:1094600000000000000000000000000000000000FC
:1094700000000000000000000000000000000000EC
:1094800000000000000000000000000000000000DC
:1094900000000000000000000000000000000000CC
:1094A00000000000000000000000000000000000BC
:1094B00000000000000000000000000000000000AC
:1094C000000000000000000005000000190000007E
:1094D0007D00000000000000000000000000F03FE0
:1094E000000000000000244000000000000059407F
:1094F0000000000000408F40000000000088C340D2
:1095000000000000006AF8400000000080842E4146
:1095100000000000D01263410000000084D7974192
:109520000000000065CDCD41000000205FA0024298
:10953000000000E876483742000000A2941A6D420D
:10954000000040E59C30A2420000901EC4BCD64200
:1095500000003426F56B0C430080E03779C34143AB
:1095600000A0D8855734764300C84E676DC1AB4321
:10957000003D9160E458E143408CB5781DAF15443F
:1095800050EFE2D6E41A4B4492D54D06CFF080441A
:10959000F64AE1C7022DB544B49DD9794378EA442F
:1095A000BC89D897B2D29C3C33A7A8D523F64939B9
:1095B0003DA7F444FD0FA5329D978CCF08BA5B25DB
:1095C000436FAC642806C80A0080E03779C3414382
:1095D000176E05B5B5B89346F5F93FE9034F384D19
:1095E000321D30F94877825A3CBF737FDD4F1575C5
:1095F000202020202020202020202020202020206B
:10960000303030303030303030303030303030305A
:10961000202020202020202020202020202020204A
:10962000303030303030303030303030303030303A
:10963000202020202020202020202020202020202A
:10964000303030303030303030303030303030301A
:08965000DC6CFF7F010000004B
:109658009A99993E0000F0419A99193F0000F0420A
:109668009A99993E0000F0420102000000A24A04C3
:10967800FF000000FF000000010000000000803F24
:10968800708401088C8401080000000000000000BC
:1096980000000000000000000000000000000000C2
:1096A8000000000000000000488401080000803F1E
:1096B80000000000000000000000803F0000803F24
:1096C80000000000000000000000803F0AD7233C93
:1096D80001FF0001800101FF0101000001FF0101FC
:1096E8004F0201FF0E01000301018401020A010378
:1096F800030104080105C801060301078D010808D4
:109708000109C6010A01010B02010C00010DD50176
:109718000E18010F1201100101118201120001132C
:10972800D501141801151301160301178601180A2B
:10973800011909011A08011BC2011C03011D8F012F
:109748001E0A011F06012001012102012200012336
:10975800D5012418012522012601012782012800AC
:109768000129D5012A18012B0B012C28012D78017C
:109778002E28012F9101300001310B0132000133F5
:109788000B0134000135A10136000137A001380072
:10979800013904013A28013B30013C0C013D040128
:1097A8003E0F013F7901402801411E01422F01432C
:1097B8008701440001450B01460001470B014800A1
:1097C8000149A7014A00014BA6014C00014D0401C3
:1097D8004E01014F0001500001518001520901530F
:1097E8000801540101550001560F01577901580924
:1097F800015905015A00015B60015C05015DD10159
:109808005E0C015F3C0160000161D001620B0163E5
:109818000301642801651001662A01673901680B94
:10982800016902016A28016B10016C2A016D61014E
:109838006E0C016F0001700F0171790172000173E4
:109848000B01740001750B0176000177A101780006
:109858000179A0017A00017B0401FF0401791D014F
:109868007B2701960E0197FE0198030199EF019A53
:1098780002019B4401730701700101FF010100010E
:1098880001FF0000000001FF0101000001FF0001CD
:1098980009000110000111000124010125FF0175D3
:1098A8000001FF01014E2C01480001302001FF009A
:1098B80001300901540001310401320301408301E0
:1098C80046250160000127000150060151000152A0
:1098D80096015608015730016100016200016400D9
:1098E8000165000166A001FF010122320147140150
:1098F80049FF014A0001FF00017A0A017B00017853
:109908002101FF010123340142000144FF014526E2
:10991800014605014040010E0601201A014340019D
:10992800FF0001340301354401FF01013104014BFB
:1099380009014C05014D0401FF00014400014520C7
:1099480001470801482801670001700401710101FD
:1099580072FE01760001770001FF01010D0101FF90
:10996800000180010101F801FF01018E01010001E0
:1099780001FF000180000000000000000A00000054
:109988000500000000000000050000000040000085
:1099980000001200E88000000E0A000000400000ED
:1099A80000001200400D03000E0A00009919000083
:1099B80000003C00E8800000120E0000004000009B
:1099C80000002000204E00000E0A000043000000A6
:1099D800000000000000000000000000000000007F
:1099E800000000000000000000000000430000002C
:1099F800000000000000000000000000000000005F
:109A0800000000000000000000000000430000000B
:109A1800000000000000000000000000000000003E
:109A280000000000000000000000000043000000EB
:109A3800000000000000000000000000000000001E
:109A480000000000000000000000000043000000CB
:109A580000000000000000000000000000000000FE
:109A680000000000000000000000000043000000AB
:109A780000000000000000000000000000000000DE
:109A8800000000000000000000000000430000008B
:109A980000000000000000000000000000000000BE
:109AA8000000000000000000000000000DFF00089A
:109AB80061F1000800000000C0930108C49001088B
:109AC8003891010838910108389101083891010846
:109AD8003891010838910108389101083891010836
:109AE80038910108FFFFFFFFFFFFFFFFFFFFFFFFA8
:109AF800FFFF0000010041534349490000000000F6
:109B0800000000000000000000000000000000004D
:109B180000000000000041534349490000000000D4
:109B2800000000000000000000000000000000002D
:109B3800000000000000000000000000030000001A
:109B4800640D00200000000000000000000000007C
:109B5800F8040020F804002000050020000500207B
:109B68000805002008050020100500201005002029
:109B780018050020180500202005002020050020D9
:109B88002805002028050020300500203005002089
:109B98003805002038050020400500204005002039
:109BA80048050020480500205005002050050020E9
:109BB8005805002058050020600500206005002099
:109BC8006805002068050020700500207005002049
:109BD80078050020780500208005002080050020F9
:109BE80088050020880500209005002090050020A9
:109BF8009805002098050020A0050020A005002059
:109C0800A8050020A8050020B0050020B005002008
:109C1800B8050020B8050020C0050020C0050020B8
:109C2800C8050020C8050020D0050020D005002068
:109C3800D8050020D8050020E0050020E005002018
:109C4800E8050020E8050020F0050020F0050020C8
:109C5800F8050020F8050020000600200006002076
:109C68000806002008060020100600201006002024
:109C780018060020180600202006002020060020D4
:109C88002806002028060020300600203006002084
:109C98003806002038060020400600204006002034
:109CA80048060020480600205006002050060020E4
:109CB8005806002058060020600600206006002094
:109CC8006806002068060020700600207006002044
:109CD80078060020780600208006002080060020F4
:109CE80088060020880600209006002090060020A4
:109CF8009806002098060020A0060020A006002054
:109D0800A8060020A8060020B0060020B006002003
:109D1800B8060020B8060020C0060020C0060020B3
:109D2800C8060020C8060020D0060020D006002063
:109D3800D8060020D8060020E0060020E006002013
:109D4800E8060020E8060020F0060020F0060020C3
:109D5800F8060020F8060020000700200007002071
:109D6800080700200807002010070020100700201F
:109D780018070020180700202007002020070020CF
:109D8800280700202807002030070020300700207F
:109D9800380700203807002040070020400700202F
:109DA80048070020480700205007002050070020DF
:109DB800580700205807002060070020600700208F
:109DC800680700206807002070070020700700203F
:109DD80078070020780700208007002080070020EF
:109DE800880700208807002090070020900700209F
:109DF8009807002098070020A0070020A00700204F
:109E0800A8070020A8070020B0070020B0070020FE
:109E1800B8070020B8070020C0070020C0070020AE
:109E2800C8070020C8070020D0070020D00700205E
:109E3800D8070020D8070020E0070020E00700200E
:109E4800E8070020E8070020F0070020F0070020BE
:109E5800F8070020F807002000080020000800206C
:109E6800080800200808002010080020100800201A
:109E780018080020180800202008002020080020CA
:109E8800280800202808002030080020300800207A
:109E9800380800203808002040080020400800202A
:109EA80048080020480800205008002050080020DA
:109EB800580800205808002060080020600800208A
:109EC800680800206808002070080020700800203A
:109ED80078080020780800208008002080080020EA
:109EE800880800208808002090080020900800209A
:109EF8009808002098080020A0080020A00800204A
:109F0800A8080020A8080020B0080020B0080020F9
:109F1800B8080020B8080020C0080020C0080020A9
:109F2800C8080020C8080020D0080020D008002059
:109F3800D8080020D8080020E0080020E008002009
:109F4800E8080020E8080020F0080020F0080020B9
:109F5800FFFFFFFF000002001009002000000000C2
:109F680000000000640D0020CC0D0020340E0020FD
:109F780000000000000000000000000000000000D9
:109F880000000000000000000000000000000000C9
:109F980000000000000000000000000000000000B9
:109FA80000000000000000000000000000000000A9
:109FB8000000000000000000000000000000000099
:109FC8000000000000000000000000000000000089
:109FD8000000000000000000000000000000000079
:109FE8000000000000000000000000000000000069
:109FF8000000000000000000010000000000000058
:10A008000E33CDAB34126DE6ECDE05000B0000001C
:10A018000000000000000000000000000000000038
:10A028000000000000000000000000000000000028
:10A038000000000000000000000000000000000018
:10A048000000000000000000000000000000000008
:10A0580000000000000000000000000000000000F8
:10A0680000000000000000000000000000000000E8
:10A0780000000000000000000000000000000000D8
:10A0880000000000000000000000000000000000C8
:10A0980000000000000000000000000000000000B8
:04000005080043812B
:00000001FF
