:020000040800F2
:1000000028100020FD050008010200080302000876
:10001000070200080B0200080F02000800000000A1
:1000200000000000000000000000000013020008B3
:10003000150200080000000017020008190200085D
:10004000170600081706000817060008170600081C
:10005000170600081706000817060008170600080C
:1000600017060008170600085BEF000817060008CF
:1000700017060008170600081706000817060008EC
:1000800017060008170600081706000817060008DC
:1000900017060008170600081706000817060008CC
:1000A00017060008935900081706000817060008ED
:1000B000452C0008170600082D2C0008170600081C
:1000C000170600081706000817060008170600089C
:1000D0001706000817060008CD4E00087D3C0008F2
:1000E00017060008170600081706000800F002F8B7
:1000F00000F070F80AA090E8000C82448344AAF152
:100100000107DA4501D100F065F8AFF2090EBAE84F
:100110000F0013F0010F18BFFB1A43F0010318473B
:10012000A4400100C44001000A444FF0000C10F844
:10013000013B13F0070408BF10F8014B1D1108BF65
:1001400010F8015B641E05D010F8016B641E01F805
:10015000016BF9D113F0080F1EBF10F8014BAD1C55
:100160000C1B09D16D1E58BF01F801CBFAD505E073
:1001700014F8016B01F8016B6D1EF9D59142D6D3CD
:10018000704700000023002400250026103A28BFF5
:1001900078C1FBD8520728BF30C148BF0B607047F9
:1001A000662912F02A8564290EF05A8700207047CC
:1001B0001FB50FF09DFC04000020002111F078FB1A
:1001C000401C60600020002111F05CFBE0601FBD5E
:1001D00010B510BD0FF0B8FD1146FFF7E9FF00F0B4
:1001E0000DF910F031F803B4FFF7F2FF03BC02F091
:1001F000A3FB000030BF72B662B680F30888704778
:10020000704700BFFEE700BFFEE700BFFEE700BF8C
:10021000FEE7704770477047704700000CB500203C
:10022000019000906C48006840F480306A49086092
:1002300000BF6948006800F4003000900198401C3D
:100240000190009818B90198B0F5A06FF1D16248FB
:10025000006800F4003010B10120009001E000209F
:1002600000900098012843D15C48006840F01000DD
:100270005A4908600846006820F0030008600846F4
:10028000006840F0020008605348406852494860E6
:100290000846406848600846406840F4806048600E
:1002A0000846406820F47C1048600846406840F4E6
:1002B000E81048600846006840F08070086000BFA1
:1002C0004548006800F000700028F9D042484068B6
:1002D00020F00300404948600846406840F00200B2
:1002E000486000BF3C48406800F00C000828F9D185
:1002F0000CBD10B5FFF792FF10BD10B53648006871
:1003000040F001003449086008464068344908401C
:100310003149486008460068324908402E49086063
:100320000846006820F4802008600846406820F4F1
:10033000FE0048604FF41F008860FFF7DAFF4FF0BF
:1003400000602949086010BD10B50021002000227E
:10035000214B5B6803F00C0121B1042906D0082968
:1003600028D107E0214B224C236027E01F4B204C73
:10037000236023E0184B5B6803F47010164B5B6836
:1003800003F48032022303EB904022B9194B43431C
:10039000174C23600DE0104B5B6803F4003323B16E
:1003A000144B4343124C236003E0104B4343104C67
:1003B000236003E00D4B0E4C236000BF00BF064BD3
:1003C0005B68C3F303130C4CE15C094B1B68CB4027
:1003D000074C236010BD00000010024000200240C6
:1003E0000000FFF8FFFFF6FE08ED00E000127A00C3
:1003F0000000002000093D00040000200EB502208E
:1004000002F042F902F0D0F8022002F027FA0120AF
:1004100002F024FA02F0C6FE02F0E0FE002141F6EE
:100420001F4002F003FF4FF4E13002F0A3FA4FF453
:100430006131482004F0D8FC4FF4E13003F0C2F9F8
:1004400002F038FB02F083FB02F010FC03F0FDF831
:10045000002009F048FC04F0BEFB4FF6FF7050236B
:10046000A02200210090084604F08EF800200C2104
:100470004FF6FF724FF47843CDE90021029047A276
:100480002421142004F000FA4FF47A7002F0C9F825
:1004900003F0E6FD03F0F8FD00200C214FF6FF729B
:1004A0004FF47843CDE90021029040A2242114208A
:1004B00004F0EAF94FF47A7002F0B3F84FF6FF70E7
:1004C0005023A02200210090084604F05DF800208F
:1004D0000C214FF6FF724FF47843CDE900210290D2
:1004E00037A22421142004F0CFF94FF47A7002F0DF
:1004F00098F84FF6FF705023A02200210090084684
:1005000004F042F801203249087032480EF017FB1F
:10051000002130480EF0B3FC88B901202C49087046
:1005200000200C214FF6FF724FF47843CDE90021F3
:10053000029029A22421142004F0A6F910E0002042
:100540000C214FF6FF724FF47843CDE90021029061
:1005500026A22421142004F097F900201C490870D9
:100560004FF47A7002F05DF84FF6FF705023A0222E
:1005700000210090084604F007F802F041FA41F625
:100580001F41632003F0F0F807E008F0D3FF1048A4
:10059000007810B10F480EF089FCF6E76D707536E3
:1005A00030353020696E6974000000006D7075365A
:1005B000303530207375636365737321000000006C
:1005C000564C3533313020696E69742E2E2E000062
:1005D00060000020D0050020564C353331302073A8
:1005E0007563636573732121210000004E4F20560F
:1005F0004C3533313021212100000000094880476B
:1006000009480047FEE7FEE7FEE7FEE7FEE7FEE7F4
:10061000FEE7FEE7FEE7FEE704480549054A064B0C
:1006200070470000FB020008ED000008280A0020C7
:1006300028100020280C0020280C002031490143FC
:10064000314A1160704770B5002100230F22C47831
:1006500004B32D4C246804F4E064C4F5E064210A7A
:10066000C1F10403CA40447804FA03F184781440C9
:1006700021430901254C0678A155047804F01F0593
:100680000124AC4005786D11AD0005F1E025C5F8F9
:10069000004109E0047804F01F050124AC401C4D22
:1006A0000678761145F8264070BD1A4A0A40024382
:1006B000154B1B1F1A60704739B1134A121D12687F
:1006C0000243114B1B1D1A6006E00F4A121D1268EF
:1006D00082430D4B1B1D1A607047042808D14FF050
:1006E000E021096941F004014FF0E022116107E0C7
:1006F0004FF0E021096921F004014FF0E02211617F
:10070000704700000000FA050CED00E000E400E096
:1007100080E100E080FFFF1F10B50446FA488442E4
:1007200008D10121401500F0E3FD0021601500F023
:10073000DFFD17E0F548844208D10121001500F0E3
:10074000D7FD0021201500F0D3FD0BE0F0488442D6
:1007500008D10121C80300F0CBFD00214FF4004077
:1007600000F0C6FD10BD30B50246002000235068E1
:10077000E84C20400D790C6844EA05242043506081
:100780009068E54C2040D1E902542C434D7944EA6D
:10079000450420439060D06A20F470000C7C641EF5
:1007A000E4B2234340EA0350D06230BD002101602F
:1007B000017141718160C16001210174704721B1F3
:1007C000826842F00102826003E0826822F0010246
:1007D0008260704721B1826842F48072826003E0D7
:1007E000826822F480728260704710B50023CBB219
:1007F0001AB144681C43446002E044689C4344606E
:1008000010BD816841F008018160704701460020F9
:100810008A6802F008020AB1012000E00020704757
:10082000816841F0040181607047014600208A68B8
:1008300002F004020AB1012000E00020704721B15B
:10084000826842F4A002826003E0826822F4A0027F
:1008500082607047014600208A6802F480020AB173
:10086000012000E00020704710B50A460021002357
:10087000416821F46041531E41EA4331416010BD9B
:1008800021B1426842F40062426003E0426822F40F
:10089000006242607047F0B504460D46002000211A
:1008A000092D11DDE068A5F10A0606EB46070726CB
:1008B00006FA07F18843A5F10A0606EB460603FA95
:1008C00006F10843E0600CE0206905EB45070726C8
:1008D00006FA07F1884305EB450603FA06F10843DB
:1008E0002061072A0FDA606B561E06EB86071F266B
:1008F00006FA07F18843561E06EB860605FA06F14E
:100900000843606322E00D2A0FDA206BD61F06EB46
:1009100086071F2606FA07F18843D61F06EB8606D0
:1009200005FA06F10843206310E0E06AA2F10D0623
:1009300006EB86071F2606FA07F18843A2F10D068B
:1009400006EB860605FA06F10843E062F0BD21B128
:10095000826842F48012826003E0826822F480128E
:10096000826070470146C86C80B2704766484C3060
:100970000068704721B1426842F48062426003E03F
:10098000426822F480624260704721B1426842F4BA
:100990008052426003E0426822F480524260704715
:1009A0000A460021816821F4E041114381607047CB
:1009B00021B1826842F40042826003E0826822F43E
:1009C00000428260704721B1826842F40212826064
:1009D00003E0826822F40212826070470146002020
:1009E0008A6802F400120AB1012000E0002070477A
:1009F000F0B504461546002000220026092911DD25
:100A0000E068A1F10A0707EB470C072707FA0CF289
:100A10009043A1F10A0707EB470703FA07F21043D7
:100A2000E0600CE0206901EB410C072707FA0CF2AB
:100A3000904301EB410703FA07F210432061A06BDA
:100A4000C0F30156EF1C06F1010CA7EB0C0707EBF6
:100A5000870C1F2707FA0CF29043EF1C06F1010CDC
:100A6000A7EB0C0707EB870701FA07F21043A06317
:100A7000F0BD10B50A4600210023816B21F440111E
:100A8000531E41EA0351816310BD08B50023009352
:100A90000090009B0B440093009B1A6008BD08B5B2
:100AA000024600200090009201F12800009B1844AB
:100AB00000900098006880B208BD0A460021416895
:100AC000164B194011434160704741628262704782
:100AD0000A460021416821F01F011143416070471F
:100AE00040B109490831096841F40001064A083259
:100AF000116007E004490831096821F40001024A45
:100B000008321160704700000024014000280140B5
:100B1000003C0140FFFEF0FFFDF7F1FFFFFD3FFF4E
:100B20000246002013680B400BB1012000E00020BA
:100B30007047CA430260704770B502460020002328
:100B400000240B125568CEB205EA060415681D4054
:100B500015B10CB1012000E0002070BD00220A1286
:100B6000D343036070470000002044490860091D1A
:100B70000860091D0860091D086041483F4914319B
:100B80000860704700213D498279002A3AD00A4620
:100B9000126803689A430B461A600A1D12680368BC
:100BA0009A430B1D1A60027911440A6803681A43BC
:100BB0000A60324A0832126803689A432F4B08339E
:100BC0001A601A1D126803689A432C4B0C331A6082
:100BD0004279102A0ED11A1F126803681A43274B54
:100BE00008331A601A1D126803681A43234B0C332A
:100BF0001A600DE02149427911440A6803681A43DA
:100C00000A6005E0027911440A6803689A430A60A1
:100C100070470021016001710C2141710021817137
:100C200070471649103109680143144A10321160A7
:100C3000704701460020114A143212680A400AB176
:100C4000012000E0002070470C4914310860704713
:100C5000014600200022094B1B6803EA0102074BF2
:100C600014331B680B4013B10AB1012000E00020CF
:100C700070470249143108607047000000040140C9
:100C8000FFFF0F0010B50446CC48844208D1012173
:100C9000042000F02DFB0021042000F029FB46E099
:100CA000C748844208D10121082000F021FB00211F
:100CB000082000F01DFB3AE0C248844208D101211F
:100CC000102000F015FB0021102000F011FB2EE099
:100CD000BD48844208D10121202000F009FB0021F9
:100CE000202000F005FB22E0B848844208D1012111
:100CF000402000F0FDFA0021402000F0F9FA16E053
:100D0000B348844208D10121802000F0F1FA00218B
:100D1000802000F0EDFA0AE0AE48844207D10121BC
:100D2000801500F0E5FA0021A01500F0E1FA10BDF1
:100D300010B50121084600F0DBFA0021012000F087
:100D4000D7FA10BD2DE9F04102460025002600200B
:100D500000230024002791F803C00CF00F0591F840
:100D600003C00CF0100CBCF1000F03D091F802C0CE
:100D70004CEA050591F800C0BCF1000F31D01468B1
:100D800000202BE04FF0010C0CFA00F3B1F800C08A
:100D90000CEA03069E4220D183004FF00F0C0CFAA0
:100DA00003F7BC4305FA03FC4CEA040491F803C0C2
:100DB000BCF1280F06D14FF0010C0CFA00FCC2F870
:100DC00014C00AE091F803C0BCF1480F05D14FF000
:100DD000010C0CFA00FCC2F810C0401C0828D1D34A
:100DE0001460B1F800C0BCF1FF0F34DD546800207E
:100DF0002EE000F1080C4FF0010808FA0CF3B1F8EE
:100E000000C00CEA03069E4221D183004FF00F0C74
:100E10000CFA03F7BC4305FA03FC4CEA040491F80E
:100E200003C0BCF1280F05D100F1080C08FA0CF83A
:100E3000C2F8148091F803C0BCF1480F07D100F14B
:100E4000080C4FF0010808FA0CF8C2F81080401C9A
:100E50000828CED35460BDE8F0814FF6FF710180C1
:100E6000022181700421C1707047024600209368FE
:100E70000B400BB1012000E000207047014688685C
:100E800080B2704702460020D3680B400BB10120AE
:100E900000E0002070470146C86880B270470161D9
:100EA0007047416170470AB1016100E041617047DC
:100EB000C16070474FF480320A4382618161826170
:100EC00082698269704702460020434B18684FF6DA
:100ED0008073184040EA021008433F4B1860704787
:100EE0003E49C8617047F0B50A460023002400213E
:100EF000002500F00046B6F1004F02D1364EF169F0
:100F000001E0354E7168C0F3034583B200F440162A
:100F1000B6F5401F08D121F070612F4E766826F09B
:100F200070662D4F7E6012E000F48016B6F5801FCB
:100F300006D1032606FA05F4A14341F0706106E0EC
:100F4000460D360103FA06F6B14341F0706122B155
:100F5000460D360103FA06F6314300F00046B6F1BD
:100F6000004F02D11C4EF16101E01B4E7160F0BDDB
:100F700030B500228B071C0F0F2303FA04F2164B27
:100F800008338C1053F824309343134C08348D10DD
:100F900044F8253023468C1053F824308C07240F56
:100FA00000FA04F423430C4C08348D1044F8253027
:100FB00030BD0A49DC31086070470000000801407C
:100FC000000C0140001001400014014000180140D5
:100FD000001C0140002001400000014000002042B0
:100FE000DF48006840F00100DD49086008464068BD
:100FF000DC490840DA49486008460068DA49084098
:10100000D74908600846006820F480200860084638
:10101000406820F4FE0048604FF41F00886070476D
:10102000CF49096821F48031CD4A11601146096821
:1010300021F480211160B0F5803F03D0B0F5802FFE
:101040000ED106E0C649096841F48031C44A1160F6
:1010500007E0C349096841F4A021C14A116000E0DA
:1010600000BF00BF704710B50146002200230020DA
:101070004A11012A02D1BA4C236806E0022A02D1A1
:10108000B74C236A01E0B64C636A01F01F020124E9
:1010900094401C400CB1012000E0002010BD38B588
:1010A000002000900024002500BF3120FFF7DBFF67
:1010B00005460098401C00900098B0F5A06F01D044
:1010C000002DF2D03120FFF7CEFF08B1012400E05F
:1010D0000024204638BD01460020A14A106820F0B7
:1010E000F80040EAC10010607047A04908607047EE
:1010F000024600209A4B586820F47C1042EA010313
:101100001843974B586070479849086670470146E6
:101110000020934A506820F0030008435060704755
:101120008F48406800F00C007047014600208C4A50
:10113000506820F0F00008435060704701460020DE
:10114000874A506820F4E0600843506070470146C9
:101150000020834A506820F4605040EAC10050608B
:10116000704729B17E4A527A02437D4B5A7204E09D
:101170007B4A527A82437A4B5A7270477B49D83104
:101180000860704701460020754A506820F44040CE
:101190000843506070470021714A20321170704A34
:1011A00082F82010012802D004280AD104E001218D
:1011B0006B4A2032117005E00521694A2032117016
:1011C00000E000BF00BF704769490860704764498C
:1011D000096A0143624A11627047654944390860EF
:1011E000704730B500210022002400235C4D6D685B
:1011F00005F00C0121B1042905D0082923D105E00F
:101200005C4D056022E05B4D05601FE0544D6D684C
:1012100005F47012524D6D6805F48034022505EB1B
:1012200092421CB9544D554305600BE04C4D6D681E
:1012300005F400351DB1504D5543056002E04D4D9C
:101240005543056002E04B4D056000BF00BF444DB3
:101250006D6805F0F0010909484D6B5C0568DD40DB
:1012600045603F4D6D6805F4E061090A434D6B5CD4
:101270004568DD4085603A4D6D6805F46051C90AE6
:101280003E4D6B5C4568DD40C560354D6D6805F4CD
:101290004041890B3A4D6B5CC568B5FBF3F50561C0
:1012A00030BD29B12E4A526902432D4B5A6104E0E8
:1012B0002B4A526982432A4B5A61704729B1284A06
:1012C00092690243264B9A6104E0254A926982435F
:1012D000234B9A61704729B1214AD2690243204BBE
:1012E000DA6104E01E4AD26982431D4BDA6170471D
:1012F00029B11B4AD2680243194BDA6004E0184A4C
:10130000D2688243164BDA60704729B1144A1269D9
:101310000243134B1A6104E0114A12698243104BD5
:101320001A61704712494039086070470F49C86414
:1013300070470B49C87170470948406A40F0807097
:1013400007494862704701460020054A92680A40F2
:101350000AB1012000E000207047014988727047FF
:10136000001002400000FFF8FFFFF6FE00004242BE
:101370008004424200127A0000093D00680000200B
:101380007800002010B50446FE48844208D10121AF
:10139000C014FFF7ADFF0021E014FFF7A9FFC4E080
:1013A000B4F1804F08D101210846FFF7AEFF0021BC
:1013B0000120FFF7AAFFB8E0F348844208D10121D9
:1013C0000220FFF7A2FF00210220FFF79EFFACE002
:1013D000EE48844208D101210420FFF796FF002146
:1013E0000420FFF792FFA0E0E948844208D10121E0
:1013F0000820FFF78AFF00210820FFF786FF94E00E
:10140000E448844208D101211020FFF77EFF00212B
:101410001020FFF77AFF88E0DF48844208D10121DD
:101420002020FFF772FF00212020FFF76EFF7CE0F5
:10143000DA48844208D101214014FFF759FF002106
:101440006014FFF755FF70E0D548844209D10121AF
:10145000C804FFF74DFF00214FF40020FFF748FFBD
:1014600063E0D048844209D101210805FFF740FF1D
:1014700000214FF48010FFF73BFF56E0CA4884423A
:1014800009D101214805FFF733FF00214FF4001077
:10149000FFF72EFF49E0C548844208D101214020D2
:1014A000FFF733FF00214020FFF72FFF3DE0C0484A
:1014B000844208D101218020FFF727FF00218020EE
:1014C000FFF723FF31E0BB48844208D1012180159A
:1014D000FFF71BFF0021A015FFF717FF25E0B64817
:1014E000844209D101210804FFF702FF00214FF4D3
:1014F0008030FFF7FDFE18E0B048844209D1012199
:101500004804FFF7F5FE00214FF40030FFF7F0FE2E
:101510000BE0AB48844208D101218804FFF7E8FEC4
:1015200000214FF48020FFF7E3FE10BD0022028867
:10153000944B98420ED0994B98420BD0B0F1804F0B
:1015400008D0914B984205D0904B984202D0904BD6
:10155000984204D14FF68F731A404B881A438D4B33
:10156000984207D08C4B984204D04FF6FF431A4064
:10157000CB881A4302808B8883850B880385814B37
:1015800098420BD0854B984208D08B4B984205D09F
:101590008A4B984202D08A4B984201D10B7A03863B
:1015A00001238382704770B5002400220023058C3C
:1015B0004FF6FE7635400584028C8388048B4FF607
:1015C0008F752C40B51E2C400D882C43751E2A406B
:1015D0000D892A434D882A436A4DA8420BD06F4D8E
:1015E000A84208D0744DA84205D0744DA84202D03C
:1015F000734DA84213D14FF6F7752A404D892A43FF
:101600004FF6FB752A408D882A434FF6FF652B4025
:101610004FF6FF552B408D892B43CD892B4383807B
:101620000483CD888586028470BD70B500240022B5
:101630000023058C4FF6EF7635400584028C8388B5
:10164000048B48F6FF752C404FF6FF452C400D8863
:101650004FF6FF7606EA05252C434FF6DF752A4044
:101660000D8906EA05152A434D8806EA05152A4321
:10167000444DA84202D0494DA8421DD14FF67F7576
:101680002A404D894FF6FF7606EA05152A434FF6A4
:10169000BF752A408D8806EA05152A434FF6FF35A7
:1016A0002B404FF2FF752B408D8906EA85052B43B1
:1016B000CD8906EA85052B4383800483CD88058781
:1016C000028470BD70B5002400220023058C4FF603
:1016D000FF6635400584028C8388848B4FF68F75B6
:1016E0002C404FF6FC752C400D882C434FF6FF55CF
:1016F0002A400D894FF6FF7606EA05252A434D88D4
:1017000006EA05252A431F4DA84202D0234DA842D0
:101710001DD14FF2FF752A404D894FF6FF7606EA3C
:1017200005252A434FF6FF352A408D8806EA052510
:101730002A434EF6FF752B404DF6FF752B408D89E1
:1017400006EA05152B43CD8906EA05152B43838050
:101750008483CD888587028470BD70B50022002304
:101760000024058C4EF6FF7635400584038C848872
:10177000828B48F6FF752A404FF6FF452A400D88B8
:1017800020E00000002C0140000400400008004060
:10179000000C0040001000400014004000340140E4
:1017A000004C01400050014000540140001800402E
:1017B000001C004000200040004001400044014067
:1017C000004801404FF6FF7606EA05252A434DF60C
:1017D000FF752B400D8906EA05352B434D8806EA37
:1017E00005352B43FA4DA84202D0FA4DA84208D144
:1017F0004BF6FF752C408D894FF6FF7606EA85156E
:101800002C4384808283CD88A0F84050038470BD2F
:10181000828B4FF2FF331A408283828B4FF6FF7325
:1018200003EA01231A4382837047F0B50C4615463C
:10183000002200210026078C4EF6FF7C07EA0C07E9
:101840000784828B018C4FF6FF7707EA043640F657
:10185000FF473A404FF6FF7707EA05273A434FF62E
:10186000FF7707EA03373A43D94FB8420ED0D94F32
:10187000B8420BD0B0F1804F08D0D74FB84205D056
:10188000D64FB84202D0D64FB84206D14DF6FF77B8
:10189000394046F48057394305E047F6FF57394051
:1018A00044F48057394382830184F0BD828B4FF624
:1018B000F3731A408283828B0A4382837047F0B5A8
:1018C0000C461546002200210026078C4FF6FF6CBF
:1018D00007EA0C070784828B018C4FF6FF7707EA33
:1018E00004264FF60C773A404FF6FF7707EA0317C6
:1018F0002F433A43B64FB8420ED0B64FB8420BD042
:10190000B0F1804F08D0B44FB84205D0B34FB842C1
:1019100002D0B34FB84206D14FF6FF57394046F4D4
:101920008077394305E04FF2FF57394044F4807720
:10193000394382830184F0BD028B4FF2FF331A409A
:101940000283028B4FF6FF7303EA01231A430283DB
:101950007047F0B50C461546002200210026078C82
:101960004FF6EF7C07EA0C070784028B018C4FF6D9
:10197000FF7707EA041640F6FF473A404FF6FF7735
:1019800007EA03373A434FF6FF7707EA05273A435A
:101990008F4FB8420ED08F4FB8420BD0B0F1804F6E
:1019A00008D08D4FB84205D08C4FB84202D08C4F32
:1019B000B84206D14FF6DF77394046F01007394379
:1019C00005E04FF65F77394044F010073943028352
:1019D0000184F0BD028B4FF6F3731A400283028B31
:1019E0000A4302837047F0B50C46154600220021D9
:1019F000068C4FF6FE773E400684028B018C4FF634
:101A00000C7632407E1C06EA03162E433243704E9B
:101A1000B0420ED06F4EB0420BD0B0F1804F08D024
:101A20006D4EB04205D06D4EB04202D06C4EB04209
:101A300006D14FF6FD76314044F00106314305E012
:101A40004FF6F576314044F00106314302830184BC
:101A5000F0BD70B505460C465D4885420ED05D4828
:101A600085420BD0B5F1804F08D05B48854205D048
:101A70005A48854202D05A48854200D100E000BF52
:101A8000208850B92389A28861882846FFF7ABFFD8
:101A9000E1882846FFF79EFF25E0208804280AD128
:101AA0002389A28861882846FFF753FFE1882846EA
:101AB000FFF742FF17E0208808280AD12389A2886F
:101AC00061882846FFF7FBFEE1882846FFF7EEFE17
:101AD00009E02389A28861882846FFF7A6FEE188ED
:101AE0002846FFF795FE70BD2DE9F04105460C46EE
:101AF00000260127608808B9022600E00026A08899
:101B0000012801D1022700E001272088A0B92389FC
:101B1000A28861882846FFF766FFE1882846FFF71C
:101B200059FF23893A4631462846FFF712FFE188DC
:101B30002846FFF701FF13E02389A2886188284621
:101B4000FFF707FFE1882846FFF7F6FE23893A46AC
:101B500031462846FFF747FFE1882846FFF73AFF5E
:101B6000BDE8F0810A884B881A438B881A43CB88DA
:101B70001A430B891A434B891A438B891A43A0F8DD
:101B8000442070474FF6FF71818000210180C180A1
:101B90004180017270470021018041808180C180B5
:101BA000018141818181C181704700210180418093
:101BB000012181800021C1800181704700210180C5
:101BC00041808180C1800181418181817047000015
:101BD000002C014000340140000400400008004097
:101BE000000C004021B1028842F00102028004E0B2
:101BF00002884FF6FE731A400280704731B1B0F888
:101C0000442042F40042A0F8442005E0B0F844200B
:101C1000C2F30E02A0F8442070471AB183890B4327
:101C2000838102E083898B4383817047818270477F
:101C300041EA0203A0F8483070471AB183890B4388
:101C4000838102E083898B438381704701894FF64A
:101C5000F8721140018170470A46002101894FF650
:101C60008F73194011430181704730B504460D460A
:101C700029462046FFF7F0FF208940F00700208129
:101C800030BD2DE9F04104460D4616461F46602D35
:101C900006D13B46012231462046FFF75AFE05E0B9
:101CA0003B46012231462046FFF79DFE294620464D
:101CB000FFF7D2FF208940F007002081BDE8F081C6
:101CC00030B50C4600210189C9B24FF6FF7505EA0F
:101CD0000325154325432943018130BD2DE9F041FA
:101CE00005460E4617469846002443463A46314676
:101CF0002846FFF7E5FF2C894FF6F870044044F0C2
:101D000007044FF68F70044044F070042C81BDE846
:101D1000F081F0B504460D4616461F463B46324656
:101D200029462046FFF7CCFF208940F480402081DF
:101D3000F0BD0185828270470A46002101884FF676
:101D40008F731940114301807047F0B50C4615465A
:101D50001E460021002200230189028B038C4FF6CE
:101D6000F877394021434FF6FC473A4040F20117DB
:101D70003A434FF6DD773B404FF6FF7707EA061709
:101D80002F433B43018102830384F0BD0A460021B7
:101D9000018B4FF68F7319401143018370470A4638
:101DA0000021018B48F6FF7319404FF6FF7303EAD9
:101DB00002231943018370470A460021818B4FF6A5
:101DC0008F7319401143818370470A460021818B2C
:101DD00048F6FF7319404FF6FF7303EA02231943D5
:101DE0008183704721B1028842F08002028004E0C2
:101DF00002884FF67F731A400280704721B18288B3
:101E000042F00402828004E082884FF6FB731A409D
:101E10008280704721B1828842F00802828004E00B
:101E200082884FF6F7731A408280704721B182880A
:101E300042F00102828004E082884FF6FE731A406D
:101E4000828070470A460021018B4FF6F7731940D4
:101E50001143018370470A460021018B4FF2FF7343
:101E600019404FF6FF7303EA0223194301837047B9
:101E70000A460021818B4FF6F77319401143818385
:101E800070470A460021818B4FF2FF7319404FF6CD
:101E9000FF7303EA02231943818370470A46002136
:101EA000018B4FF6FB7319401143018370470A46BB
:101EB0000021018B4FF6FF3319404FF6FF7303EA01
:101EC00002231943018370470A460021818B4FF694
:101ED000FB7319401143818370470A460021818BAF
:101EE0004FF6FF3319404FF6FF7303EA02231943FD
:101EF000818370470A460021018B4FF67F7319409A
:101F00001143018370470A460021018BC1F30E0182
:101F10004FF6FF7303EA02231943018370470A4611
:101F20000021818B4FF67F731940114381837047E5
:101F30000A460021818BC1F30E014FF6FF7303EABD
:101F400002231943818370470A460021018C4FF612
:101F5000FD7319401143018470470A460021018C2A
:101F60004FF6F77319401143018470470A46002168
:101F7000018C4FF6DF7319404FF6FF7303EA02132B
:101F80001943018470470A460021018C4FF67F7384
:101F900019404FF6FF7303EA021319430184704797
:101FA0000A460021018C4FF6FF5319404FF6FF738C
:101FB00003EA02231943018470470A460021018C79
:101FC0004FF2FF7319404FF6FF7303EA02231943E0
:101FD000018470470A460021018C4DF6FF731940B9
:101FE0004FF6FF7303EA023319430184704730B59B
:101FF000002301248C40A3B2048C9C430484048CF1
:1020000002FA01F5ADB22C43048430BD30B5002393
:1020100004248C40A3B2048C9C430484048C02FAF4
:1020200001F5ADB22C43048430BD70B503460020E9
:1020300000241846183001258D40ACB21D8CA543F4
:102040001D8409B1082909D100EB6100056825F05C
:10205000700505600568154305600EE00D1FC5F3AA
:102060004E052844056825F4E045056005684FF6EF
:10207000FF7606EA02263543056070BD21B102886D
:1020800042F00202028004E002884FF6FD731A401B
:102090000280704721B1028842F00402028004E00D
:1020A00002884FF6FB731A400280704721B1828884
:1020B00042F08002828004E082884FF67F731A40EB
:1020C0008280704702884FF6F7731A4002800288B8
:1020D0000A430280704782884FF68F731A408280CD
:1020E00082880A438280704702894FF6F8731A404B
:1020F000028102890A430281704702894FF67F7389
:102100001A40028102890A43028170478184704724
:102110008185704781867047018770478187704746
:10212000A0F84010704702884FF6FF431A40028023
:1021300002880A43028070470146888E7047014634
:10214000088F70470146888F70470146B1F84000FC
:1021500070470146888C70470146088D70470246DB
:102160000020138A0B400BB1012000E000207047D3
:10217000CA430282704730B5024600200023002483
:10218000158A05EA0103958905EA010413B10CB12A
:10219000012000E0002030BDCA43028270470000E9
:1021A00010B50446FB48844209D101218803FFF79A
:1021B0009FF800214FF48040FFF79AF832E0F6488C
:1021C000844209D101214804FFF79FF800214FF410
:1021D0000030FFF79AF825E0F048844209D1012148
:1021E0008804FFF792F800214FF48020FFF78DF864
:1021F00018E0EB48844209D10121C804FFF785F8B3
:1022000000214FF40020FFF780F80BE0E5488442FE
:1022100008D101210805FFF778F800214FF480105C
:10222000FFF773F810BD2DE9F04786B005460E465E
:102230000024A24600BFA1460027B08900B100BF1C
:102240002F462C8A4CF6FF700440F08804432C8201
:10225000AC894EF6F3100440B08831890843718987
:1022600008430443AC81AC8A4FF6FF400440B08978
:102270000443AC8201A8FEF7B4FFC648874202D1EE
:10228000DDF810A001E0DDF80CA0A88900F4004002
:1022900040B10AEBCA0000EB0A1031684900B0FBFC
:1022A000F1F807E00AEBCA0000EB0A103168890078
:1022B000B0FBF1F86420B8FBF0F0040120096421C0
:1022C00001FB1089A88900F4004040B1322000EBE6
:1022D000C900B0FBF1F000F00700044308E0322031
:1022E00000EB09106421B0FBF1F000F00F00044393
:1022F0002C8106B0BDE8F0874FF416510160002133
:102300008180C18001810C21418100218181704740
:1023100010B502460020108A4FF2FF0318400B88C8
:102320004C8823438C882343CC8823431843108252
:1023300010BD0021018041808180C180704721B1A2
:10234000828942F40052828104E082894DF6FF7353
:102350001A4082817047F0B503460024002600250C
:10236000002040F66A17B94200D100BF1846C1F3F9
:10237000421401F01F06012707FA06F5012C01D1CE
:102380000C3004E0022C01D1103000E014301AB1FE
:1023900007682F43076002E00768AF430760F0BD9E
:1023A0001AB1838A0B43838202E0838A8B43838240
:1023B0007047028A4FF6F0731A400282028A0A437B
:1023C0000282704782894FF2FF731A4082818289AC
:1023D0000A438281704721B1828942F002028281E0
:1023E00004E082894FF6FD731A4082817047028AA9
:1023F0004FF6DF731A400282028A0A430282704754
:1024000021B1028A42F48042028204E0028A4BF641
:10241000FF731A4002827047C1F30802828070473E
:1024200001468888C0F308007047818941F00101A6
:1024300081817047028BD2B20283028B42EA012271
:1024400002837047028B02F47F420283028B0A43AD
:102450000283704721B1828A42F02002828204E026
:10246000828A4FF6DF731A408282704721B1828AD6
:1024700042F01002828204E0828A4FF6EF731A4023
:102480008282704721B1828A42F00802828204E08F
:10249000828A4FF6F7731A408282704721B182898F
:1024A00042F40042828103E08289C2F30E028281FB
:1024B000704721B1828A42F40062828204E0828AFB
:1024C0004FF2FF731A4082827047828A4FF6FB7385
:1024D0001A408282828A0A438282704721B1828AAC
:1024E00042F00202828204E0828A4FF6FD731A40B3
:1024F0008282704702460020B1F5007F00D100BF04
:1025000013880B400BB1012000E00020704701F45C
:102510000072B2F5007F00D100BFCA43028070474D
:1025200070B50246002400230025002040F66A16FC
:10253000B14200D100BFC1F3421501F01F030126D3
:1025400006FA03F3012D02D19689334006E0022DED
:1025500002D1168A334001E0968A33400C120126DC
:1025600006FA04F41688344013B10CB1012000E0DF
:10257000002070BD10B50022002340F66A14A1426D
:1025800000D100BF0A1201249440A3B2DC430480AE
:1025900010BD0000003801400044004000480040E9
:1025A000004C00400050004010B56FF00400FEF7F2
:1025B00094F82E4800682E49B0FBF1F02D490870C0
:1025C0000846007800EB4001C1EBC0104FF6FF71E8
:1025D00001EAC0002849088010BD0146254A12784A
:1025E0004A434FF0E0235A6100229A611A46126969
:1025F00042F001021A6100BF4FF0E022106900F0C2
:1026000001021AB100F48032002AF5D04FF0E02226
:10261000126922F001024FF0E0231A6100229A6150
:1026200070470146144A12884A434FF0E0235A612A
:1026300000229A611A46126942F001021A6100BF33
:102640004FF0E022106900F001021AB100F480326C
:10265000002AF5D04FF0E022126922F001024FF07B
:10266000E0231A6100229A617047000000000020F8
:1026700000127A007C0000207E000020A34A0A405D
:102680000243A34B1A6070470146072323EA010265
:1026900012029F4B1B1D18684FF6FF0318409D4BFD
:1026A000184310439A4B1B1D186070472DE9F041E9
:1026B0000746884614461D462846FFF7E5FFC5F144
:1026C000040007FA00F60F20284100EA080006433C
:1026D00006F00F06E21704EBD2625211920002F1EB
:1026E000E022D2F800212146E31704EBD3635B110B
:1026F000A4EB431C012303FA0CF31A432046E3170F
:1027000004EBD3635B119B0003F1E023C3F80021CA
:102710008148005D40EA06107F490855BDE8F08118
:1027200070B504460B46CE1701EB9676C6F38700CC
:10273000CE1701EB9676B610A1EB8606B606350EDF
:10274000764B9B6943F00103744EB3614FEAB63395
:1027500053F820300F26AE40B343714E46F8203078
:10276000334653F8203004FA05F61E436C4B43F809
:1027700020606C4B1B6801268E403343694E3360EA
:1027800002F0010343B1674B0C331B6801268E40F6
:102790003343644E0C36336002F0020343B1614BA5
:1027A00008331E6801238B401E435E4B08331E60B6
:1027B00070BD00B5002059490861C8601420486107
:1027C00000208861C8610846006840F00100086088
:1027D0000846406854490840504948600846006827
:1027E000524908404D4908600846006820F480209E
:1027F00008600846406820F4FE00486000208860B9
:1028000000214FF00060FFF739FF00BD10B54048D0
:102810000830006840F004003D49083108603F4836
:10282000C06940F080503D49C8614148406840F46B
:1028300080703F4948600846006840F00400086026
:102840000846006840F002000860FDF7D3FC10BDA8
:102850003048001D2E49091D086070470146490691
:102860002E4A926942F001022C4B9A612C4A083A96
:10287000526822F0E0622A4B083B5A601A465268BE
:102880000A435A60704730B504460025FFF791FFB0
:102890002248006840F480302049086000BF1F488B
:1028A0000068400C0028FAD04FF480601B49486053
:1028B000A01EC4B20846406840EA8440486008460A
:1028C000406840F4803048601A48006840F03200A8
:1028D000184908601148006840F080700F4908608E
:1028E00000BF0E480068400E0028FAD00B48406830
:1028F00040F002000949486005E008484068C0F31C
:10290000870505F00305022DF7D130BD80FFFF1FBD
:1029100008ED00E00000FA0500E400E000100240CD
:1029200008000140000401400000FFF8FFFFF6FE30
:102930000070004000200240014600BF70472C4A52
:1029400012785AB900BF2B4A128802F04002002ABE
:10295000F9D0C2B2274B1B1D1A800AE000BF264ADD
:10296000128802F04002002AF9D0C2B2224B1B1D8D
:102970001A80704710B586B00446012144F2040065
:10298000FEF79CFC4FF40070ADF8140003208DF8A6
:10299000160018208DF8170005A91848FEF7D2F97F
:1029A0004FF48060ADF8140004208DF8170005A9DD
:1029B0001248FEF7C7F901940020ADF80800ADF801
:1029C0000A00ADF80C00ADF810000C20ADF80E00B8
:1029D00001A90948FFF727FC002240F225510648CB
:1029E000FFF7B9FC01210448FFF7A9FC06B010BDB0
:1029F0001A00002000480040003801400008014053
:102A000000B587B001214FF40170FEF757FC4FF479
:102A10000040FEF7B7FB1020ADF8040000208DF851
:102A2000070001A92148FEF78DF92148FDF774FE42
:102A3000002002908DF80C008DF80D004FF46020FE
:102A400004900020059001208DF8180002A9184874
:102A5000FDF789FE01211648FDF7B1FE07B000BD64
:102A600010B504460723012221461148FDF713FF44
:102A700001210F48FDF7E3FE00BF02210C48FEF7DD
:102A80004FF80028F9D00A48FDF76CFF10BD70B56B
:102A90000420FFF7E5FF40F6E44148434400E01717
:102AA00004EB10500513284670BD000000080140DB
:102AB0000024014000B587B001210846FEF70BFC59
:102AC00001210420FEF7FAFB0320ADF800000420EA
:102AD0008DF8030069466148FEF734F904A8FFF752
:102AE00051F80020ADF810004FF6FF70ADF814005B
:102AF0000020ADF81600ADF8120004A94FF0804098
:102B0000FEF714FD00231A4603214FF08040FFF723
:102B10001CF901A8FFF749F80A20ADF80C0001A93B
:102B20004007FEF796FF01218807FFF721FB0122EE
:102B300011469007FFF771F800214FF08040FFF732
:102B4000E5FA01218807FFF74DF807B000BD00B591
:102B500087B001210420FEF7BEFB01210820FEF70B
:102B6000ADFBC020ADF8000004208DF803006946DD
:102B70003B48FEF7E7F804A8FFF704F80020ADF89B
:102B800010004FF6FF70ADF814000020ADF81600ED
:102B9000ADF8120004A93348FEF7C8FC00231A461A
:102BA00003213048FFF7D1F801A8FEF7FEFF0A2005
:102BB000ADF80C0001A92B48FEF74BFF0121294875
:102BC000FFF7D6FA012211462648FFF726F8002122
:102BD0002448FFF79BFA01212248FFF703F807B0CA
:102BE00000BD0146022904D003290BD0042919D1C4
:102BF0000FE04FF08042928C10B200224FF08043E1
:102C00009A8411E0184A128810B20022164B1A80DA
:102C10000AE0144A2432128810B20022114B2433E5
:102C20001A8001E0002000BF00BF70470D4810303F
:102C300000880C481030008820F00100094910314C
:102C4000088070474FF08040008A4FF08040008A33
:102C500020F001004FF080410882704700080140D9
:102C6000000C0140000800402404004008B5012188
:102C70000C20FEF723FB4FF40040ADF800001020BD
:102C80008DF8030003208DF802006946F848FEF72E
:102C900059F80820ADF8000010208DF8030003203B
:102CA0008DF802006946F348FEF74CF808BD10B5F0
:102CB000EF48001D006820F07040ED49091D0860D4
:102CC0000846006840F0405008600120EA4908606A
:102CD000EA48D0F83C0108B9002010BD0120E849BD
:102CE0000860FFF77AFC0020E449C1F8BC01E24823
:102CF0008038006808B10020EFE70120FFF76DFC85
:102D00000020DF4908600120E7E710B5D848001D22
:102D1000006820F07040D649091D08600846006828
:102D200040F0405008600020D5490860D349C1F800
:102D3000BC010120FFF751FC0120D1490860CF49B7
:102D4000C1F8BC01FFF749FC10BD10B50024C8480C
:102D5000001D006820F07040C549091D0860084644
:102D6000006840F0004008600120C3490860FFF798
:102D700034FC0120C349C1F88C01FFF72EFC0AE0A6
:102D8000601CC4B2322C03DDFFF7BFFF002010BD72
:102D90000120FFF722FCB848803800680028EFD1F6
:102DA000B74908600120F2E710B50020B449086077
:102DB000AF48001D006820F07040AD49091D086053
:102DC0000846006840F0405008600020AB49C1F858
:102DD000BC010120FFF701FC0120A9490860FFF7B1
:102DE000FCFB0020A749C1F88C0110BD10B50020E4
:102DF000A34908609E48001D006820F070409C496F
:102E0000091D08600846006840F040500860012035
:102E10009A49C1F8BC01FFF7E0FB0120984908601E
:102E2000FFF7DBFB00209749C1F88C0110BD70B59E
:102E300004468F48001D006820F070408C49091D31
:102E400008600846006840F04050086000208C4947
:102E50000860002515E0E009874908606006040E57
:102E60000120FFF7BAFB01208649C1F88C01FFF76A
:102E7000B4FB0020824908600120FFF7AEFB681C0C
:102E8000C5B2082DE7DB70BD2DE9F04105460E46C1
:102E900017469846FFF70BFF10B90120BDE8F081F7
:102EA0006906080EFFF7C3FFFFF74FFF18B9FFF7DA
:102EB0002CFF0120F2E73046FFF7B9FFFFF745FF8F
:102EC00000240BE018F80400FFF7B1FFFFF73DFF07
:102ED00018B9FFF71AFF0020E0E7641CBC42F1DBE1
:102EE000FFF713FF0020D9E770B5054600246048BE
:102EF000001D006820F070405D49091D086008460B
:102F0000006840F000400860002616E000205C49A0
:102F100008600220FFF761FB01205A49C1F88C01CB
:102F20006006040E54488038006808B1601CC4B2C2
:102F30000220FFF752FB701CC6B2082EE6DB15B16B
:102F4000FFF732FF01E0FFF751FF204670BD2DE98A
:102F5000F04106460F4614461D46FFF7A8FE10B97D
:102F60000120BDE8F0817106080EFFF760FFFFF752
:102F7000ECFE18B9FFF7C9FE0120F2E73846FFF76B
:102F800056FFFFF7E2FEFFF792FE012101EB46013B
:102F9000C8B2FFF74CFFFFF7D8FE0DE0012C04D1BB
:102FA0000020FFF7A1FF287003E00120FFF79CFF3E
:102FB00028706D1C601EC4B2002CEFD1FFF7A5FE77
:102FC0000020CEE770B505460E460024FFF76FFEE1
:102FD0002846FFF72CFF641CFFF7B7FE3046FFF7CB
:102FE00026FF641CFFF7B1FEFFF761FE691CC8B243
:102FF000FFF71DFF641CFFF7A8FE0020FFF774FF1A
:103000000446FFF782FE204670BD2DE9F0410746D9
:10301000884615461E460024FFF749FE3846FFF74E
:1030200006FFFFF792FE4046FFF701FFFFF78DFE18
:10303000FFF73DFE791CC8B2FFF7F9FEFFF785FEEA
:1030400000BF0DE0681EA04204D00120FFF74CFF36
:10305000305503E00020FFF747FF3055601CC4B235
:10306000AC42EFDBFFF751FE2046BDE8F0810000E7
:1030700000080140000C0140BC0121420000214237
:103080008C812142008021422DE9F04180460D468D
:1030900016461F460024FFF70AFE4046FFF7C7FE0C
:1030A000FFF753FE2846FFF7C2FEFFF74EFE00BFB4
:1030B00006E0385DFFF7BBFEFFF747FE601CC4B2B9
:1030C000B442F6DBFFF721FE0120BDE8F08170B5C8
:1030D00005460E46144631462846FFF773FF20701A
:1030E000012070BD37B504460D4602AB01222946CA
:1030F0002046FFF7C9FF3EBD2DE9F8430746884645
:1031000014461D46089E6A4641463846FFF7DFFFD3
:1031100028B3601CFF2101FA00F0C4F10801294422
:10312000491EFF220A41104300F0FF09C5F10800C3
:1031300006FA00F0C6B2C4F1070006419DF800008F
:1031400000EA090000909DF80000304300909DF8CF
:10315000002041463846FFF7C5FFBDE8F883002050
:10316000FBE7F8B506460F4614461D466A46394643
:103170003046FFF7ACFF2DB10120A0409DF80010B4
:10318000084305E00120A0409DF8001021EA00005E
:10319000C0B200909DF8002039463046FFF7A2FFEC
:1031A000F8BD000008B501210820FEF787F84FF4AC
:1031B0008070ADF8000048208DF80300694605488E
:1031C000FDF7C0FD08BD0448006808B9012070473C
:1031D0000020FCE7000C01402081214208B50121BC
:1031E0001820FEF76BF84FF40C70ADF800001020BB
:1031F0008DF8030003208DF8020069463E48FDF774
:10320000A1FD4FF40040ADF8000010208DF8030040
:1032100003208DF8020069463848FDF793FD012030
:10322000374908603749C1F8900108BD30B589B009
:1032300005460C4601210D20FEF740F80121022031
:10324000FEF749F818208DF823000220ADF8200081
:1032500003208DF8220008A92748FDF773FD1820E8
:103260008DF823004020ADF8200003208DF82200C7
:1032700008A92548FDF766FD05A8FEF783FC002098
:10328000ADF81A00ADF81600ADF81850ADF81440BE
:10329000ADF81A0005A91D48FEF748F97020ADF8F1
:1032A00004000020ADF80C000120ADF8060000205D
:1032B000ADF80A0001A91548FEF775F901A91348F0
:1032C000FEF74BFA08211148FEF7BCFD08210F4814
:1032D000FEF7D7FD01210D48FEF784FD01210B48C3
:1032E000FEF780FC0020094934310880074940314D
:1032F000088009B030BD0000000C01400010014002
:10330000A4812142008021420008014000040040C5
:1033100010B54FF40061FE48FDF7C1FD4FF4805138
:10332000FB48FDF7BCFD4FF48051F948FDF7B9FDAE
:103330004FF40061F648FDF7B4FD10BD10B54FF431
:103340000061F348FDF7ABFD4FF48051F048FDF705
:10335000A8FD4FF48051EE48FDF7A1FD10BD10B55A
:103360004FF40061EA48FDF79AFD4FF40061E84828
:10337000FDF797FD10BD2DE9F04105462C464FF4B1
:103380000061E348FDF78DFD00261CE0274607F0AD
:103390008007802F04D17901DD48FDF780FD04E02E
:1033A0004FF48051DA48FDF77CFD6006040E4FF4BF
:1033B0000061D748FDF773FD4FF40061D448FDF775
:1033C00070FD701CC6B2082EE0DBBDE8F08110B5C0
:1033D0000446FFF79DFF7820FFF7CDFFFFF7BFFF03
:1033E0000020FFF7C8FFFFF7BAFF2046FFF7C3FF33
:1033F000FFF7B5FFFFF7A2FF10BD10B50446FFF7BA
:1034000087FF7820FFF7B7FFFFF7A9FF4020FFF7FE
:10341000B2FFFFF7A4FF2046FFF7ADFFFFF79FFFC6
:10342000FFF78CFF10BD70B504460D461DB1E0B22C
:10343000FFF7E3FF02E0E0B2FFF7C9FF70BD70B530
:1034400004460D4605F1B0000021FFF7ECFF102106
:1034500041EA14100021FFF7E6FF04F00F000021FD
:10346000FFF7E1FF70BD10B500218D20FFF7DBFFF6
:1034700000211420FFF7D7FF0021AF20FFF7D3FF73
:1034800010BD10B500218D20FFF7CDFF00211020C9
:10349000FFF7C9FF0021AE20FFF7C5FF10BD70B5D3
:1034A000002418E004F1B0000021FFF7BCFF002168
:1034B0000846FFF7B8FF00211020FFF7B4FF0025F2
:1034C00005E001210846FFF7AEFF681CC5B2802D5C
:1034D000F7DB601CC4B2082CE4DB70BD2DE9F047BB
:1034E00005460E46174698464FF000090024A7F1FE
:1034F000200000F0FF097F2D02DD0025B01CC6B2C0
:10350000B8F1100F12D031462846FFF798FF00247B
:103510000AE009EB49017F4A02EB4101085D012104
:10352000FFF781FF601CC4B2062CF2DBBDE8F08718
:1035300010B50246012000E050430B00A1F1010448
:10354000E1B2F9D110BD2DE9FF5F074691461E4655
:103550000E9D4FF0000A002435E0301B401EC1B222
:103560000A20FFF7E5FFB9FBF0F00A21B0FBF1F20A
:1035700001FB1208BAF1000F14D1701EA04211DD38
:10358000B8F1000F0CD1AB4605EBDB71491001FB24
:103590000471C8B22B4620220199FFF79FFF10E06B
:1035A0004FF0010AAB4605EBDB71491001FB0471DA
:1035B000C8B208F13001CAB22B460199FFF78EFF5D
:1035C00000BF601CC4B2B442C7DBBDE8FF9F2DE959
:1035D000F04104460F461546984600260FE0AA5DC6
:1035E000434639462046FFF779FF04F10800C4B28C
:1035F000782C02DD0024B81CC7B2701CC6B2A85DCE
:103600000028ECD1BDE8F0812DE9F04107460D46D8
:103610009046002629463846FFF711FF002403E0B4
:10362000701CC6B2601CC4B2102CF9DB681CC1B29D
:103630003846FFF704FF002403E0701CC6B2601C8C
:10364000C4B2102CF9DBBDE8F08108B501210420DB
:10365000FDF734FE4FF4C050ADF8000010208DF897
:10366000030003208DF8020069462948FDF76AFB34
:103670004FF4C0512648FDF712FC4FF44870FEF796
:10368000D0FF0021AE20FFF7CEFE00210846FFF755
:10369000CAFE00211020FFF7C6FE00214020FFF7E0
:1036A000C2FE0021B020FFF7BEFE00218120FFF7FF
:1036B000BAFE0021FF20FFF7B6FE0021A120FFF790
:1036C000B2FE0021A620FFF7AEFE0021A820FFF7E2
:1036D000AAFE00213F20FFF7A6FE0021C820FFF729
:1036E000A2FE0021D320FFF79EFE00210846FFF72F
:1036F0009AFE0021D520FFF796FE00218020FFF7DB
:1037000092FE0021D820FFF78EFE0021052003E065
:1037100000080140FA2C0108FFF785FE0021D9209E
:10372000FFF781FE0021F120FFF77DFE0021DA2066
:10373000FFF779FE00211220FFF775FE0021DB2044
:10374000FFF771FE00213020FFF76DFE00218D2074
:10375000FFF769FE00211420FFF765FE0021AF206E
:10376000FFF761FE08BD000070B505460C46134822
:10377000806940F400601149886111480580001F8C
:1037800004800F482038008840F001000C4920399F
:1037900008800846008840F04000088008482C381F
:1037A000008840F0010006492C39088002231922C4
:1037B00003211846FEF77AFF70BD0000001002409A
:1037C0002C2C014010B586B0044601210820FDF7DD
:1037D00075FD01218804FDF77EFD4FF48060ADF892
:1037E000140003208DF8160018208DF8170005A985
:1037F000FE48FDF7A7FA4FF40060ADF8140004206E
:103800008DF8170005A9F948FDF79CFA27208DF8D7
:10381000000000208DF8010001208DF802008DF8D5
:1038200003006846FCF70FFF01940020ADF8080084
:10383000ADF80A00ADF80C00ADF810000C20ADF8A2
:103840000E0001A9EA48FEF7EEFC012240F22551E4
:10385000E748FEF780FD0121E548FEF770FD06B060
:1038600010BD10B51421E3480BF08DFD0020E24996
:10387000087010BDE048007808B901207047DE48A4
:103880000078DE490978884203D10020DA490870BF
:10389000F4E7D9480078D94908700120EEE72DE90E
:1038A000F04105460E461746002428460BF012FD4F
:1038B00000F0FF0846450BDC00BF05E0A819401EDC
:1038C000005D3855601CC4B2285D0028F6D101E0C7
:1038D00000203870BDE8F081C549091D088000BF8F
:1038E000C349098801F040010029F9D0704730B57B
:1038F00002460B46002405E012F8010BFFF7ECFF2F
:10390000601C84B29C42F7DB30BD3EB5FFF7B2FFCE
:10391000002876D1BAA1B7480BF07AFC002871D004
:10392000B44880782D2875D1B248407A2D2830D1FE
:10393000B049897AC1F1300164225143AD4A127B0A
:10394000303A02EB8202A1EB4202AA49497B3039AC
:10395000501AC11700EB5171C91009B2A94A118060
:10396000A449C978C1F1300164225143A14A527976
:10397000303A02EB8202A1EB42029E49897930394A
:10398000501AC11700EB5171C91009B29E4A11803B
:10399000BFE09848407A292836DD9648407A40288A
:1039A00032DA9449497A303964225143914AD27AC1
:1039B000303A02EB820201EB42028E49097B303938
:1039C0005018C11700EB5171C91009B28D4A11800E
:1039D0008849C978C1F1300164225143854A52793E
:1039E000303A02EB8202A1EB4202824989793039F6
:1039F000501AC11700EB5171C91009B2824A1180E7
:103A000087E03AE1AAE005E000207E4908807E498F
:103A100008807EE077488078292875DD75488078B1
:103A2000402871DA7348007A2D282FD17149497ADC
:103A3000C1F13001642251436E4AD27A303A02EB2E
:103A40008202A1EB42026B49097B3039501AC1173F
:103A500000EB5171C91009B26A4A11806549897831
:103A6000303964225143634A1279303A02EB8202C0
:103A700001EB42025F49497930395018C11700EB18
:103A80005171C91009B2604A118042E05948007A68
:103A9000292833DD5748007A40282FDA5549097A1A
:103AA000303964225143534A927A303A02EB82020F
:103AB00001EB42024F49C97A30395018C11700EB67
:103AC0005171C91009B24F4A11804A498978303979
:103AD00064225143474A1279303A02EB820201EBE9
:103AE00042024449497930395018C11700EB5171ED
:103AF000C91009B2444A11800BE005E00020414999
:103B000008804149088004E000203E4908803E4981
:103B100008803D48B0F90000782802DD78203A4955
:103B200008803948B0F9000010F1780F03DA6FF01F
:103B30007700354908803348B0F90000782802DD65
:103B40007820304908802F48B0F9000010F1780F34
:103B500003DA6FF077002B4908808BE02BA1254812
:103B60000BF056FB70B16A4608212248FFF797FE1A
:103B7000002168460DF078FE04460DF0AFFE2549A1
:103B8000086077E024A11B480BF042FB28B16A468D
:103B900008211848FFF783FE6CE021A115480BF0BF
:103BA00037FB70B16A4608211248FFF778FE002102
:103BB00068460DF059FE04460DF090FE1A49086063
:103BC00058E01AA10B480BF023FB70B16A4608219C
:103BD0000848FFF764FE002168460DF045FE0446E4
:103BE0000DF07CFE1349086044E025E0000C014024
:103BF00000480040E40400208400002085000020EC
:103C0000663A00008800002086000020425F4B508A
:103C10005F793A0048000020425F4B495F793A00E3
:103C2000425F4B445F793A004C000020535F4B5099
:103C30005F793A00500000201EA120480BF0E8FAFE
:103C400070B16A4608211D48FFF729FE0021684629
:103C50000DF00AFE04460DF041FE1949086009E026
:103C600018A116480BF0D4FA20B16A46082113486F
:103C7000FFF715FEFFF7F5FD00BF3EBD10B540F2A2
:103C800025511248FEF74CFC90B1114800781428D9
:103C900002DB00200E4908700C48FEF7C1FB074903
:103CA0000B4A127888540A480078401C084908706A
:103CB00010BD0000535F4B495F793A00E4040020D7
:103CC00054000020535F4B445F793A0000480040A5
:103CD00084000020014691F90020002A01DD002027
:103CE0001EE091F90020002A01DA042018E091F981
:103CF0000120002A01DD012012E091F90120002AB3
:103D000001DA05200CE091F90220002A01DD0220F1
:103D100006E091F90220002A01DA062000E00720DF
:103D2000704770B505462846FFF7D4FF0446E81CE7
:103D3000FFF7D0FF44EAC00084B2A81DFFF7CAFF16
:103D400044EA801084B2204670BD70B588B002A9E4
:103D500005A803F06EFD0446072C3CD101A802F033
:103D6000DDFF05980EF06CFD064601990EF0C8FDCA
:103D700005460EF029FD059006980EF061FD0646F9
:103D800001990EF0BDFD05460EF01EFD0690079848
:103D90000EF056FD064601990EF0B2FD05460EF0F6
:103DA00013FD079005A804F054F8684602F0D3FF0D
:103DB000BDF80010029848430290BDF80010039827
:103DC00048430390BDF8001004984843049002A8AB
:103DD00004F0D2F800BF08B070BD2DE9F0430446EE
:103DE0000D46DDE907670021012041E0DFF804C648
:103DF0003CF81080A0F1010CDFF8F89529F81C8040
:103E000009F1160C3CF81090A0F1010CDFF8E485E4
:103E100008F1160828F81C9008F1160C3CF81090D0
:103E2000A0F1010C08F1160828F81C9008F1160CF6
:103E30003CF81090A0F1010C08F1160828F81C902D
:103E400008F1160C3CF81090A0F1010C08F11608CE
:103E500028F81C9008F1160C3CF81090A0F1010C09
:103E600008F1160828F81C9000F1010C0CF0FF0076
:103E70000A28BBDBDFF87CC5ACF81240ACF8285050
:103E8000ACF83E20ACF85430ACF86A60ACF8807006
:103E90000021002008E0DFF85CC53CF910C0614457
:103EA00000F1010C0CF0FF000A28F4DB4FF00A0CC3
:103EB00091FBFCFC0FFA8CFCDFF83885A8F814C0E5
:103EC000002100200AE0DFF82CC50CF1160C3CF9AB
:103ED00010C0614400F1010C0CF0FF000A28F2DB75
:103EE0004FF00A0C91FBFCFC0FFA8CF8DFF804C5CC
:103EF000ACF82A80002100200AE0DFF8F8C40CF1B9
:103F00002C0C3CF910C0614400F1010C0CF0FF00D6
:103F10000A28F2DB4FF00A0C91FBFCFC0FFA8CF83C
:103F2000DFF8D0C4ACF84080002100200AE0DFF8C0
:103F3000C4C40CF1420C3CF910C0614400F1010C06
:103F40000CF0FF000A28F2DB4FF00A0C91FBFCFC9E
:103F50000FFA8CF8DFF89CC4ACF8568000210020E2
:103F60000AE0DFF890C40CF1580C3CF910C0614431
:103F700000F1010C0CF0FF000A28F2DB4FF00A0CF4
:103F800091FBFCFC0FFA8CF8DFF868C4ACF86C808D
:103F9000002100200AE0DFF85CC40CF16E0C3CF953
:103FA00010C0614400F1010C0CF0FF000A28F2DBA4
:103FB0004FF00A0C91FBFCFC0FFA8CF8DFF834C4CC
:103FC000ACF88280BDE8F08338B5044603230222B2
:103FD0006B21D0200094FFF78FF838BD38B5044628
:103FE000022304221B21D0200094FFF785F838BD5E
:103FF00038B50446022304221C21D0200094FFF788
:104000007BF838BD10B50446234606226B21D0202C
:10401000FFF7A7F810BD10B5F74B01227521D0208E
:10402000FEF7F3FFF448007810BD10B5FFF7F3FF7B
:10403000682801D1012010BD0020FCE710B504461E
:10404000234605226A21D020FFF78BF810BD10B55A
:104050000446234601223721D020FFF782F810BD05
:1040600010B50220FFF7B0FF0320FFF7B7FF0020D5
:10407000FFF7BEFF0020FFF7C5FF0020FFF7DEFFC0
:104080000020FFF7E4FF10BD38B5002000900120AC
:10409000DA4908706B46012275216820FEF757FF48
:1040A000D7A00AF095FF9DF8000068280ED000BF49
:1040B000DC48006800F4E060DB490843001DD94992
:1040C0000860BFF3408F00BF00BFFEE702F033FB84
:1040D00000283CD1782001F096FF10B9C8A00AF062
:1040E00077FF782002F076F910B9D0A00AF070FFBF
:1040F000C82002F050FA10B9D6A00AF069FF03F008
:104100000DFE10B9DDA00AF063FFE948FFF709FED4
:10411000044603F00DFE10B9E6A00AF059FF40F284
:10412000731004F046FA10B9ECA00AF051FFC82051
:1041300003F0B8FF10B9F3A00AF04AFFFFF705FE3D
:10414000012003F031FB10B9F7A00AF041FF002075
:10415000AA49087038BD2DE9F04F8FB00CA8FB4973
:104160000DAB08AACDE90010F949FA4804F080FB2C
:10417000F648008800F4807000287DD008980EF082
:104180005FFB04464FF09D410EF028FAF2490860AB
:1041900009980EF055FB04464FF09D410EF01EFAB3
:1041A000EE4908600A980EF04BFB04464FF09D4123
:1041B0000EF014FAEA4908600B980EF041FB044631
:1041C0004FF09D410EF00AFAE6490860E2480168A6
:1041D0004FF080400EF094FB0690E148016806988D
:1041E0000EF08EFB8246DD4801684FF040400EF035
:1041F00087FB0690DB48016806980EF081FB83463A
:1042000051460EF07DF907900EF04EF980460CF005
:1042100097FF06464FF06632D34B0DF035FE04464D
:104220000DF05CFBD1490860CD4801684FF080403B
:104230000EF066FB0390CA48016803980EF060FB1D
:104240008246C64801684FF040400EF059FB03908B
:10425000C248016803980EF053FB834651460EF0A6
:1042600057FC81464FF07E510EF04AF904460EF09D
:104270001BF9CDE9040100E082E0B74801684FF086
:1042800080400EF03DFB8346B448016858460EF06E
:1042900037FB8146B24801684FF080400EF030FB9A
:1042A0008346B048016858460EF02AFB82464946CC
:1042B0000EF026F904460EF0F7F80746DDE9042370
:1042C0000DF086F94FF06632A74BCDE906010DF0EF
:1042D000DBFD05460DF002FBA5490860A148016819
:1042E00000680EF00DFB03909D48016800680EF019
:1042F00007FB02909948016800680EF001FB8346B5
:104300009548016800680EF0FBFA594601900EF0DE
:10431000F7F8824602990EF0FBFB814603990EF0F6
:10432000F7FB04460EF0C0F8CDE904018D480168A2
:10433000894800680EF0E4FA824689480168874897
:1043400000680EF0DDFA834651460EF0D9F881463A
:104350004FF080410EF0D4FA04460EF0A5F807465F
:10436000DDE904230DF034F94FF066327E4BCDE9E0
:1043700006010DF089FD05460DF0B0FA7D49086093
:104380000FB0BDE8F08F2DE9F05F4221D020FEF79D
:1043900019FE05464121D020FEF714FE05EB00244E
:1043A00020460EF04DFA82464FF08E4150460EF0F8
:1043B00073FB05D24FF08F4150460EF0A9FB8246A9
:1043C0006D4950460EF00AF983460EF06DF88046AE
:1043D0006A4A6B4B0DF0B4FA06460022694B0DF0A9
:1043E00053FD04460DF07AFA824650460EF0ECF981
:1043F000BDE8F09F06050020F80400201A00002008
:104400006D70755F7365745F73656E736F72206333
:104410006F6D706C657465202E2E2E2E2E2E0D0A5B
:10442000000000000CED00E00000FA056D70755F03
:10443000636F6E6669677572655F6669666F206334
:104440006F6D706C657465202E2E2E2E2E2E0D0A2B
:10445000000000006D70755F7365745F73616D704F
:104460006C655F7261746520636F6D706C657465F7
:10447000202E2E2E2E2E2E0D0A000000646D705F51
:104480006C6F61645F6D6F74696F6E5F6472697683
:1044900065725F6669726D7761726520636F6D70BA
:1044A0006C657465202E2E2E2E2E2E0D0A00000017
:1044B000B8000020646D705F7365745F6F7269652A
:1044C0006E746174696F6E20636F6D706C65746576
:1044D000202E2E2E2E2E2E0D0A000000646D705FF1
:1044E000656E61626C655F66656174757265206397
:1044F0006F6D706C657465202E2E2E2E2E2E0D0A7B
:1045000000000000646D705F7365745F6669666FBC
:104510005F7261746520636F6D706C657465202EC9
:104520002E2E2E2E2E0D0A006D70755F7365745F32
:10453000646D705F737461746520636F6D706C651A
:104540007465202E2E2E2E2E2E0D0A00980000208F
:10455000920000208C000020A8000020AC00002069
:10456000B0000020B400002066A64C409C00002053
:10457000A0000020A40000200000AA43A4703D0A6F
:10458000D7434240000024402DE9F04706460F463D
:1045900014461D46DDF820A0681E83B2601E82B25C
:1045A0003946304600F0F6FAB8460EE0B14606E06D
:1045B000504600F0D8FA09F101001FFA80F9A14530
:1045C000F6DB08F101001FFA80F8A845EEDBBDE834
:1045D000F08770B504460D4616462B4622462946FE
:1045E000204600F0D7FA304600F0BDFA70BD2DE944
:1045F000FF4F85B081468A46002003908346079886
:10460000A0EB09050898A0EB0A06CDF80890CDF8B4
:1046100004A0002D01DD012705E00DB9002702E00F
:104620004FF0FF376D42002E02DD4FF0010806E02B
:1046300016B94FF0000802E04FF0FF387642B5425D
:1046400001DD2C4600E03446002004901EE0019A73
:1046500091B2029A90B2129AFFF7BBFF03982844D6
:104660000390B3440398A04205DD0398001B039018
:10467000029838440290A34504DDABEB040B01988B
:10468000404401900498401C80B20490611C04983E
:104690008842DCDB09B0BDE8F08F2DE9F843054620
:1046A0000E4617469846089C33463A4631462846F9
:1046B0000094FFF79CFF43462A4631462846009463
:1046C000FFF795FF43463A46414628460094FFF7D8
:1046D0008EFF43463A46314638460094FFF787FF3F
:1046E000BDE8F8832DE9F04706460F469046994607
:1046F0000025444641E07A1B91B2321B90B24A46F3
:10470000FFF767FF7A1B91B2321990B24A46FFF762
:1047100060FF3A1991B2721B90B24A46FFF759FFF7
:104720003A1B91B2721B90B24A46FFF752FF7A19B8
:1047300091B2321990B24A46FFF74BFF3A1B91B241
:10474000721990B24A46FFF744FF3A1991B27219B2
:1047500090B24A46FFF73DFF7A1991B2321B90B2F0
:104760004A46FFF736FF6D1C05FB05F004FB04010C
:1047700008FB08F0814200DD641EA542BBDDBDE8F8
:10478000F0872DE9FF5F0546894692469B460F9EBE
:10479000002002900095304606EBD071C1F347042B
:1047A0002046E21704EB5272D2102146E31704EBC5
:1047B0005373DB10A4EBC3030BB1012300E0002310
:1047C0001A44724392B20192AAF1200000F0FF0A4B
:1047D00009EB0600401E83B22819401E82B24946EA
:1047E000284600F0D7F94FF0000848E00C2E08D119
:1047F0000AEB4A00A14901EB800010F80800039081
:1048000001E0BDE8FF9F002732E01098C0B9012009
:10481000B8400399084018B1584600F0A4F902E0E6
:104820000E9800F0A0F90298401CC0B202900298C5
:1048300090FBF4F104FB1100C0B90020029019E0D4
:104840000120B8400399084020B15A4649462846FD
:10485000FFF7BFFE681C85B20098281AA04205D158
:10486000009D09F101001FFA80F903E0781CC7B22E
:10487000082FCADB00BF08F101001FFA80F8019879
:104880008045B3DB00BFBCE72DE9FE4F06460F466F
:1048900014469846DDE90D5ADDF8309010E0CDE978
:1048A000015ACDF800902278434639463046FFF74A
:1048B00068FF284605EBD07106EB61018EB2641CDF
:1048C00020780028EBD1BDE8FE8F10B5024601200C
:1048D00000E050430B00A1F10104E1B2F9D110BD99
:1048E0002DE9FF4F85B0074691461D46DDE913A629
:1048F00000200490304606EBD071C1F3470B002432
:1049000034E0281B401EC1B20A20FFF7DEFFB9FBCE
:10491000F0F00A21B0FBF1F201FB12080498A0B9F3
:10492000681EA04211DDB8F1000F0CD1002004FB7D
:104930000B71CDE900A6029088B22022129B069945
:10494000FFF71FFF10E001200490002008F1300164
:10495000CAB204FB0B71CDE900A6029088B2129B8B
:104960000699FFF70EFF00BF601CC4B2AC42C8DB63
:1049700009B0BDE8F08F2DE9FF4F85B0074690469E
:104980001C46DDE91396304606EBD071C1F3470BA8
:104990003B4940460DF0B4FF03900DF031FF80B26B
:1049A0000490002531E0601B401EC1B20A20FFF7D1
:1049B0008CFF0499B1FBF0F00A21B0FBF1F201FB8E
:1049C000120AA01EA84210D10020A11E01FB0B71EB
:1049D000CDE90096029088B22E22129B0699FFF72D
:1049E000D0FE681CC5B2601CC4B200200AF13001C0
:1049F000CAB205FB0B71CDE90096029088B2129BFA
:104A00000699FFF7BEFE681CC5B2A542CBDB09B014
:104A1000BDE8F08F2DE9F05F0746884615461E4633
:104A2000DDF82890002408EB0600401E83B27819B8
:104A3000401E82B24146384600F0ACF8A24618E06B
:104A40004FF0000B0FE019F8140000F086F8012178
:104A500001EB440119F8010000F07FF8641C0BF130
:104A600001001FFA80FBB345EDDB0AF101001FFADC
:104A700080FAAA45E4DBBDE8F09F0000222F010880
:104A80000000C84208B501210520FCF717FC0121F0
:104A90000820FCF713FC01211020FCF70FFC01217A
:104AA000CD48FCF720FAA020ADF8000010208DF8CA
:104AB000030003208DF802006946C848FCF742F95C
:104AC00041F20100ADF8000010208DF80300032032
:104AD0008DF802006946C248FCF734F94FF4C04033
:104AE000ADF8000010208DF8030003208DF80200BF
:104AF0006946BC48FCF726F94FF40051B948FCF769
:104B0000CEF908BD70B504464FF48041B548FCF7B6
:104B1000C8F9002519E00121B148FCF7C2F904F0F9
:104B2000800028B14FF48051AD48FCF7B8F904E09B
:104B30004FF48051AA48FCF7B4F90121A848FCF7CA
:104B4000AEF96006040E681CC5B2082DE3DB4FF415
:104B50008041A448FCF7A3F970BD10B50446204677
:104B6000FFF7D0FF10BD10B504462012FFF7CAFFB3
:104B7000E0B2FFF7C7FF10BD10B50446802197488B
:104B8000FCF78FF92046FFF7BDFF80219348FCF723
:104B900086F910BD2DE9F04107460C4615461E4624
:104BA0002A20FFF7E9FF3846FFF7DDFF2846FFF729
:104BB000DAFF2B20FFF7E0FF04F1180188B2FFF7BE
:104BC000D2FF06F1180188B2FFF7CDFF2C20FFF7C6
:104BD000D3FFBDE8F08110B5FFF754FF20217F48D7
:104BE000FCF75FF96420FDF71CFD20217B48FCF7F2
:104BF00056F96420FDF715FD4FF400517948FCF794
:104C00004EF96420FDF70DFD1120FFF7B5FF782068
:104C1000FDF707FDB120FFF7AFFF0520FFF79DFF70
:104C20003C20FFF79AFF3C20FFF797FFB220FFF7E9
:104C3000A3FF0520FFF791FF3C20FFF78EFF3C20EC
:104C4000FFF78BFFB320FFF797FF0520FFF785FFE6
:104C50003C20FFF782FF3C20FFF77FFF0520FFF796
:104C60007CFF3C20FFF779FF3C20FFF776FFB42064
:104C7000FFF782FF0320FFF770FF2120FFF77CFF83
:104C8000C020FFF779FF0E20FFF767FF0E20FFF728
:104C900064FF0420FFF761FFC120FFF76DFFC5200F
:104CA000FFF75BFFC220FFF767FF0D20FFF755FFFF
:104CB0000020FFF752FFC320FFF75EFF8D20FFF7B4
:104CC0004CFF2A20FFF749FFC420FFF755FF8D2036
:104CD000FFF743FFEE20FFF740FFC520FFF74CFF33
:104CE0000620FFF73AFF3620FFF746FF7820FFF750
:104CF00034FF3A20FFF740FF5520FFF72EFFE0205A
:104D0000FFF73AFF0B20FFF728FF1720FFF725FFDB
:104D10000A20FFF722FF0D20FFF71FFF1A20FFF7E1
:104D20001CFF1920FFF719FF1620FFF716FF1D20A3
:104D3000FFF713FF2120FFF710FF2620FFF70DFFDD
:104D40003720FFF70AFF3C20FFF707FF0020FFF79F
:104D500004FF0920FFF701FF0520FFF7FEFE1020EA
:104D6000FFF7FBFEE120FFF707FF0C20FFF7F5FE42
:104D70001920FFF7F2FE0920FFF7EFFE0D20FFF7E5
:104D8000ECFE1B20FFF7E9FE1920FFF7E6FE1520D9
:104D9000FFF7E3FE1D20FFF7E0FE2120FFF7DDFE19
:104DA0002620FFF7DAFE3920FFF7D7FE3E20FFF777
:104DB000D4FE0020FFF7D1FE0920FFF7CEFE05202C
:104DC000FFF7CBFE1020FFF7C8FE7820FDF729FC87
:104DD0002920FFF7D1FE10BD00023000000801407D
:104DE000000C0140001001402DE9F05F05460E4621
:104DF00030010DF03DFD8146694905FB01F00DF0E4
:104E000037FD824649460DF0E9FB074638460DF06E
:104E1000F7FC84B220460DF02BFD834639460DF099
:104E20006CFE82464FF083410DF06AFD81460DF025
:104E3000E7FC80464FF6FF7000EA041404EB08001C
:104E400084B25848806940F0040056498861084699
:104E5000C06940F40030C8615348006820F47F40C6
:104E6000514908600846006840F40B4008604E480D
:104E70000C30006840F008004B490C31086049488C
:104E8000006940F40030474908610846006920F491
:104E90000030086145480480001D008842F20C0182
:104EA00008434249091D08800846008840F4807084
:104EB00008800846008840F020000880022326224F
:104EC00001210846FDF7F2FBBDE8F09F374908399C
:104ED000098801F02001002961D03449091F09889F
:104EE000C8B23349098801F40041002957D130493B
:104EF000098801F48041B9B30A2803D000212C4A63
:104F000011804CE02A49098841F40041284A118067
:104F1000284A1278303A64235A43264B5B78303B58
:104F200003EB830302EB4303224A9278303A1A449C
:104F3000C2F1640202EB4201CA1701EB92729210B5
:104F400012B21D4B1A801B49C978303989001B4A9F
:104F500011801146B1F900100E2901DD0E211180DA
:104F60000021134A11801AE0FFE70D2806D11049ED
:104F7000098841F480410E4A118010E00C490988EB
:104F8000C1F30D010B4A505409490988491C084ACC
:104F90001180114609881E2901DD0021118070470A
:104FA00040420F0000100240000801400844004049
:104FB000C80000208A05002088000020860000200C
:104FC0000146002901DA484200E00846704700B572
:104FD00003460A461846FFF7F3FF642802DD012066
:104FE000FE4908601046FFF7EBFF642803DD01204F
:104FF000FA4914310860002B04DD0120F749091D2E
:10500000086003E00020F549091D08601846FFF715
:10501000D7FFF3490880002A03DD0020F14908602A
:1050200002E00120EF4908601046FFF7C9FFEC4994
:105030000C39088000BD00B502460B46EA480078EE
:1050400010B90020E9490860E748007801283BD101
:10505000002A39D11846FFF7B3FFE449096808442C
:10506000E249086008460068002808DD0846006834
:10507000642804DA0020DE490870DE490870DB4845
:105080000068642809DBD9480068C82805DA0020D0
:10509000D74908700120D7490870D4480068C8284B
:1050A0000ADBD2480068B0F5967F05DA0120D049C6
:1050B00008700020CF490870CC480068B0F5967F92
:1050C00002DB0020C949086000BD2DE9F04180469F
:1050D0000C461546C448007810B90020BDE8F081A0
:1050E000C5480088B0B940460DF0DEF906460022FA
:1050F000C24B0CF0C7FF0DD240460DF0D5F9064665
:105100000022BF4B0CF084FE04D21CB915B901205B
:10511000B9490880B8480088012824D1B9480088D6
:10512000401C80B2B7490880322803DD0020088087
:10513000B14908802046FFF743FF022813DD2846C7
:10514000FFF73EFF02280EDD2046FFF739FF462815
:1051500009DA2846FFF734FF462804DA0020A6497A
:1051600008800120BAE70020B8E72DE9F047814622
:105170000C4615461E46A4480088E0B92846FFF7AD
:105180001FFF02463046FFF71BFF1044142805DAC4
:105190009E480088401C9D49088002E000209B49F1
:1051A00008809A4800880A2805DD01209649088071
:1051B00000209649088094480088012825D1944809
:1051C0000088401C80B292490880C82803DD002076
:1051D00008808D4908808F4948460DF05DFC14D247
:1051E00020460DF061F9074600228B4B0CF04AFF78
:1051F0000BD220460DF058F907460022874B0CF0E1
:1052000007FE02D20220804908807F4800880228D9
:105210001BD183480088401C80B2814908806428E3
:1052200003DD00200880784908802846FFF7C8FE83
:1052300002463046FFF7C4FE1044962805DD0020E4
:10524000714908800120BDE8F0870020FBE7034694
:105250001846884200DD0846904200DA1046704742
:105260002DE9F04705466F4806686F48B0F9000021
:1052700040420DF0E5FA6D490860084600680DF0FF
:10528000A3FA0746FFF79CFE10B16948046800E0E6
:105290000024214628460DF033FB81466348006810
:1052A00080F00048314640460DF02AFB074649464B
:1052B0000DF02EFC5F490860084600680DF084FA86
:1052C000BDE8F0872DE9FC5F044689464848007830
:1052D00001282BD158480068962804DB56480068FE
:1052E000B0F5967F03DD0020544908600BE052487A
:1052F0000068C0F19600052190FBF1F528460DF0FD
:105300009FFA4E4908604E494C4800680DF0C4FBB6
:1053100002D24B48494908604A49484800680DF0A4
:10532000BBFA36D247484549086032E03148007838
:10533000012822D140480068C82803DD00203F49E9
:10534000086007E03C490968C1F1C8000DF078FA2F
:105350003A4908603C49394800680DF09DFB02D28B
:105360003948364908603949344800680DF094FAE4
:105370000FD23648314908600BE03548B0F90000DB
:105380004042032190FBF1F528460DF059FA2B49D4
:10539000086004EB09000DF053FA05462748016840
:1053A00028460DF0AAFB2B4908602B4800680DF039
:1053B0007BF80746294A2A4B0CF066FD05460CF09F
:1053C0008DFA25490860234800680DF06DF8054600
:1053D000244A254B0CF058FD074647E090812142B6
:1053E00040040040BC01224219000020200100209E
:1053F0003F000020400000201C010020000029C0C8
:1054000000001E401E010020140100201601002093
:10541000180100200050C346008036C00080314093
:105420001A010020580000208800002008010020F8
:105430005C0000200C01002038000020FC0000204F
:1054400000008841000088C100007041000070C168
:1054500086000020F4000020F800002085EB51B801
:105460001E85EB3FEC51B81E85EBC13F8846FE48D8
:1054700000680DF019F882463A4643460CF060FA8F
:10548000CDE900010CF02AFAF749086008460168E6
:10549000F64800680DF034F8F449086008460068E2
:1054A0000860F349F14800680DF0F6FA02D2F048BE
:1054B000EE490860EF49ED4800680DF0EDF902D2C1
:1054C000EC48EA490860EC480168E84800680DF0DB
:1054D00017FA0746E448006880F00046E74801688C
:1054E00030460DF00DFA054639460DF011FBE44942
:1054F0000860E4480078012802D10020DB490860F8
:10550000DF4800680DF060F9BDE8FC9F2DE9F84F19
:1055100081460C4648460CF0C7FF07460022DA4B8E
:105520000CF0E6FD05460CF0D9F9824684F0004BFC
:10553000D648016858460DF0E3F98046D448006823
:1055400080F00047514638460DF0DAF906464146EC
:105550000CF0D6FF05460DF037F900900098BDE835
:10556000F88F10B5FDF72FFE0446012C0FD1C5486A
:10557000007808B9012000E00020C249087000212D
:105580000846FFF724FD4FF4FA70FDF74AF810BD06
:105590002DE9F04F87B083468A4658460CF020FC30
:1055A0000022BC4BCDE900010CF06EFC0646002247
:1055B000B94B0CF081FA80460022B84B0CF07CFA13
:1055C00004460022B34B0CF077FACDE902010CF04F
:1055D00085F9059005980CF067FF8046B04AB14BFD
:1055E0000CF052FC0646B04AB04B0CF04DFC0446A1
:1055F0000CF074F9AE49086050460CF0F1FB002243
:10560000A44BCDE900010CF03FFC80460022A24BE8
:105610000CF052FA06460022A04B0CF04DFA002284
:105620009C4BCDE902010CF047FA04460CF056F908
:10563000049004980CF038FF0646994A994B0CF0F8
:1056400023FC0446984A994B0CF01EFC80460CF053
:1056500045F99849086007B0BDE8F08F2DE9F04F93
:105660008DB08046FEF78FFE93490860B8F1010FB8
:105670001BD1FEF770FD914800689149086091497F
:10568000B1F900000DF0DCF88F4908608D49B1F9DF
:1056900004000DF0D5F88D4908608D49B1F904007A
:1056A0000DF0CEF88B49086070E14421D020FDF761
:1056B00089FC83464321D020FDF784FC0BEB0020BE
:1056C00009900DF0BDF806464621D020FDF77AFC82
:1056D00083464521D020FDF775FC0BEB0020099097
:1056E0000DF0AEF804464821D020FDF76BFC834650
:1056F0004721D020FDF766FC0BEB002009900DF050
:105700009FF807463C21D020FDF75CFC83463B21F7
:10571000D020FDF757FC0BEB002009900DF090F81E
:1057200082463E21D020FDF74DFC83463D21D0200E
:10573000FDF748FC0BEB002009900DF081F8814645
:105740004021D020FDF73EFC83463F21D020FDF7CD
:1057500039FC0BEB002009900DF072F805464FF074
:105760008E4130460DF098F905D24FF08F4130460A
:105770000DF0CEF906464FF08E4120460DF08CF923
:1057800005D24FF08F4120460DF0C2F904464FF08C
:105790008E4138460DF080F905D24FF08F413846E2
:1057A0000DF0B6F907464FF08E4150460DF074F9F2
:1057B00005D24FF08F4150460DF0AAF982464FF0C6
:1057C0008E4148460DF068F905D24FF08F414846AA
:1057D0000DF09EF981464FF08E4128460DF05CF9A0
:1057E00005D24FF08F4128460DF092F9054684F01E
:1057F00000403549086028460CF056FECDE902010C
:1058000048460CF051FECDE90001DDE902230BF022
:10581000DFFE0022304BCDE904010CF035FB204ABD
:10582000204BCDE906010CF047F9CDE908010CF059
:1058300055F80B9028460CF037FECDE90201504692
:105840000CF032FECDE90001DDE902230BF0C0FED1
:105850000022214BCDE904010CF016FB104A114B3C
:10586000CDE906013AE00000F80000200001002028
:1058700000007A4400007AC4540000205000002048
:10588000F000002019000020000004C04C0000209F
:105890004800002000005940000010400000F03F88
:1058A000F1D4C853FB2109409A99999999991940C3
:1058B000D4010020D801002024000020A0000020F6
:1058C0002C0000208C00002030000020340000203C
:1058D0009200002044000020008066400CF0ECF8AC
:1058E000CDE908010BF0FAFF0A9030460CF0DCFD20
:1058F0004FF06632F94BCDE906010CF0DDF8CDE949
:1059000008010BF0EBFF064620460CF0CDFD4FF0F2
:105910006632F24BCDE906010CF0CEF8CDE9080174
:105920000BF0DCFF0446EE480078022812D1314625
:105930000B9803F0ABF880F00040EA49086084F06F
:10594000004B59460A9803F0E1F980F00040E6491F
:10595000086013E0E248007803280FD131460B9825
:1059600003F0ABF980F00040DF49086021460A9857
:1059700003F020FB80F00040DA490860DA48006854
:10598000DA490860DA480760DA4805600DB0BDE81A
:10599000F08F2DE9FC5FD848008800F00100002856
:1059A0007ED0D548008820F00100D3490880CC483B
:1059B0000078FFF753FE0220FDF713F90446042098
:1059C000FDF70FF9454214B90020CC4908601DB914
:1059D0000020CA491439086029462046FFF7D8FD3F
:1059E000FDF755F8C6490860C6480068401CC5491F
:1059F0000860C5480068C24909680844C24908608F
:105A0000C0480068642821D108460068642190FBE2
:105A1000F1F0BE4908600020BB490860B949086040
:105A2000BA48006840F6B831884205DAB8480078CC
:105A3000401CB749087002E00020B5490870B4481E
:105A400000780A2802D10120B2490870FFF789FDC9
:105A5000B1480168A5480068FFF758FD0646294689
:105A60002046FFF72FFC8146A1480068FFF7F8FBAE
:105A7000824606EB09005044A849086006EB09007D
:105A8000A0EB0A00A6490860A64A5142A348006854
:105A9000FFF7DDFBA1490860A24A5142A04800E09F
:105AA000DFE10068FFF7D3FB9D4908602B462246E3
:105AB0008E4801688F480068FFF757FB10B101203E
:105AC000994908702A46214688480068FFF7FDFA80
:105AD00010B10020944908709449844800680CF083
:105AE000DBFE0DD39249814800680CF0D5FF07D347
:105AF0008D480078012803D086480078012802D11B
:105B00000120894908708B48007818B12946204641
:105B1000FFF791FA8448007830B9814801687F48DE
:105B20000068FFF754FA03E000210846FFF74FFA38
:105B30008148007888BB032180A0FDF7D8FE80490A
:105B40006A4800680CF0DCFC83467E490CF0D8FE05
:105B500080460CF039FE07463A467BA17C4809F0A6
:105B600043FA05217A48FDF7C2FE6B4800680CF045
:105B70002BFE07463A4674A1764809F035FA05210E
:105B80007448FDF7B4FE621973A1754809F02CFA48
:105B900004217348FDF7ABFE56E1FFE76648007845
:105BA0000228F9D16F480078B8B903216EA0FDF73B
:105BB0009EFE6E480021016001716D4800680CF086
:105BC00073FC07463A460B466AA1684809F00CFA8E
:105BD00005216648FDF78BFE2BE16248007801281D
:105BE00011D1032164A0FDF782FE6048002101600D
:105BF0000171002213465FA109F0F6F905215B4807
:105C0000FDF775FE15E157480078022817D10321EA
:105C10005AA0FDF76CFE55480021016001715848FB
:105C200000680CF041FC07463A460B4651A14F482C
:105C300009F0DAF905214D48FDF759FEF9E0494828
:105C40000078032817D103214EA0FDF750FE4748E6
:105C50000021016001714C4800680CF025FC0746EA
:105C60003A460B4643A1414809F0BEF905213F4899
:105C7000FDF73DFEDDE03B480078042817D1032105
:105C800042A0FDF734FE394800210160017140480F
:105C900000680CF009FC07463A460B4635A133482C
:105CA00009F0A2F905213148FDF721FEC1E02D4898
:105CB0000078052870D1032136A0FDF718FE2B4887
:105CC000002101600171002213462AA109F08CF91C
:105CD00005212648FDF70BFEABE05DE0666630402F
:105CE000140000209C000020A00000202C000020B8
:105CF0003400002044000020102C0140A4812142E7
:105D0000E4000020E8000020EC0000202800002033
:105D1000E2000020E1000020300000201C000020F4
:105D20002000002090E8FFFF190000200000A0C222
:105D30000000A04260000020CC0000206479000038
:105D40000000B4420000C842253035640000000065
:105D5000CE000020D3000020253034640000000075
:105D6000D8000020CD00002062707900DC00002007
:105D700048000020256600006269790062647900AD
:105D80004C00002073707900500000207369790086
:105D9000540000207364790033480078062821D12C
:105DA000032132A0FDF7A3FD3148002101600171FC
:105DB000304800680CF044FD83460CF075FB074644
:105DC00000222D4B0BF078FE02460B46CDE9000178
:105DD000AFF26001264809F007F905212448FDF7D4
:105DE00086FD26E020480078072822D1032123A041
:105DF000FDF77DFD1E480021016001712049096801
:105E0000204A126888180CF01BFD4FF08041019069
:105E10000CF0E4FB83460CF047FB07463A460B4682
:105E2000AFF2B001124809F0DFF805211048FDF784
:105E30005EFD0D480078401C0B490870084600784C
:105E4000142801DD002008700F480078401C0E491E
:105E5000087008460078042801D100200870FDF77A
:105E600054FD0020BDE8FC9FCD000020626174005D
:105E7000DC0000202800002000408F4070776D007B
:105E80001C00002020000020CC00002038B5044673
:105E9000FB4890F82400C0B114B10220009001E04A
:105EA00000200090F64A1268D17BF54A52681078BB
:105EB0006B460122FCF7E8FF10B14FF0FF3038BD10
:105EC0009DF80010EE48417423E0ED48807A10B947
:105ED0004FF0FF30F3E724B1E948407C08B10020DF
:105EE000EDE714B10120009001E000200090E44AA9
:105EF0001268D17BE24A526810786B460122FCF7A7
:105F0000C3FF10B14FF0FF30D9E79DF80010DC4817
:105F100041740020D3E738B5002419E0D848006860
:105F2000C07AA04204D0D6480068407DA04200D18B
:105F30000CE0D349496808786B4601222146FDF7F9
:105F400006F810B14FF0FF3038BD00BF601CC4B27E
:105F5000CB4840680079A042E0DC0020F4E770B54F
:105F600004460D46C6480068C07AA04204D0C44822
:105F70000068407DA04202D14FF0FF3070BDC048A4
:105F800040680079A04202DC4FF0FF30F6E7BC49E0
:105F9000496808782B4601222146FCF7D8FFEDE737
:105FA00038B50446B64890F82300A04201D100203D
:105FB00038BD14B13020009001E000200090B048BE
:105FC000807C20B19DF8000040F002000090AC48B9
:105FD00090F8220020B19DF8000040F08000009071
:105FE000A74A1268117DA64A526810786B460122B2
:105FF000FCF74AFF10B14FF0FF30D9E7A04880F816
:1060000023400020D4E738B5044604F0700010B1F6
:106010000120009005E014B10020009001E0402034
:106020000090974A1268917C954A526810786B46A6
:106030000122FCF729FF20B1002191488172481EFE
:1060400038BD9DF8000020F040018D48017300200C
:10605000009004F0400020B99DF8000040F00400DA
:10606000009004F0200020B99DF8000040F00200EC
:10607000009004F0100020B99DF8000040F00100ED
:10608000009004F0080020B99DF8000040F03800AE
:1060900000907B4A1268D17C794A526810786B462E
:1060A0000122FCF7F1FE20B1002175488172481EE3
:1060B000C6E724B1082C02D00020FFF771FF70481A
:1060C0008472002101753220FCF7ABFA0020B7E79B
:1060D00038B504466A48807CA04201D1002038BD12
:1060E000002C46D0664A12681179654A52681078C9
:1060F0006B460122FCF72BFF10B14FF0FF30EEE7AB
:106100009DF8000020F0200000905D4A126811798F
:106110005B4A526810786B460122FCF7B5FE10B15D
:106120004FF0FF30DBE70320FCF77BFA0220009002
:10613000534890F8220020B19DF8000040F0800004
:1061400000904F4890F8230020B19DF8000040F0E7
:10615000300000904A4A1268117D494A526810780E
:106160006B460122FCF790FE002851D04FF0FF3023
:10617000B5E7434A12681179414A526810786B4674
:106180000122FCF7E4FE10B14FF0FF30A7E73C48D6
:10619000807A00F0010028B19DF8000040F0200056
:1061A000009004E09DF8000020F020000090344AA8
:1061B00012681179324A526810786B460122FCF756
:1061C00063FE10B14FF0FF3089E70320FCF729FA96
:1061D0002B4890F8220010B18020009001E00020B0
:1061E0000090274890F8230020B19DF8000040F06F
:1061F00030000090224A1268117D214A52681078BE
:106200006B460122FCF740FE10B14FF0FF3066E70D
:106210001B488474002062E708B51948807A10B9D9
:106220004FF0FF3008BD00200090154A1268D17B66
:10623000134A526810786B460122FCF725FE10B114
:106240004FF0FF30EEE70E4A126851790C4A52685F
:1062500010786B460122FCF717FE10B14FF0FF30AB
:10626000E0E7074A12681179054A526810786B46D0
:106270000122FCF709FE28B14FF0FF30D2E7000001
:1062800024010020F74890F82400002850D00C206A
:106290000090F44A12681179F24A526810786B46FD
:1062A0000122FCF7F1FD10B14FF0FF30BAE7C0203A
:1062B0000090EC48807A00F0010020B19DF80000C9
:1062C00040F020000090E74A12681179E54A5268D0
:1062D00010786B460122FCF7D7FD10B14FF0FF306C
:1062E000A0E7E048407C10B10220009001E00020CF
:1062F0000090DC4A1268D17BDA4A526810786B460B
:106300000122FCF7C1FD10B14FF0FF308AE70020F9
:106310000090D44A12685179D24A526810786B467C
:106320000122FCF7B1FD002852D04FF0FF3079E791
:1063300004200090CB4A12681179CA4A526810783A
:106340006B460122FCF7A0FD10B14FF0FF3069E76A
:10635000C448807C20B9C348807A00F0010010B99D
:106360004020009001E060200090BE4A1268117940
:10637000BC4A526810786B460122FCF785FD10B1CB
:106380004FF0FF304EE7B748407C10B1012000903D
:1063900001E000200090B34A1268D17BB14A5268F4
:1063A00010786B460122FCF76FFD10B14FF0FF3003
:1063B00038E7AC4A12685179AA4A52681078A94B5A
:1063C00010330122FCF760FD10B14FF0FF3029E7D8
:1063D000002027E770B50446002624F00104A148F8
:1063E00090F8240008B1002070BD9E48807A10B952
:1063F0004FF0FF30F8E79B48057C807A20409949B0
:1064000008740846007CA04202D04FF0FF3600E03E
:10641000002614B99348007D18B10120FFF736FD1E
:1064200002E00020FFF732FD3CB1FFF7F5FE20B19E
:106430008C4805744FF0FF30D6E73046D4E738B5C6
:1064400004468848807A10B94FF0FF3038BDBC2C24
:1064500002DB0120009015E0622C02DB022000909C
:1064600010E02A2C02DB032000900BE0142C02DB4E
:106470000420009006E00A2C02DB0520009001E0D9
:10648000062000907748C07A9DF80010884201D11C
:106490000020DBE7734A12689178724A52681078DC
:1064A0006B460122FCF7F0FC10B14FF0FF30CDE756
:1064B0009DF800106B48C1720020C7E738B504464C
:1064C000282C02DD4FF0FF3038BDDCB90020FFF78B
:1064D00067FD00208DF8000007208DF80100614A5B
:1064E0001268917C5F4A526810786B460222FCF772
:1064F000CBFC10B14FF0FF30E6E7002159480175A1
:106500000020E1E70120FFF74BFD20208DF800007F
:10651000012C06D100208DF801000520FFF78FFF28
:1065200017E0052C06DC01208DF801000520FFF79F
:1065300086FF0EE0142C06DC02208DF801000A20F4
:10654000FFF77DFF05E003208DF801001420FFF721
:1065500076FF9DF80100072101EB8010C0B28DF895
:106560000100404A1268917C3E4A526810786B469E
:106570000222FCF789FC10B14FF0FF30A4E708219C
:106580003848817200210173012101750020FFF755
:1065900021FF002098E738B504463248807A10B9C8
:1065A0004FF0FF3038BD2F4890F8240010B14FF065
:1065B000FF30F7E72B48007D50B134B1282C04DCC4
:1065C000E0B2FFF77BFF0020ECE70020FFF776FF4B
:1065D000042C01DA042404E0B4F57A7F01DD4FF4E1
:1065E0007A744FF47A7090FBF4F0401EC0B20090C1
:1065F0001C4A126851781B4A526810786B46012277
:10660000FCF742FC10B14FF0FF30CBE79DF80000E3
:10661000401C4FF47A7191FBF0F081B21148C181B6
:106620000146C9894810FFF70AFF0020BAE738B5CC
:1066300004460C48807A10B94FF0FF3038BD022C68
:1066400006D0042C07D0082C08D0102C0FD10BE05A
:10665000002000900EE0082000900BE01020009039
:1066600008E00000240100201820009002E04FF014
:10667000FF30E3E700BFF948407A9DF80010B0EB27
:10668000E10F01D10020D9E7F44A1268D179F34A29
:10669000526810786B460122FCF7F6FB10B14FF000
:1066A000FF30CBE79DF80000C110EC48417200209C
:1066B000C4E738B50446E948807A10B94FF0FF3096
:1066C00038BDFA2C09D0B4F5FA7F09D0B4F57A7F39
:1066D00009D0B4F5FA6F0CD108E0002000900BE06F
:1066E0000820009008E01020009005E0182000909D
:1066F00002E04FF0FF30E3E700BFD848007A9DF892
:106700000010B0EBE10F01D10020D9E7D34A1268A5
:106710009179D24A526810786B460122FCF7B4FB9B
:1067200010B14FF0FF30CBE79DF80000C010CB490F
:1067300008720020C4E71CB580208DF80000C74A0D
:106740001268917CC54A526810786B460122FCF7AA
:106750009BFB10B14FF0FF301CBD6420FBF761FFC5
:1067600000208DF80000BD4A1268917CBB4A526837
:1067700010786B460122FCF787FB10B14FF0FF3019
:10678000EAE7B64A1268917DB44A526810786B46BF
:106790000622FCF7DCFB10B14FF0FF30DCE79DF880
:1067A0000500C007400F9DF8031001F0010140EA09
:1067B00041009DF8011001F0010140EA010494B18B
:1067C000012C03D10121A548C17431E0022C03D171
:1067D0000021A248C1742BE02146A1A008F0F8FBDB
:1067E0004FF0FF30B8E79D4A1268D1789B4A526853
:1067F00010786B460122FCF7AAFB10B14FF0FF3076
:10680000AAE79DF8000000F00F042CB99E4808F09C
:10681000DFFB4FF0FF309FE7042C06D19BA008F070
:10682000D7FB01218D48C17402E000218B48C1745F
:10683000FF218A488172FF2088490872FF2187481A
:106840004172C1724FF6FF71C181FF2101748174E1
:106850000121017380F82210002180F82310417576
:1068600001751630016041608160163880F824108F
:1068700080F82510C1844FF4FA60FFF71AFF10B1B9
:106880004FF0FF3068E70220FFF7D1FE10B14FF064
:10689000FF3061E72A20FFF7D2FD10B14FF0FF3043
:1068A0005AE73220FFF777FE10B14FF0FF3053E781
:1068B0000020FFF78FFD10B14FF0FF304CE70020B4
:1068C000FFF706FC10B14FF0FF3045E70020FFF75F
:1068D0009AFB002040E770477CB504460D465F48B0
:1068E000807A00F0700010B94FF0FF307CBD5B4A39
:1068F0001268117B594A526810786B460622FCF7E1
:1069000026FB10B14FF0FF30F0E79DF801009DF835
:10691000001040EA012000B220809DF803009DF89D
:10692000021040EA012000B260809DF805009DF849
:10693000041040EA012000B2A08015B12846FFF7FC
:10694000CAFF0020D2E77CB504460D464348807A52
:1069500000F0080010B94FF0FF307CBD3F4A1268CC
:10696000517B3E4A526810786B460622FCF7EFFADC
:1069700010B14FF0FF30F0E79DF801009DF80010D6
:1069800040EA012000B220809DF803009DF802102B
:1069900040EA012000B260809DF805009DF80410D7
:1069A00040EA012000B2A08015B12846FFF793FF0E
:1069B0000020D2E72DE9FE4F05460C462748807A95
:1069C00018B94FF0FF30BDE8FE8F244A1268917B62
:1069D000224A5268107802AB0222FCF7B8FA10B1D2
:1069E0004FF0FF30EFE79DF809009DF8081040EAEE
:1069F000012006B214B12046FFF76DFF1749496820
:106A0000C8880BF035FF154901904968B1F90800B5
:106A10000BF016FF834630460BF012FF59460090EC
:106A20000CF076F8824601990BF0D8FD81461F499B
:106A30000BF066FD80464FF08F410BF061FF07467B
:106A40000BF0C2FE28600020BDE710B588B00446F8
:106A50001CB94FF0FF3008B010BD29E02401002020
:106A6000556E737570706F7274656420736F6674A1
:106A7000776172652070726F6475637420726576D9
:106A80002025642E0A0000007441010848616C66EC
:106A90002073656E736974697669747920706172A8
:106AA0007420666F756E642E0D0A000000000C42A3
:106AB000206830B9606820B9A06810B9002008B01B
:106AC00010BDFA494968087806AB03221146FCF765
:106AD0003EFA10B14FF0FF30F1E79DF818000821A1
:106AE00001EB201000F00F00ADF800009DF8190038
:106AF00001EB201000F00F00ADF802009DF81A0025
:106B000001EB201000F00F00ADF8040020684100F8
:106B1000BDF90000403091FBF0F000B2ADF810007C
:106B200060684100BDF90200403091FBF0F000B216
:106B3000ADF81200A0684100BDF90400403091FB9F
:106B4000F0F000B2ADF81400D8494968087806ABF7
:106B500006221146FCF7FBF910B14FF0FF30AEE70B
:106B60009DF819009DF8181040EA012000B2ADF818
:106B700008009DF81B009DF81A1040EA012000B2A1
:106B8000ADF80A009DF81D009DF81C1040EA012098
:106B900000B2ADF80C00BDF81000BDF808100844B4
:106BA00000B2ADF81000BDF81200BDF80A1008449C
:106BB00000B2ADF81200BDF81400BDF80C10084486
:106BC00000B2ADF81400BDF81000000A8DF81800EE
:106BD000BDF81000C0B28DF81900BDF81200000A0F
:106BE0008DF81A00BDF81200C0B28DF81B00BDF878
:106BF0001400000A8DF81C00BDF81400C0B28DF816
:106C00001D00AA494968087806AB06221146FCF720
:106C10003BF910B14FF0FF3051E700204FE701463C
:106C2000A248007A30B1012807D0022809D00328F1
:106C30000FD10AE0FA2008800EE04FF4FA700880C5
:106C40000AE04FF47A70088006E04FF4FA6008809A
:106C500002E00020088000BF00BF0020704701460E
:106C60009248407A30B1012807D0022808D0032882
:106C70000CD108E0022008700BE00420087008E046
:106C80000820087005E01020087002E04FF0FF3087
:106C9000704700BF8548C07C18B108784006000ED8
:106CA00008700020F4E701468048C07A082817D20F
:106CB000DFE800F01704070A0D101318BC20088045
:106CC00013E06220088010E02A2008800DE01420E4
:106CD00008800AE00A20088007E00520088004E018
:106CE00000BF00BF0020088000BF00BF0020704729
:106CF00001466E4890F8240010B14FF0FF30704705
:106D00006A48C08908800020F9E701460020088011
:106D1000401E704701464FF0FF3070470146634800
:106D2000007A30B1012807D0022808D003280CD1FE
:106D300008E05F4808600BE05E48086008E05E48D5
:106D4000086005E05D48086002E04FF0FF307047E2
:106D500000BF0020FBE701465448407A30B10128CB
:106D600008D002280AD0032810D10BE04FF480404D
:106D700008800EE041F69C7008800AE04FF48050D5
:106D8000088006E04FF40060088002E04FF0FF301A
:106D9000704700BF4548C07C10B10888401008808B
:106DA0000020F5E701464148007C0870002070474C
:106DB00001463E48807A10B10120087001E00020B1
:106DC00008700020704738B504463848807A10B9FA
:106DD0004FF0FF3038BD354A1268117C334A526893
:106DE00010786B460222FCF7B2F810B14FF0FF307A
:106DF000F0E79DF801009DF8001040EA012000B284
:106E000020800020E6E72DE9FE4F0746884692469F
:106E10001D46DDF830B000260024244890F82400F8
:106E200010B1601EBDE8FE8F002028701F48807AD8
:106E300010B94FF0FF30F5E71C48007C10B94FF057
:106E4000FF30EFE71948007C00F0400008B1B01CAB
:106E5000C6B21648007C00F0200008B1B01CC6B2D3
:106E60001248007C00F0100008B1B01CC6B20F48F8
:106E7000007C00F0080008B1B01DC6B20B4A1268D1
:106E8000917A0A4A526810786B460222FCF75FF842
:106E900010B14FF0FF30C5E79DF801009DF80010DC
:106EA00040EA0129B1450BDA0020BBE724010020AC
:106EB00000000343000083423333034233338341F2
:106EC000FC4840684088B9EB600F17DDF94A12684A
:106ED000517CF84A526810786B460122FCF737F86B
:106EE00010B14FF0FF309DE79DF8000000F010005A
:106EF00020B1FFF791F96FF0010093E75046FFF7DB
:106F0000EAFCEC4A1268D17AEA4A526810786B4679
:106F10003246FCF71CF810B14FF0FF3082E799FBC6
:106F2000F6F0401E8BF8000000202870B4422AD0F2
:106F3000E048007C00F0080028B3601C1DF8000049
:106F40001DF8041040EA012000B2A8F80000E01C7F
:106F50001DF80010A01C1DF8000041EA002000B23E
:106F6000A8F80200601D1DF80010201D1DF800008B
:106F700041EA002000B2A8F80400287840F0080098
:106F80002870A01D84B2B44213D0CA48007C00F01F
:106F9000400070B1601C1DF800001DF8041040EAAC
:106FA000012000B23880287840F040002870A01CF2
:106FB00084B2B44213D0BF48007C00F0200070B10E
:106FC000601C1DF800001DF8041040EA012000B20A
:106FD0007880287840F020002870A01C84B2B44249
:106FE00013D0B448007C00F0100070B1601C1DF894
:106FF00000001DF8041040EA012000B2B880287893
:1070000040F010002870A01C84B200200AE7F8B5F8
:1070100004460F461646A74890F8240010B94FF0D2
:10702000FF30F8BDA348807A10B94FF0FF30F8E781
:10703000A04A1268917A9F4A526810786B460222E1
:10704000FBF785FF10B14FF0FF30EAE79DF8010034
:107050009DF8001040EA0125A54203DA00203070B7
:10706000401EDEE7934840684088B5EB600F17DDAF
:10707000904A1268517C8F4A526810786B46012200
:10708000FBF765FF10B14FF0FF30CAE79DF8000035
:1070900000F0100020B1FFF7BFF86FF00100C0E76B
:1070A000E2B2844B1B68D97A824B5B6818783B4606
:1070B000FBF74DFF10B14FF0FF30B2E795FBF4F056
:1070C000401E30700020ACE701467A4880F822105C
:1070D000002070477CB5054676494968087801ABC1
:1070E00004220D21FBF733FF08B107207CBD9DF87A
:1070F0000700C0F301109DF8041001F0E00140EA20
:10710000E1008DF800009DF80700C0F381009DF8B4
:10711000051001F0E00140EAE1008DF801009DF862
:10712000070000F003009DF8061001F0E00140EABE
:10713000E1008DF8020000241CE01DF8040018B9DD
:10714000002045F8240013E05B4845F8240006E0E1
:1071500055F8240059490BF0D3FB45F824001DF8DD
:107160000400401EC0B20DF804000028F0D100BF9A
:10717000601CC4B2032CE0DB0020B7E72DE9FE4F12
:1071800006460F4600256846FFF7A4FF002442E0AC
:1071900056F8240057F82410A0EB010ABAF1000FAA
:1071A00001DB514601E0CAF1000108460BF048FB43
:1071B00083464FF08F410BF011FA80465DF82400B2
:1071C00000210BF0CDFA16D05DF8241040460BF0EC
:1071D00005FA82464FF07E510BF09AFC814629F069
:1071E000004A3748416A50460BF056FC12D2012043
:1071F000A04005430EE03248C16940460BF04CFB0D
:1072000005D32F48016A40460BF046FC02D201200C
:10721000A0400543641C032CBADB2846BDE8FE8F62
:107220002DE9FC5F06460F4600252249496808788B
:1072300001AB03220D21FBF78AFE10B10720BDE848
:10724000FC9F9DF8040000F01F008DF804009DF8DD
:10725000050000F01F008DF805009DF8060000F005
:107260001F008DF80600002462E056F8240057F84D
:107270002410A0EB010BBBF1000F01DB594601E02C
:10728000CBF1000108460BF0DBFA4FF08F41009084
:107290000BF0A4F9814601A8005DC0B30849086855
:1072A0000BF0E6FA8346594606480BF097F98046FC
:1072B0000FE00000240100207B14AE3E1D5A843FE5
:1072C000C033010800B04C45FE4940460BF018FBA6
:1072D000804601A8005D401EC0B201A908550028E3
:1072E000F2D1414648460BF079F983464FF07E5182
:1072F0000BF00EFC82462AF0004BF3488169584699
:107300000BF0CAFB13D20120A04005430FE0FFE7BA
:10731000ED48016948460BF0BFFA05D3EA484169D8
:1073200048460BF0B9FB02D20120A0400543641C83
:10733000032C9ADB284682E72DE9F04F87B00546FB
:107340000C46914601208DF8100000208DF81100A8
:10735000DE4A1268917CDD4A5268107804AB022242
:10736000FBF792FD20B14FF0FF3007B0BDE8F08F82
:10737000C820FBF756F900208DF81000D34A126898
:10738000D17BD24A5268107804AB0122FBF77CFD16
:1073900010B14FF0FF30E8E7CC4A12685179CB4A80
:1073A0005268107804AB0122FBF76EFD10B14FF06C
:1073B000FF30DAE7C54A1268917CC44A52681078F7
:1073C00004AB0122FBF760FD10B14FF0FF30CCE7BA
:1073D000BE4A1268D17DBD4A5268107804AB0122C2
:1073E000FBF752FD10B14FF0FF30BEE7B74A12680D
:1073F0001179B64A5268107804AB0122FBF744FDBC
:1074000010B14FF0FF30B0E70C208DF81000AF4AFC
:1074100012681179AD4A5268107804AB0122FBF76B
:1074200033FD10B14FF0FF309FE70F20FBF7F9F865
:10743000A648806A407A8DF81000A44A12689178B4
:10744000A24A5268107804AB0122FBF71DFD10B16F
:107450004FF0FF3089E79D48806A007A8DF8100070
:107460009A4A12685178994A5268107804AB0122FE
:10747000FBF70AFD10B14FF0FF3076E7B9F1000FCE
:1074800007D09248806A807A40F0E0008DF81000C2
:1074900004E08E48806A807A8DF810008B4A12686A
:1074A00091798A4A5268107804AB0122FBF7ECFC10
:1074B00010B14FF0FF3058E7B9F1000F07D0834803
:1074C000806AC07A40F0E0008DF8100003E07E484A
:1074D000C07A8DF810007D4A1268D1797B4A5268D3
:1074E000107804AB0122FBF7CFFC10B14FF0FF3056
:1074F0003BE7B9F1000F02D0C820FBF792F840201B
:107500008DF81000714A12681179704A526810782B
:1075100004AB0122FBF7B8FC10B14FF0FF3024E7B9
:1075200078208DF81000694A12685179674A5268CC
:10753000107804AB0122FBF7A7FC10B14FF0FF302D
:1075400013E761498889FBF76CF800208DF810007B
:107550005E4A126851795D4A5268107804AB012284
:10756000FBF792FC10B14FF0FF30FEE6574A12686D
:10757000917A564A5268107804AB0222FBF7E7FC76
:1075800010B14FF0FF30F0E69DF811009DF810109B
:1075900040EA012B0C209BFBF0F0C6B20020A86053
:1075A00068602860A06060602060824665E0474AAD
:1075B0001268D17A454A5268107804AB0C22FBF766
:1075C000C6FC10B14FF0FF30CFE69DF811009DF8DA
:1075D000101040EA012000B2ADF808009DF8130039
:1075E0009DF8121040EA012000B2ADF80A009DF8A3
:1075F00015009DF8141040EA012000B2ADF80C000F
:10760000BDF90810206808442060BDF90A106068C0
:1076100008446060BDF90C10A0680844A0609DF8A3
:1076200017009DF8161040EA012000B2ADF80000E6
:107630009DF819009DF8181040EA012000B2ADF83D
:1076400002009DF81B009DF81A1040EA012000B2CC
:10765000ADF80400BDF90010286808442860BDF9A1
:107660000210686808446860BDF90410A8680844FE
:10767000A8600AF1010000F0FF0AB24597DB12484A
:10768000D0F800C02868C117090441EA1041070476
:1076900062460023384607F076FC32460023CDE9E7
:1076A000020107F070FC28600748D0F800C0686845
:1076B000C117090441EA1041070462460023384615
:1076C00006E0000054E3853FC03301082401002098
:1076D00007F059FC32460023CDE9020107F053FCC4
:1076E0006860FE48D0F800C0A868C117090441EAE4
:1076F0001041070462460023384607F044FC324636
:107700000023CDE9020107F03EFCA860F348D0F861
:1077100004C02168C817000440EA11480F046246FB
:1077200000233846414607F02EFC32460023CDE9BF
:10773000020107F028FC2060E848D0F804C0606827
:10774000C117090441EA1041070462460023384684
:1077500007F019FC32460023CDE9020107F013FCC3
:107760006060DE48D0F804C0A068C117090441EA8F
:107770001041070462460023384607F004FC3246F5
:107780000023CDE9020107F0FEFBA060A0680028FD
:1077900004DDA068A0F58030A06003E0A06800F5DB
:1077A0008030A0600020E0E538B50446CC4890F871
:1077B0002400A04201D1002038BD24B3C84890F86D
:1077C000250010B94FF0FF30F6E70020FEF75EFB12
:1077D0000020FEF77DFCC249C88CFEF7DCFE0020CD
:1077E0000090BF49496808786B4601222321FBF7C6
:1077F0004BFB0121BA4880F824100120FEF746FB1C
:10780000FEF70AFD13E00020FEF740FBB448007CC1
:107810000090B349496808786B4601222321FBF7A1
:1078200033FB0021AE4880F82410FEF7F5FC002061
:10783000C2E72DE9F04F8DB083460F4602200C9031
:10784000A74890F8240020B10020FFF7ADFF0126E3
:1078500000E0002603A8FFF7E2F905A8FFF7FFF90B
:1078600001A8FFF720FA02A8FFF742FA9C4890F817
:107870000AA004A8FFF796FA002407E00022394680
:107880005846FFF759FD00B902E0641C022CF5DBF5
:1078900000BF022C01D1002528E0002407E00122CE
:1078A00006A909A8FFF748FD00B902E0641C022CF4
:1078B000F5DB00BF022C01D1002517E006A93846F0
:1078C000FFF75CFC00F0FF0809A95846FFF7A8FC89
:1078D00000F0FF090025B9F1000F01D145F00105C5
:1078E000B8F1000F01D145F0020500BFFF207C492F
:1078F0000872FF217A484172C1724FF6FF71C1814F
:10790000FF218172017401210173BDF80C00FEF7A3
:10791000D0FE9DF81400FEF78AFEBDF80400FEF7C5
:107920008EFDBDF80800FEF736FE5046FEF76BFBF5
:107930009DF81000FEF74EFD16B10120FFF734FF51
:1079400028460DB0BDE8F08FF8B504460D46164642
:1079500016B94FF0FF30F8BD6148807A10B94FF08A
:10796000FF30F8E720128DF80000E0B28DF801003A
:107970009DF8010028445A4949684989884202DD36
:107980004FF0FF30E7E7564A1268117E544A5268BA
:1079900010786B460222FBF777FA10B14FF0FF30F8
:1079A000D9E7EAB24E4B1B68597D4D4B5B6818789E
:1079B0003346FBF769FA10B14FF0FF30CBE70020F8
:1079C000C9E7F8B504460D46164616B94FF0FF3024
:1079D000F8BD4348807A10B94FF0FF30F8E7201225
:1079E0008DF80000E0B28DF801009DF801002844F8
:1079F0003B4949684989884202DD4FF0FF30E7E79B
:107A0000374A1268117E364A526810786B46022255
:107A1000FBF73AFA10B14FF0FF30D9E7EAB2304B3A
:107A20001B68597D2E4B5B6818783346FBF78FFA3D
:107A300010B14FF0FF30CBE70020C9E72DE9F0434C
:107A400085B005460E4690469946254890F8250093
:107A500020B14FF0FF3005B0BDE8F08316B94FF00C
:107A6000FF30F8E7002423E0281B102801DD102058
:107A700000E0281B87B2321939462046FFF764FF21
:107A800010B14FF0FF30E6E701AA39462046FFF774
:107A900098FF10B14FF0FF30DDE730193A4601A9E9
:107AA00007F0C8FB10B16FF00100D4E7E01984B211
:107AB000AC42D9DB4FEA28208DF8000008F0FF0027
:107AC0008DF80100064A1268917E054A52681078C6
:107AD0006B460222FBF7D8F938B103E0C033010846
:107AE000240100204FF0FF30B5E701218A4880F8DB
:107AF0002510A0F826900020ADE70146864890F8B2
:107B0000240008700020704702464FF0FF30704795
:107B100001464FF0FF307047F8B505460F46144652
:107B2000002C70D0B5F5FF5F01DDFF2605E0202DAC
:107B300001DA012601E0C5F3471607B90127282C11
:107B400002DD4FF0FF30F8BD7348407D28BB72481E
:107B500090F8240038B10020FFF726FE01216E487E
:107B600080F8201003E000216B4880F820106A485C
:107B70001630FFF754F868481830FFF770F8664879
:107B80001A30FFF790F864481C30FFF7B1F86248EC
:107B9000817A81771F30FFF705F90020FEF776F92B
:107BA0000020FEF78BFC00208DF800005A4A126876
:107BB0009178594A526810786B460122FBF764F9B4
:107BC00010B14FF0FF30BEE740208DF80000524A60
:107BD0001268D17B504A526810786B460122FBF73D
:107BE00053F900B165E08DF800608DF801704A4AE4
:107BF0001268117A484A526810786B460222FBF7E5
:107C000043F908B155E047E00520FAF70AFD42487C
:107C1000407A072101EBC000C0B28DF800003E4A57
:107C20001268D1793C4A526810786B460122FBF702
:107C30002BF900B13DE020208DF80000012C03D18C
:107C400000208DF801000EE0052C03DC01208DF8EA
:107C5000010008E0142C03DC02208DF8010002E092
:107C600003208DF801009DF80100072101EB801031
:107C7000C0B28DF80100284A1268917C264A5268E9
:107C800010786B460222FBF7FFF800B111E00121EA
:107C900021484175002056E71F4A1632002103E0B3
:107CA000505C00B105E0491C0C29F9D34FF0FF30BE
:107CB00049E7FF2018490872FF2117484172C17235
:107CC0004FF6FF71C181FF2181720174012101739F
:107CD0000146887FFEF797F90F49C88AFEF7E9FC4D
:107CE0000D49087EFEF7A3FC0B49488BFEF7A7FB66
:107CF0000949888BFEF74FFC0749C87FFEF76AFBEE
:107D0000054890F8200010B10120FFF74DFD00213B
:107D100001484175002016E72401002010B5C82352
:107D20004FF48062F74940F6F630FFF787FE10BD4A
:107D300010B586B00446F4A000680390F3A0006874
:107D40000290F3A000680190F2A00068009004F097
:107D5000030003A9085C8DF8140003A8C4F3C10153
:107D6000405C8DF8150003A8C4F38111405C8DF8C8
:107D7000160004F0030002A9085C8DF8100002A8A8
:107D8000C4F3C101405C8DF8110002A8C4F3811155
:107D9000405C8DF8120005AA032140F22640FFF74F
:107DA000D3FD18B14FF0FF3006B010BD04AA032177
:107DB00040F22A40FFF7C8FD10B14FF0FF30F3E763
:107DC000019805900098049004F0040058B19DF8C3
:107DD000140040F001008DF814009DF8100040F0F0
:107DE00001008DF8100004F0200058B19DF8150036
:107DF00040F001008DF815009DF8110040F00100E1
:107E00008DF8110004F4807058B19DF8160040F010
:107E100001008DF816009DF8120040F001008DF869
:107E2000120005AA03214FF48860FFF78DFD10B101
:107E30004FF0FF30B8E704AA032140F23140FFF7CA
:107E400083FD10B14FF0FF30AEE7B348048100204E
:107E5000AAE71FB50446B048007A00F0030054F8C2
:107E600020000190AC48007A00F0040010B10198A5
:107E700040420190A848007AC0F3C10054F82000A5
:107E80000290A548007A00F0200010B1029840420C
:107E90000290A148007AC0F3811054F820000390AA
:107EA0009D48008900F4807010B10398404203900F
:107EB0009A49019880FB0101800F40EA81000190FE
:107EC0009649029880FB0110820042EA917002906C
:107ED0009249039880FB0110820042EA917003905E
:107EE0000198000E8DF800000198000C8DF801003B
:107EF0000198000A8DF802000198C0B28DF80300C5
:107F00006A4604214FF47470FFF71EFD18B14FF05C
:107F1000FF3004B010BD0298000E8DF800000298EA
:107F2000000C8DF801000298000A8DF802000298FA
:107F3000C0B28DF803006A4604214FF47570FFF754
:107F400003FD10B14FF0FF30E3E70398000E8DF80A
:107F500000000398000C8DF801000398000A8DF8CA
:107F600002000398C0B28DF803006A4604214FF462
:107F70007670FFF7E9FCCCE770B588B0064601A83B
:107F8000FEF7E9FEBDF804000021C90341EA5045AF
:107F9000C4036148007A00F0030056F82000059001
:107FA0005D48007A00F0040010B105984042059049
:107FB0005948007AC0F3C10056F820000690564890
:107FC000007A00F0200010B1069840420690524816
:107FD000007AC0F3811056F8200007904E480089BF
:107FE00000F4807010B10798404207900598C117BF
:107FF000A0FB042301FB043100FB0510810041EAD2
:10800000927005900698C117A0FB042301FB043170
:1080100000FB0510810041EA927006900798C11795
:10802000A0FB042301FB043100FB0510810041EAA1
:10803000927007900598000E8DF808000598000CC6
:108040008DF809000598000A8DF80A000598C0B25D
:108050008DF80B000698000E8DF80C000698000CA9
:108060008DF80D000698000A8DF80E000698C0B233
:108070008DF80F000798000E8DF810000798000C7F
:108080008DF811000798000A8DF812000798C0B209
:108090008DF8130002AA0C214FF42570FFF754FC51
:1080A00008B070BD30B585B004461DA207CA02AB4A
:1080B00007C3C82C03DD4FF0FF3005B030BDC8202A
:1080C00090FBF4F0401E85B2280A8DF80000E8B25B
:1080D0008DF801006A46022140F21620FFF734FCB9
:1080E00010B14FF0FF30E8E702AA0C2140F6C120A2
:1080F000FFF72AFC10B14FF0FF30DEE7064884811D
:108100000020DAE7E83301084CCD6C000CC92C00E4
:108110003656760026466600A005002009E3CA020E
:10812000FEF2ABC4AAF1DFDFBBAFDFDF0146FC48E4
:1081300080890880002070472DE9FC4706460F46DD
:1081400006F0070010B1B7F5C86F03DD4FF0FF3040
:10815000BDE8FC8738460AF08BFB8146F1490AF0FE
:108160003DFA80466846FEF77AFD9DF80000022839
:1081700006D0042816D0082826D0102848D135E08B
:108180004FF08D4140460AF0BBFB81460AF038FBB8
:1081900084B2E54940460AF0B3FB81460AF030FB61
:1081A00085B238E04FF08C4140460AF0A9FB814689
:1081B0000AF026FB84B2DD4940460AF0A1FB814665
:1081C0000AF01EFB85B226E04FF08B4140460AF0D4
:1081D00097FB81460AF014FB84B2D54940460AF069
:1081E0008FFB81460AF00CFB85B214E04FF08A4108
:1081F00040460AF085FB81460AF002FB84B2CD4975
:1082000040460AF07DFB81460AF0FAFA85B202E0A8
:108210004FF0FF309CE700BF20128DF80400E0B261
:108220008DF8050028128DF80600E8B28DF80700D9
:1082300006F00100A0B101AA02214FF4EA70FFF795
:1082400083FB10B14FF0FF3082E70DF106020221EF
:108250004FF49270FFF778FB10B14FF0FF3077E7E3
:1082600006F00200A0B101AA02214FF4EC70FFF762
:108270006BFB10B14FF0FF306AE70DF106020221EF
:108280004FF49470FFF760FB10B14FF0FF305FE7E1
:1082900006F00400A0B101AA02214FF4EE70FFF72E
:1082A00053FB10B14FF0FF3052E70DF106020221EF
:1082B0004FF49670FFF748FB10B14FF0FF3047E7DF
:1082C000002045E738B504460020009004F0010086
:1082D00020B19DF8000040F03000009004F0020052
:1082E00020B19DF8000040F00C00009004F0040064
:1082F00020B19DF8000040F0030000906A46012183
:108300004FF4A470FFF720FB38BD38B50446012CAC
:1083100001DA012402E0042C00DD0424601EC0B256
:1083200000906A46012140F24F10FFF70DFB38BD67
:1083300038B50446052094FBF0F085B228128DF87C
:108340000000E8B28DF801006A4602214FF4EF7098
:10835000FFF7FAFA38BD38B50446052094FBF0F073
:1083600085B228128DF80000E8B28DF801006A4647
:1083700002214FF4ED70FFF7E7FA38BDF8B5054676
:108380000E464FF47A7095FBF0F000FB06F4200ED9
:108390008DF80000200C8DF80100200A8DF80200F5
:1083A000E0B28DF803006A4604214FF4AE70FFF787
:1083B000CBFAF8BD38B50446052094FBF0F084B242
:1083C00020128DF80000E0B28DF801006A4602210B
:1083D0004FF4AD70FFF7B8FA38BD38B50446052044
:1083E00094FBF0F084B220128DF80000E0B28DF81A
:1083F00001006A4602214FF4AC70FFF7A5FA38BDC0
:1084000038B5044614B94FF0FF3038BD6A46042130
:108410004FF45870FFF7D5FA10B14FF0FF30F4E782
:108420009DF8000000069DF8011040EA01409DF80B
:10843000021040EA01209DF803100843206000204C
:10844000E3E738B50446200E8DF80000200C8DF8C7
:108450000100200A8DF80200E0B28DF803006A46A0
:1084600004214FF45870FFF76FFA38BD38B5044651
:1084700014B94FF0FF3038BD6A4604214FF47170D3
:10848000FFF79FFA10B14FF0FF30F4E79DF80000BE
:1084900000069DF8011040EA01409DF8021040EAF4
:1084A00001209DF80310084300EB8000800020604D
:1084B0000020E0E738B504461420B4FBF0F4200EA9
:1084C0008DF80000200C8DF80100200A8DF80200C4
:1084D000E0B28DF803006A4604214FF47170FFF793
:1084E00033FA38BD38B5044664B120208DF8000059
:1084F00028208DF8010030208DF8020038208DF8FA
:10850000030004E0A3220421684606F034FF6A4613
:10851000042140F69E20FFF717FAFDF77DFE38BDD7
:10852000A005002000004843000040460000C04570
:10853000000040450000C04438B5044664B1C02086
:108540008DF80000C2208DF80100C4208DF80200D3
:10855000C6208DF8030004E08B220421684606F053
:108560000AFF6A46042140F69820FFF7EDF9FDF76F
:1085700053FE38BD3EB504466CB1FDA1D1E90020E3
:108580008968CDE9002002916A4609214FF497607D
:10859000FFF7DAF93EBDF9A2D2E900109268CDE901
:1085A000010200916A4609214FF49760FFF7CCF968
:1085B000F0E73EB5044602208DF80000CA208DF891
:1085C0000100E3208DF8020009208DF803006A46BF
:1085D00004216820FFF7B8F9A3208DF8000004F00B
:1085E000400048B1C0208DF80100C8208DF802007D
:1085F000C2208DF8030006E0A3208DF801008DF85D
:1086000002008DF8030004F4C07048B1C4208DF856
:108610000400CC208DF80500C6208DF8060006E089
:10862000A3208DF804008DF805008DF80600A32026
:108630008DF807008DF808008DF809006A460A21B8
:1086400040F6A720FFF780F904F0030018B12020BE
:108650008DF8000002E0D8208DF800006A46012164
:1086600040F6B620FFF770F904F0200018B10120A1
:10867000FFF780FF02E00020FFF77CFF04F4C070EA
:1086800008B304F4807060B1B2208DF800008B2034
:108690008DF80100B6208DF802009B208DF80300B4
:1086A0000BE0B0208DF8000080208DF80100B42090
:1086B0008DF8020090208DF803006A46042140F6F0
:1086C000A220FFF741F904F0010020B3F8208DF853
:1086D00000006A4601214FF40B60FFF735F9FA21DB
:1086E0000720FFF729FD0720FFF7ECFD0120FFF72A
:1086F0000CFE6420FFF71CFE4FF4FA70FFF72BFE10
:10870000C821A148FFF73AFE2820FFF753FE0A20B0
:10871000FFF763FE08E0D8208DF800006A460121CB
:108720004FF40B60FFF710F904F0020018B1D920E4
:108730008DF8000002E0D8208DF800006A46012183
:1087400040F23D70FFF700F904F0040018B1012079
:10875000FFF7F2FE02E00020FFF7EEFE04F010004B
:1087600018B10120FFF7BEFE02E00020FFF7BAFEBD
:1087700044F0080085494881FDF74EFD00208349FB
:10878000887304F0400018B10846807B801D887310
:1087900004F4C07020B17D48807B801D7B498873C4
:1087A00004F0140020B17948807B10307749887339
:1087B00004F0030020B17548807B001D7349887365
:1087C00000203EBD01467148408908800020704766
:1087D0002DE9F0410446E07800F0C006E07800F0B2
:1087E0003F05607800F0010098B1EF102846E917C6
:1087F00005EB5171C910A5EBC101491C01F0FF083F
:108800006248006820B16148414602683846904796
:1088100000BF607800F0080030B15C48406818B1D3
:10882000B0115A4A516888470020BDE8F08110B560
:1088300086B0044656A207CA03AB07C357A207CAAD
:108840008DE80700012C09D0022C0ED103AA0B21C0
:1088500040F68220FFF778F806B010BD6A460B217B
:1088600040F68220FFF770F8F6E74FF0FF30F3E7AD
:108870002DE9F04F8DB00746884615469946DDE94B
:10888000166B0024002030804049887B5A4605A999
:10889000FEF7BDFB18B1601E0DB0BDE8F08F3B4880
:1088A000807A00F01400002861D09DF814000006C2
:1088B0009DF8151040EA01409DF8161040EA01208D
:1088C0009DF81710084328609DF8180000069DF8D1
:1088D000191040EA01409DF81A1040EA01209DF865
:1088E0001B10084368609DF81C0000069DF81D10D1
:1088F00040EA01409DF81E1040EA01209DF81F103B
:108900000843A8609DF8200000069DF8211040EA69
:1089100001409DF8221040EA01209DF823100843F1
:10892000E86004F11000C4B228680014019068687F
:1089300000140290A86800140390E86800140490E2
:1089400001984043029901FB0100039901FB0100DA
:10895000049901FB010ABAF1706F02DBBAF1885F7A
:1089600022DDFDF759FC00203080401E94E721E015
:10897000B8AAB38DB4980D355D000000B8AAAAAAB4
:10898000B088C3C5C700000009E3CA02A0050020E3
:10899000D8B1B9F38BA391B609B4D900DAB1B9F360
:1089A0008BA391B6DAB4DA00B6F9000040F4807017
:1089B000308000BF3448807A00F0400020B305A921
:1089C000601C085C095D40EA012000B2A8F80000C4
:1089D00005A9E01C095C05AAA01C105C41EA002066
:1089E00000B2A8F8020005A9601D095C201D105CFA
:1089F00041EA002000B2A8F80400A01DC4B2B6F9F4
:108A0000000040F0080030801F48408900F4C0702A
:108A100008B305A9601C085C095D40EA012000B2AA
:108A2000388005A9E01C095C05AAA01C105C41EA7D
:108A3000002000B2788005A9601D095C201D105C33
:108A400041EA002000B2B880A01DC4B2B6F900000F
:108A500040F0700030800C48807A00F0030018B1BC
:108A600005A90819FFF7B4FE4846FDF734FF0020BA
:108A700012E70146044801600020704701460248A1
:108A80004160002070470000A00500202DE9F05F44
:108A900005460C46FD4EFE4F4FF07C584FF0010945
:108AA000FC48016820460AF033F88346FA4801681A
:108AB000584609F025FF8246F8480168504609F0FB
:108AC0001FFDF6490860F648416830460AF020F874
:108AD0008246F348816850460AF01AF8F149086066
:108AE000EF48C06880F000404860ED48C06880F002
:108AF000004088600846C7600868E749096809F0CF
:108B0000FFFE8246E6480168504609F0F9FCE44958
:108B10000860E4494868E049096809F0F1FE8246C6
:108B2000DF484168504609F0EBFCDD494860DD490B
:108B30008868D949096809F0E3FE8246D848816807
:108B4000504609F0DDFCD6498860D649C868D2494C
:108B5000096809F0D5FE8246D148C168504609F03F
:108B6000CFFCCF49C860CD480168284609F0D0FF46
:108B7000CD490860484609F07BFE8246C848016836
:108B8000504609F0BDFEC9490860484609F070FE2C
:108B90008246C3488168504609F0B2FEC449086065
:108BA000484609F065FE8346C0480168584609F00A
:108BB000A7FE8246414609F0A3FCBE49086008466C
:108BC0000168BA48006809F009FDBB490860B94866
:108BD0000168B748006809F001FDB8490860B3486A
:108BE0000068B7490860484609F042FE8246AC4832
:108BF0004168504609F084FEB2490860B0480168F7
:108C0000AD48006809F07CFE8246A54801685046E0
:108C100009F073FFA2490860AA480168A6480068E5
:108C200009F06EFE82469E484168504609F065FF95
:108C30009B494860A2480168A048006809F060FEAE
:108C4000824697488168504609F057FF94498860EA
:108C50009C4801689948006809F052FE8246904895
:108C6000C168504609F049FF8D49C8608E480168C7
:108C70009148006809F044FE8246884801685046E1
:108C800009F03EFC85490860874801688B48006808
:108C900009F036FE82467F480168504609F030FCF4
:108CA0007C49086008460168204609F031FF864982
:108CB00008607A480068BDE8F09F2DE9F05F05463E
:108CC0000C46824E74480168204609F019FE83461E
:108CD0007F480168584609F013FC804631464FF042
:108CE0007E5009F015FF8246414609F009FE07460D
:108CF0003146284609F004FE8146394609F000FC59
:108D00007349086008460068BDE8F09F2DE9F05FF0
:108D100005460C465D4E5E4F4FF07C584FF0010902
:108D20006C480168204609F0F3FE83465A48016802
:108D3000584609F0E5FD824667480168504609F04B
:108D4000DFFB6549086065484168304609F0E0FE90
:108D5000824662488168504609F0DAFE6049086040
:108D60005E48C06880F0004048605C48C06880F0A1
:108D7000004088600846C76008684749096809F0EC
:108D8000BFFD824655480168504609F0B9FB53497A
:108D90000860534948684049096809F0B1FD8246B6
:108DA0004E484168504609F0ABFB4C4948604C497D
:108DB00088683949096809F0A3FD824647488168F7
:108DC000504609F09DFB454988604549C8683249CD
:108DD000096809F095FD82464048C168504609F08F
:108DE0008FFB3E49C8603C480168284609F090FE68
:108DF0003C490860484609F03BFD82463748016817
:108E0000504609F07DFD38490860484609F030FDBC
:108E1000824632488168504609F072FD3349086045
:108E2000484609F025FD83462F480168584609F059
:108E300067FD8246414609F063FB2D4908600846FC
:108E400001682948006809F0C9FB2A4908602848D8
:108E500001682648006809F0C1FB274908602248DC
:108E6000006826490860484609F002FD82461B4812
:108E70004168504609F044FD214908601F480168D7
:108E80001C48006809F03CFD82463BE06F12833AC3
:108E9000A69B443B5C0100205001002058010020AB
:108EA00080010020B0050020600100206401002046
:108EB000680100206C010020700100207401002076
:108EC000780100207C010020540100200AD7A33C37
:108ED000900100209C01002098010020C00100208A
:108EE000C0050020A0010020A4010020A80100204E
:108EF000AC010020B0010020B4010020B801002026
:108F0000BC01002040480168504609F0F6FD3E498A
:108F100008603E4801683E48006809F0F1FC82465E
:108F200039484168504609F0E8FD374948603948FA
:108F300001683948006809F0E3FC824632488168DC
:108F4000504609F0DAFD30498860304801683248FF
:108F5000006809F0D5FC82462B48C168504609F0EC
:108F6000CCFD2949C8602D4801682948006809F0EE
:108F7000C7FC82462A480168504609F0C1FA2849D0
:108F80000860264801682448006809F0B9FC824658
:108F900024480168504609F0B3FA2249086008469F
:108FA0000168204609F0B4FD1F4908601C480068AC
:108FB000BDE8F09F2DE9F05F05460C461B4E1C48AE
:108FC0000168204609F09CFC83461A48016858460F
:108FD00009F096FA804631464FF07E5009F098FD30
:108FE0008246414609F08CFC07463146284609F086
:108FF00087FC8146394609F083FA0E490860084625
:109000000068BDE8F09F0000C0010020BC01002006
:10901000B0010020B8010020B4010020A001002010
:10902000980100209C010020940100200AD7A33C55
:1090300050010020D0010020F8B5FE48007801283A
:1090400006D10C23FCA200210846FAF7C0FA14E06E
:10905000F8480078022806D10C23F8A2002108461F
:10906000FAF7B5FA09E0F3480078032805D10C2394
:10907000F4A200210846FAF7AAFAF348007801287A
:1090800005D10C23F1A200214620FAF7A0FAF148FD
:109090000078012806D10C23EFA200214620FAF720
:1090A00096FA05E00C23EEA200214620FAF78FFA8B
:1090B0000C23EEA201210020FAF789FA0021ED48E5
:1090C000006809F0E9FB05D20C23EBA20121302056
:1090D000FAF77DFA0021E748006809F0DDFC05D8C1
:1090E0000C23E6A201213020FAF771FAE14800686A
:1090F00009F06AFB0546FBF763FF04460C200323D7
:109100002246012100903820FAF71DFA0C23DCA238
:1091100001214C20FAF75BFADA49D648006809F0D9
:10912000EFFB064609F050FB0546FBF749FF0A2115
:1091300090FBF1F201FB12040C2001232246194698
:1091400000905420FAF7FFF90C23CFA2022100204F
:10915000FAF73DFA0021CE48006809F09DFB05D2E0
:109160000C23C5A202212A20FAF731FA0021C848AF
:10917000006809F091FC05D80C23C0A202212A2026
:10918000FAF725FAC248006809F01EFB0546FBF70E
:1091900017FF04460C2004232246022100903220AF
:1091A000FAF7D1F90C200090BA48008882B2052362
:1091B00002215220FAF7C7F90C23B7A2022172202C
:1091C000FAF705FA0C23B5A203210020FAF7FFF9FC
:1091D000B3480068002812DA0C23A7A2032110204C
:1091E000FAF7F5F9AE480068FBF7EAFE04460C20F2
:1091F00004232246032100901A20FAF7A4F9A84874
:109200000068002812DB0C239CA203211020FAF72F
:10921000DEF9A3480068FBF7D3FE04460C200423C4
:109220002246032100901A20FAF78DF900219D486B
:10923000006809F031FB05D20C238FA203213C20EA
:10924000FAF7C5F900219748006809F025FC05D810
:109250000C238AA203213C20FAF7B9F9914800684F
:1092600009F0B2FA0546FBF7ABFE04460C200423D6
:109270002246032100904420FAF765F90C238AA2C4
:1092800003216020FAF7A3F90C2389A2042100200E
:10929000FAF79DF987480068002812DA0C2376A2B5
:1092A00004211020FAF793F982480068FBF788FE42
:1092B00004460C2004232246194600901A20FAF78F
:1092C00042F97C480068002812DB0C236BA20421C1
:1092D0001020FAF77CF977480068FBF771FE044626
:1092E0000C2004232246194600901A20FAF72BF985
:1092F00000217148006809F0CFFA05D20C235EA264
:1093000004213C20FAF763F900216B48006809F05A
:10931000C3FB05D80C2359A204213C20FAF757F9C6
:109320006548006809F050FA0546FBF749FE044617
:109330000C2004232246194600904420FAF703F932
:109340000C2359A204216020FAF741F90C235BA2F7
:1093500005210020FAF73BF90C2349A205211E2024
:10936000FAF735F90C2355A205213620FAF72FF923
:10937000534800684FF47A7190FBF1F40C200223FB
:109380002246052100901320FAF7DDF84C480068CA
:109390004FF47A7190FBF1F201FB12040C200223CE
:1093A0002246052100902420FAF7CDF845480078A0
:1093B00028B10C2344A205215520FAF708F94148A9
:1093C000007828B90C2341A205215520FAF7FFF8AF
:1093D0000C233FA206210020FAF7F9F83E48B0F925
:1093E0000000002805DA0C2323A206212020FAF72A
:1093F000EEF83948B0F90000002805DB0C231FA265
:1094000006212020FAF7E3F83348B0F90000FBF713
:10941000D7FD04460C200423224606210090262076
:10942000FAF791F80C232DA206215020FAF7CFF875
:109430002C4859E014000020444D50004B616C6DE5
:10944000616E0000432046003F000020466F6C6CB8
:109450006F7700004000002041766F6964000000D3
:1094600052656D6F745F6D6F64650000416E676C6F
:10947000650000002C0000202D0000002B000000E3
:109480002E000000000020414779726F7800000034
:1094900030000020380000206D6D00004C000000FE
:1094A0001C000020D4010020636D2F730000000019
:1094B0005200000020000020D801002056000000CB
:1094C00028000020190000204F4646004F4E200083
:1094D000565F723A0000000086000020745F723A06
:1094E0000000000088000020B0F90000002806DA23
:1094F0000C23AFF27C0206216420FAF768F8FE48DC
:10950000B0F90000002806DB0C23AFF29002062120
:109510006420FAF75CF8F848B0F90000FBF750FD5A
:1095200004460C2004232246062100906920FAF705
:109530000AF8F8BD1FB5F148007801280ED10020C7
:109540000C214FF6FF724FF47843CDE900210290D1
:10955000AFF21C120146FBF797F924E0E7480078C8
:1095600002280ED100200C214FF6FF724FF47843F1
:10957000CDE900210290AFF23C120146FBF784F9DD
:1095800011E0DE48007803280DD100200C214FF6B1
:10959000FF724FF47843CDE900210290AFF25C12E4
:1095A0000146FBF771F9D648007801280FD1002059
:1095B0000C214FF6FF724FF47843CDE90021029061
:1095C000AFF2781201463720FBF75EF921E0CD4873
:1095D000007801280FD100200C214FF6FF724FF4C4
:1095E0007843CDE900210290AFF294120146372072
:1095F000FBF74AF90DE000200C214FF6FF724FF403
:109600007843CDE900210290BFA201463720FBF745
:109610003BF9BF48007870B100200C214FF6FF7273
:109620004FF47843CDE900210290AFF26412014675
:109630007820FBF729F9B648007870B900200C2192
:109640004FF6FF724FF47843CDE900210290AFF25C
:10965000841201467820FBF717F900200C214FF601
:10966000FF724FF47843CDE900210290A9A2FBF7E5
:109670000BF90021A948006809F00EF90DD200206D
:109680000C214FF6FF724FF4FC63CDE900210290EC
:10969000AFF21C222820FBF7F7F800219F48006852
:1096A00009F0FAF90DD800200C214FF6FF724FF4A3
:1096B000FC63CDE900210290AFF240222820FBF7A5
:1096C000E3F89648006809F07FF80290FBF778FC11
:1096D00080B203900C204FF6FF714FF4FC6203231D
:1096E000CDE90021029001462E20039AFBF7F8F8FD
:1096F00000200C214FF6FF724FF4FC63CDE90021EE
:109700000290AFF284224220FBF7BEF884498348DE
:10971000006809F0F5F8019009F056F80290FBF79F
:109720004FFC0A2190FBF1F201FB120080B2039082
:109730000C204FF6FF714FF4FC620123CDE90021AC
:10974000029001464A20039AFBF7CAF800200C2138
:109750004FF6FF724FF47843CDE90021029071A2D9
:109760005A20FBF791F800217048006809F094F83E
:109770000DD200200C214FF6FF724FF4FC63CDE9AF
:1097800000210290AFF210327320FBF77DF8002128
:109790006648006809F080F90DD800200C214FF6CA
:1097A000FF724FF4FC63CDE900210290AFF2343236
:1097B0007320FBF769F85D48006809F005F802902E
:1097C000FBF7FEFB80B203900C204FF6FF714FF4C5
:1097D000FC620423CDE90021029001467D20039A1A
:1097E000FBF77EF800200C214FF6FF724FF4784310
:1097F000CDE9002102904EA21821FBF745F84E4812
:10980000008880B20A2190FBF1F080B203900C2016
:109810004FF6FF714FF4FC620323CDE90021029063
:1098200018211A20039AFBF75BF800200C214FF651
:10983000FF724FF47843CDE9002102903FA2182136
:109840003420FBF721F800200C214FF6FF724FF473
:109850007843CDE90021029039A218214B20FBF773
:1098600013F800200C214FF6FF724FF47843CDE936
:109870000021029034A218218720FBF705F80C2064
:109880004FF6FF714FF4FC62CDE9002102902F48A2
:10989000008880B204230246182103906620FBF75B
:1098A0001FF800200C214FF6FF724FF47843CDE9EA
:1098B0000021029026A22421FAF7E6FF264800683C
:1098C000002856DA00200C214FF6FF724FF4FC639B
:1098D000CDE900210290AFF2604224212520FAF761
:1098E000D3FF1D480068FBF76BFB80B203900C2090
:1098F0004FF6FF7132E000008800002014000020C5
:109900003F000020400000204E6F726D616C00002F
:1099100019000020416E676C653A00002C000020A1
:10992000000020414779723A00000000300000201A
:109930004469733A0000000038000020636D0000A5
:10994000566F6C3A000000006D56000028000020A1
:109950004C5F70776D3A00001C0000204FF4FC62F1
:109960000423CDE90021029024212F20039AFAF745
:10997000B7FFED480068002822DB00200C214FF6DD
:10998000FF724FF4FC63CDE900210290AFF2145254
:1099900024212520FAF778FFE3480068FBF710FB45
:1099A00080B203900C204FF6FF724FF4FC61042349
:1099B000CDE90012029024212F20039AFAF790FF9C
:1099C0000021DA48006808F067FF0ED200200C2161
:1099D0004FF6FF724FF4FC63CDE900210290AFF225
:1099E000685224215020FAF74FFF0021CF48006829
:1099F00009F052F80ED800200C214FF6FF724FF4F8
:109A0000FC63CDE900210290AFF290522421502056
:109A1000FAF73AFFC548006808F0D6FE0290FBF757
:109A2000CFFA80B203900C204FF6FF714FF4FC6226
:109A30000323CDE90021029024215720039AFAF74D
:109A40004FFF00200C214FF6FF724FF47843CDE911
:109A500000210290AFF2B05224216F20FAF714FFD8
:109A600000200C214FF6FF724FF47843CDE900211E
:109A70000290AFA23021FAF707FFAF480068002834
:109A800022DA00200C214FF6FF724FF4FC63CDE97F
:109A900000210290AFF2206230212520FAF7F4FE77
:109AA000A5480068FBF78CFA80B203900C204FF6B3
:109AB000FF714FF4FC620423CDE9002102903021B4
:109AC0002F20039AFAF70CFF9B480068002822DB3E
:109AD00000200C214FF6FF724FF4FC63CDE900210A
:109AE0000290AFF2686230212520FAF7CDFE92484D
:109AF0000068FBF765FA80B203900C204FF6FF7107
:109B00004FF4FC620423CDE90021029030212F2084
:109B1000039AFAF7E5FE00218848006808F0BCFEC9
:109B20000ED200200C214FF6FF724FF4FC63CDE9FA
:109B300000210290AFF2C06230215020FAF7A4FE5B
:109B400000217E48006808F0A7FF0ED800200C21F5
:109B50004FF6FF724FF4FC63CDE900210290AFF2A3
:109B6000E46230215020FAF78FFE7448006808F054
:109B70002BFE0290FBF724FA80B203900C204FF6E4
:109B8000FF714FF4FC620323CDE9002102903021E4
:109B90005720039AFAF7A4FE00200C214FF6FF721B
:109BA0004FF47843CDE900210290AFF204723021E6
:109BB0006F20FAF769FE00200C214FF6FF724FF478
:109BC0007843CDE900210290AFF2FC623C21FAF724
:109BD0005BFE5B48B0F9000000280EDA00200C2183
:109BE0004FF6FF724FF47843CDE900210290AFF2B7
:109BF00078723C211920FAF747FE5148B0F900006D
:109C000000280EDB00200C214FF6FF724FF4784342
:109C1000CDE900210290AFF29C723C211920FAF7A5
:109C200033FE4748B0F90000FBF7CAF980B2039051
:109C30000C204FF6FF714FF4FC620323CDE90021A5
:109C400002903C212320039AFAF74AFE00200C21BF
:109C50004FF6FF724FF47843CDE900210290AFF246
:109C600084723C215020FAF70FFE3648B0F900000C
:109C700000280EDA00200C214FF6FF724FF47843D3
:109C8000CDE900210290AFF610023C216920FAF7DD
:109C9000FBFD2C48B0F9000000280EDB00200C2151
:109CA0004FF6FF724FF47843CDE900210290AFF6F2
:109CB00034023C216920FAF7E7FD2248B0F90000A0
:109CC000FBF77EF980B203900C204FF6FF714FF442
:109CD000FC620323CDE9002102903C217320039A0A
:109CE000FAF7FEFD1FBD70B50646002418E004F12A
:109CF000B0000021F9F797FB00210846F9F793FB24
:109D000000211020F9F78FFB002505E001213046E6
:109D1000F9F789FB681CC5B2802DF7DB601CC4B263
:109D2000082CE4DB70BD00001C000020D4010020E2
:109D3000525F70776D3A000020000020D8010020AB
:109D400086000020880000200146002001220A71C0
:109D500000224A7102228A7141F2D7220A607047BA
:109D60000146002001220A7102224A7107228A71EB
:109D70004FF4B4620A607047F8B506460C461546C3
:109D800000276A46C221304604F01EFE0746012025
:109D900020709DF80000000928703846F8BD70B5A5
:109DA00004460D4600262946204603F046FE064698
:109DB000304670BDF8B505460C4600266A461421AB
:109DC000284604F001FE06469DF80000C0F3C300DB
:109DD00020703046F8BD70B504460D460026294671
:109DE000204603F076FE0646304670BD70B5044648
:109DF0000D4600262946204603F0CEFE0646304694
:109E000070BD70B504460D4600262946204603F075
:109E1000F4FE0646304670BD70B504460D46002679
:109E20002946204603F07EFF0646304670BD0246B6
:109E3000002092F832310B7070472DE9F041044652
:109E40000D461646002732462946204603F096F86E
:109E500007463846BDE8F08170B504460D46002639
:109E60002946204603F0ADF80646304670BD2DE980
:109E7000F84307460D469046002600200090002437
:109E80006A460121384604F09FFD06469DF80040D1
:109E9000002E36D1B8F1010F19D1052D13D2DFE80C
:109EA00005F00306090C0F0044F010040EE044F026
:109EB00028040BE044F0040408E044F0400405E00A
:109EC00044F0800402E06FF0030600BF19E0052DA6
:109ED00013D2DFE805F00306090C0F0004F0EF04CD
:109EE0000EE004F0D7040BE004F0FB0408E004F0FB
:109EF000BF0405E004F07F0402E06FF0030600BF3A
:109F000000BF9DF80000844210D02EB922460121E6
:109F1000384604F0EEFC06460EB987F830412EB9FB
:109F2000D7F8149049463846FFF796FF3046BDE80B
:109F3000F88370B506460C460025224609213046B6
:109F400004F042FD05461DB9207800F001002070A4
:109F5000284670BD70B504460D46002629462046A9
:109F600003F0C2F80646304670BDF8B506460C460A
:109F700000256A460121304604F026FD05466DB9EC
:109F80009DF8000086F830019DF8000000F0800088
:109F900010B10120207001E00020207015B9217857
:109FA00086F84C102846F8BD30B503460020062937
:109FB00003DB001F0025157003E003F128056C5C2E
:109FC000147030BD2DE9F84305460E4617464FF094
:109FD0000008C146062E2FD2DFE806F00307161A46
:109FE0001E1F6C6B4FF0000929E06A464421284689
:109FF00004F000FD8046B8F1000F02D1BDF800006A
:10A0000044024FF001091AE0EC6B4FF0000916E032
:10A010002C6C4FF0000912E000BF6A46642128460C
:10A0200004F0E8FC8046B8F1000F02D1BDF8000052
:10A0300044024FF0000902E06FF0030800BF00BFC8
:10A04000B8F1000F16D1B9F1010F12D144B905F1E1
:10A05000340050F826403C6000210C38815509E05E
:10A060003C6005F1340040F8264001210C38815550
:10A0700000E03C604046BDE8F88370B504460D46FC
:10A0800000262946204601F068FC0646304670BD91
:10A09000F8B504460E4600276A462021204604F003
:10A0A000A9FC074677B9BDF8000020B9256A3560DC
:10A0B0000021217706E0BDF80000C500356025626B
:10A0C000012121773846F8BD7CB506460C460025AF
:10A0D00001AAF821304604F08DFC05462DB96A46E8
:10A0E0000421304604F09CFC054655B9BDF8040037
:10A0F00028B1BDF804100098B0FBF1F02060216891
:10A10000B16128467CBD02460020137C0B7070476D
:10A110002DE9F04107460D46002429463846FFF751
:10A12000F2FF04462CB905F108013846FFF7CCFFD1
:10A1300004460CB9002028732CB905F110013846EB
:10A14000FFF7A6FF04462CB905F114013846FFF7C6
:10A1500094FF0446E4B9002617E04CB905F1240049
:10A1600000EB8602B1B23846FFF72CFF044300E053
:10A170000DE044B905F118008219B1B23846FFF775
:10A1800013FF044300E002E0761C062EE5DB00BF6F
:10A190002CB905F13C013846FFF7E7FE044624B927
:10A1A000291D3846FFF7D6FE04462046BDE8F0815B
:10A1B000F8B506460F460024002500BF01220B21FA
:10A1C000304604F096FB044600220B21304604F092
:10A1D00090FB04436A461321304604F0F5FB044328
:10A1E000681CC5B29DF8000000F0070018B1032DEF
:10A1F00001DA002CE2D0032D01DB6FF00B042046C6
:10A20000F8BD2DE9F0478046894617461E46DDF821
:10A2100020A00024B9F1000F02D06FF00904A0E0E3
:10A22000142F0CD1BAF1000F01D1102500E0012547
:10A230002A468421404604F05CFB044691E0152F39
:10A240005AD10122FF21404604F053FB044300226F
:10A250001146404604F04DFB04430022FF214046D6
:10A2600004F047FB044301228021404604F041FBF7
:10A27000044302228521404604F03BFB04430422B0
:10A28000FF21404604F035FB04430022CD21404627
:10A2900004F02FFB04431122CC21404604F029FB9B
:10A2A00004430722FF21404604F023FB044300221D
:10A2B000BE21404604F01DFB04430622FF21404618
:10A2C00004F017FB04430922CC21404604F011FBA3
:10A2D00004430022FF21404604F00BFB044301220B
:10A2E000FF21404604F005FB04430022114640468E
:10A2F00004F0FFFA044334E0A4B9052E0ED2DFE8DF
:10A3000006F0030507090B0000250AE0012508E017
:10A31000022506E0032504E0042502E06FF00A04AC
:10A3200000BF00BF2CB92A460A21404604F0E1FADA
:10A33000044664B9BAF1000F01D1002500E01025F0
:10A340002B46EF228421404604F015FB044614B945
:10A35000DA2000F8086024B900214046FFF728FF02
:10A3600004462046BDE8F0872DE9F04397B0054646
:10A370000024402107A805F028F800200690059049
:10A38000814600270490039000260121284602F010
:10A390004DF8044695F8137195F81461012E05DC0B
:10A3A00001D1202F02D846B90C2F06D904AA03A93F
:10A3B000284601F091FD044605E03246394628461C
:10A3C00001F0D3FE0446DFF8D0874CB995F85091E0
:10A3D000B9F1000F02D1D5F84C8101E0DFF8B88760
:10A3E00024B94146284602F0F6FE044644B900204E
:10A3F00004230246014600902846FFF702FF044668
:10A400008CB90122FF21284604F073FA044606AAFB
:10A410008421284604F0EEFA04430022FF21284656
:10A4200004F067FA044324B9BDF818000001C5F828
:10A43000D40024B907A92846FFF76AFE04464CB9A0
:10A4400005A92846FFF775FD04461CB99DF81400C0
:10A4500085F831012CB9402207A905F1100004F05C
:10A4600058FF54B905AA0121284604F0ADFA044664
:10A470001CB99DF8140085F830012CB90022114652
:10A480002846FFF7F4FC04462CB900220221284696
:10A49000FFF7EDFC044614B9032085F832012CB90E
:10A4A00002AA00212846FFF7C8FC04461CB99DF803
:10A4B0000810E82041552CB902AA01212846FFF7CF
:10A4C000BCFC04461CB99DF80810E02041552CB98D
:10A4D00001AA0321284602F0A8FA044614B9E42090
:10A4E000019941512CB901AA0421284602F09DFA94
:10A4F000044614B9DC2001994151204617B0BDE84B
:10A50000F08370B504460D46002625B1022D02D019
:10A510006FF007061DE06DB900228021204604F08F
:10A52000E8F90646AEB9022084F83201002084F82A
:10A5300033010EE000228021204604F0DAF90646BD
:10A540001EB92046FFF710FF064616B9022084F810
:10A550003301304670BDF8B504460E4600256A4604
:10A560008021204604F030FA054655B99DF80000D8
:10A57000012803D1022084F8330102E0002084F88E
:10A5800033012846F8BD70B504460D46002629461D
:10A59000204601F0BDF90646304670BD70B505464F
:10A5A0000C460026002C02DBB4F57A7F02DD6FF04A
:10A5B00003060AE0A5F85241B4F57A7F05D00022DF
:10A5C0002021284604F0ABF90646304670BD02460D
:10A5D0000020B2F852310B80704702466FF06200E3
:10A5E000704702466FF06200704770B588B004464D
:10A5F0000D4600261C2204F1500101A804F089FE3A
:10A600002A4601A9204602F078FE0646304608B0E8
:10A6100070BD2DE9F04105460C460026274604EBA7
:10A62000D770C0F347028A21284604F062F9064633
:10A630003046BDE8F0812DE9F04105460E4614464E
:10A64000002705F1280010F80680B8F1000F03D1AB
:10A650000C3040F8264026E0062E1BD2DFE806F03C
:10A6600003050D0F11126C6317E0C4F34F22442150
:10A67000284604F054F907460FE0EC630DE02C6423
:10A680000BE000BFC4F34F226421284604F047F9D1
:10A69000074602E06FF0030700BF00BF1FB905F1D6
:10A6A000340040F826403846BDE8F0812DE9F05FDF
:10A6B00004460D4616464FF00009CB460027BA4621
:10A6C000062D02DB6FF0030941E02EB94FF0000BBD
:10A6D00000274FF0010A06E004F1340050F825B0DD
:10A6E0004FF0000A0127062D2DD2DFE805F0030602
:10A6F0000E1114202820075528E0CBF34F224421C7
:10A70000204604F00CF9814620E084F82A701DE010
:10A7100084F82B701AE04FEA4A604FEA106843460B
:10A72000FE226021204604F026F981460EE04FEA21
:10A730000A704FEA10684346EF226021204604F079
:10A740001AF9814602E06FF0030900BF00BFB9F1BA
:10A75000000F09D126B9002104F12800415503E07A
:10A76000012104F1280041554846BDE8F09F70B52D
:10A7700092B0054600240123FE228921284604F0D8
:10A78000FAF804462CB900228821284604F0B1F8D2
:10A7900004460021F02041554FF47A70A5F852018B
:10A7A0004FF4C870A5F85401FC48C5F85801FC489E
:10A7B000C5F8D400296202A92846FFF7A9FC04467F
:10A7C00054B900208DF808008DF80900402202A934
:10A7D00005F1100004F09DFD642005F59A752880B0
:10A7E0004FF4617068804FF4FA70A8804FF42060D5
:10A7F000288101202877A5F59A7501228021284615
:10A8000004F077F804430122FF21284604F071F890
:10A81000044300221146284604F06BF8044301AAC1
:10A820009121284604F0D0F804439DF8040085F8EF
:10A830003A0101220021284604F05BF8044300227B
:10A84000FF21284604F055F80443002280212846C1
:10A8500004F04FF80443002609E034B9B1B20122F4
:10A860002846FFF723FF044300E002E0761C062E93
:10A87000F3DB00BF2CB9002202212846FFF716FFA8
:10A8800004462CB9002203212846FFF70FFF044697
:10A890002CB9002204212846FFF708FF04462CB9F2
:10A8A000002205212846FFF701FF044634B94FF482
:10A8B000901200212846FFF7BEFE044634B94FF43B
:10A8C000804201212846FFF7B6FE044634B94FF412
:10A8D0000C1202212846FFF7AEFE04462CB90022D6
:10A8E00003212846FFF7A7FE04465CB9FF2085F840
:10A8F0003001FF220121284603F0FBFF044601201E
:10A9000085F8320114B9002185F81511204612B0DE
:10A9100070BD10B503460020012A03D1012483F83D
:10A92000504109E00C782CB1C3F84C11002483F895
:10A93000504101E06FF0030010BD10B50346002048
:10A94000D3F84C410C6093F85041147010BD01468F
:10A950006FF06200704738B5054600240022BF2121
:10A96000284603F0C6FF044654B900BF6A46C0211A
:10A97000284604F029F804469DF800000028F5D187
:10A98000284604F063F80122BF21284603F0B1FFF6
:10A99000044654B900BF6A46C021284604F014F8A2
:10A9A00004469DF800000028F5D0284604F04EF833
:10A9B00014B9002085F83201204638BDF8B50446A8
:10A9C0000E4600276A460121204603F0FDFF074698
:10A9D00036B99DF8000000F07F000090002505E0EA
:10A9E0009DF8000040F08000009001259DF80020B7
:10A9F0000121204603F07DFF07462FB99DF8000096
:10AA000084F8300184F84C503846F8BD2DE9F04701
:10AA100004460D46002794F81C80B4F85291B8F112
:10AA2000000F01D125620EE0B9F57A7F02D1C5F39E
:10AA3000CF0600E0002632462021204603F06FFFBB
:10AA4000074607B925623846BDE8F087F8B50746DE
:10AA50000C4600256A46F821384603F0CBFF054630
:10AA600075B9BDF8000020B1BDF8000004FB00F688
:10AA700000E0264632460421384603F066FF0546CC
:10AA800005B9BC612846F8BD0246002003290BD059
:10AA900003DC39B101290BD105E0142905D01529B2
:10AAA00006D103E000BF00BF00BF00BF117402E089
:10AAB0006FF0070000BF00BF70472DE9F041074667
:10AAC0000D46002429783846FFF7DEFF044624B9F6
:10AAD0003846A968FFF7BAFF044624B93846296901
:10AAE000FFF794FF044624B938466969FFF74BFD28
:10AAF0000446002617E044B905F11800825DB1B2A2
:10AB00003846FFF7D3FD044300E00EE04CB905F1F1
:10AB1000240050F82620B1B23846FFF78CFD0443DC
:10AB200000E002E0761C062EE5DB00BF2CB995F8AC
:10AB30003C103846FFF742FF044624B9384669689E
:10AB4000FFF78AF904462046BDE8F08170B5054656
:10AB50000C46002622460921284603F0CAFE064676
:10AB60000EB985F83141304670BD02466FF0620083
:10AB7000704702466FF0620070472DE9F0410446CD
:10AB80000D461646002732462946204602F077F841
:10AB900007463846BDE8F081DC010020856B0100E6
:10ABA000A470090030B50446002000251D70052959
:10ABB00017D2DFE801F003070B0F1300C2F30015F3
:10ABC0001D7011E0C2F3C0051D700DE0C2F38005D9
:10ABD0001D7009E0C2F380151D7005E0D5091D70D8
:10ABE00002E06FF0030000BF00BF30BDF8B50646BD
:10ABF0000F4614460025002000906A460121304689
:10AC000003F0E2FE05463DB923469DF80020394693
:10AC10003046FFF7C7FF05462846F8BDF8B506469B
:10AC20000C460025002000906A460121304603F0C2
:10AC3000CBFE05463DB923469DF800200021304655
:10AC4000FFF7B0FF05463DB9A31C9DF80020012188
:10AC50003046FFF7A7FF05463DB9631C9DF800206D
:10AC600002213046FFF79EFF05463DB9E31C9DF8E3
:10AC7000002003213046FFF795FF05463DB9231D0F
:10AC80009DF8002004213046FFF78CFF054628463A
:10AC9000F8BD0246002005230B70704770B50446CE
:10ACA0000D4600262946204603F057FA0646304650
:10ACB00070BD2DE9F84F05468946164600BF0027AE
:10ACC00006EB4600C0EBC6104FF4004101EBC0009C
:10ACD0004FEA104A6A464946284601F0A6FE044655
:10ACE0002CB952464946284601F030FF0446A4B923
:10ACF000D5F8148041462846FFF7AEF8044664B103
:10AD000049462846009A01F021FF074627B94146E7
:10AD10002846FFF7A1F807463C462046BDE8F88FD5
:10AD2000F8B506460F46144600256A4639463046B1
:10AD300001F07BFE05466DB9009800020090009876
:10AD400000F5FA704FF47A71B0FBF1F020602068E2
:10AD5000000220602846F8BD2DE9F04104460D466A
:10AD60000027B4F8528115B1B8F57A7F01D00026DA
:10AD700000E0266AC6F3CF022021204603F0CFFD73
:10AD800007462FB915B90021217701E0012121776C
:10AD90003846BDE8F08110B502460020137F0B70E5
:10ADA00010BD2DE9F04104460D46164600273246F7
:10ADB0002946204601F076FA07463846BDE8F0817C
:10ADC0002DE9F04104460D46164600273246294635
:10ADD000204601F07EFA07463846BDE8F08101467C
:10ADE000002006220A8070472DE9F04104460D46F6
:10ADF0001646002732462946204603F0D8F9074672
:10AE00003846BDE8F08130B503460020062901DB55
:10AE1000001F03E003F12E056C5C147030BDF0B52B
:10AE200087B004460E4615460027062E01DB3F1F5D
:10AE300036E0062E30D2DFE806F0030710141D2698
:10AE4000D4F8400128602AE01C2204F15001684631
:10AE500004F05FFA0398286021E0D4F848012860E4
:10AE60001DE01C2204F15001684604F052FA0398D8
:10AE7000286014E01C2204F15001684604F049FAED
:10AE8000039828600BE01C2204F15001684604F08E
:10AE900040FA0398286002E06FF0030700BF00BF8C
:10AEA000384607B0F0BD2DE9F04104460D46164680
:10AEB0000027B84605B176B90421204601F0B6FA5C
:10AEC0004FF4907050F804804FF4C870A4F8540107
:10AED000C4F8588103E0A4F85451C4F858613846C6
:10AEE000BDE8F08110B503460020B3F854410C8052
:10AEF000D3F85841146010BD2DE9F8430746884641
:10AF000014461D4600266A460E21384603F072FD9F
:10AF10000646BDF800000005C008206056B96A4624
:10AF20000C21384603F066FD0646BDF8000000051A
:10AF3000C00828603046BDE8F8832DE9FC4106468C
:10AF40000F460024DA20855D012D03D0022D01D0AB
:10AF5000032D2ED16B4601AA01213046FFF7CCFF0D
:10AF600004460198B0F57F0F03D80098B0F57F0F25
:10AF70001FD9F4B92FB1F849304602F02CF9044634
:10AF800017E00422FF21304603F0B3FC0443002203
:10AF90007021304603F0ADFC04430022FF2130460F
:10AFA00003F0A7FC044300228021304603F0A1FCFB
:10AFB00004432046BDE8FC812DE9FC4106460024FF
:10AFC000012701A93046FFF79EF801228021304673
:10AFD00003F08FFC04460122FF21304603F089FC78
:10AFE000044600221146304603F083FC044696F8DE
:10AFF0003A219121304603F07CFC044601220021D5
:10B00000304603F076FC04460022FF21304603F070
:10B0100070FC044600228021304603F06AFC04469E
:10B020009DF8040020B1012823D0032843D131E04A
:10B0300001220021304603F05CFC04460097BCB9B5
:10B04000002500BF2DB16A460021304603F0BCFC4C
:10B0500004466D1C9DF800003840B84203D114B975
:10B06000B5F5FA6FEED3B5F5FA6F01D36FF00604BC
:10B0700024E024B901213046FFF75FFF0446022295
:10B080000021304603F035FC044614B9042086F84C
:10B09000320113E024B901213046FFF74EFF044688
:10B0A00004220021304603F024FC044614B9042095
:10B0B00086F8320102E06FF0070400BF00BF2046AF
:10B0C000BDE8FC8138B50546002469462846FFF7EF
:10B0D0001AF8044634B99DF8000018B92846FFF75D
:10B0E0006BFF04461CB9284601F01DF904462CB933
:10B0F0009DF8000010B9032085F83201204638BDC4
:10B1000002466FF0620070472DE9F04104460D469B
:10B1100016460027012332462946204600F0B6FE97
:10B1200007463846BDE8F08130B504466FF062004E
:10B1300030BD2DE9F04104460D4616460027324643
:10B140002946204600F0DEFA07463846BDE8F08181
:10B150002DE9F04104460D461646002732462946A1
:10B16000204600F063FB07463846BDE8F08170B525
:10B170000546002400221146284603F0BAFB044687
:10B180000122FF21284603F0B4FB044600221146A9
:10B19000284603F0AEFB044600229121284603F026
:10B1A000A8FB044601220021284603F0A2FB044626
:10B1B0000022FF21284603F09CFB044614B903201B
:10B1C00085F8320124B900212846FFF7B6FE04466F
:10B1D000204670BDF8B505460C4600266A46132188
:10B1E000284603F0F1FB06469DF8000000F007003A
:10B1F00020609DF8000000F0180008B16FF005060F
:10B200003046F8BD2DE9FC4105460C460026DA2003
:10B21000475D042F0DD169462846FFF7DBFF064640
:10B220000098042802D10120207013E00020207033
:10B2300010E001AA1421284603F0C6FB06464EB9C9
:10B240009DF8040000F0010010B10120207001E021
:10B25000002020703046BDE8FC8102466FF062009D
:10B2600070472DE9F04F93B005460C464FF00008AB
:10B270000C230AAA1421284603F020FB8046B8F1CB
:10B28000000F6BD10020A07520609DF833009DF861
:10B29000321000EB012087B2002060609DF82F0083
:10B2A0009DF82E1000EB01200004C609E6609DF811
:10B2B00031009DF8301000EB012080B20F900F9804
:10B2C000400220619DF82B009DF82A1000EB012020
:10B2D0001FFA80F9A4F814909DF828001290B5F890
:10B2E00052010D9095F831B10D98B0F57A7F2AD0C2
:10B2F0000D98784300F5FA704FF47A7190FBF1F0F5
:10B3000087B2288C80B20E90287F10901098D0B110
:10B310000E9800FB09F0A6EB202040B9BBF1000F0E
:10B3200002D042F2B82A0DE048F6E02A0AE007FB14
:10B3300006F10E9800FB09F0A6EB2020B1FBF0F01F
:10B340001FFA80FA5746BBF1000F08D0B8102081D1
:10B35000B807000EE07505E0CF02002013E027815A
:10B360000020E07511A84B463246CDE90040284642
:10B37000129902F023FA40EA0808B8F1000F02D14E
:10B380009DF844002076B8F1000F20D11C2205F171
:10B39000500103A803F0BDFF2089ADF81400E07D43
:10B3A0008DF823006089ADF8160060680490E068AD
:10B3B000069020690790A08AADF82000207E8DF8C5
:10B3C00024001C2203A905F1500003F0A2FF40460F
:10B3D00013B0BDE8F08F78B504460D460026002076
:10B3E00000906A4602212046FEF7DEFD06469DF8E3
:10B3F000000018B1D4F84801286001E06FF01D0684
:10B40000304678BD02466FF06200704770B5054661
:10B410000E46002400212846FFF736FB04461CB9DF
:10B420002846FFF74FFE044624B931462846FFF769
:10B4300018FF044624B900212846FEF7B9FE044649
:10B44000204670BD02460020012900D0001F704731
:10B450000246002001230B707047024600200123A2
:10B460000B7070472DE9F84F82460E4617469846F6
:10B47000DDF82890002539465046FEF744FE054683
:10B480004DB916B16FF0090505E06A460A2150462C
:10B4900003F09AFA0546C5B99DF8000000F00700D0
:10B4A00005280ED2DFE800F0030507090B00002491
:10B4B0000AE0012408E0022406E0032404E0042456
:10B4C00002E06FF00A0500BF00BF2DB96A46842173
:10B4D000504603F079FA05465DB99DF8000000F08A
:10B4E000100018B9002089F8000002E0012089F856
:10B4F000000025B988F80040DA2000F80A40284604
:10B50000BDE8F88F2DE9F0470746894614461D46E9
:10B510000026C4F34B4842460E21384603F0FFF99B
:10B5200006463EB9C5F34B4842460C21384603F067
:10B53000F6F906463046BDE8F087F8B505460E46F2
:10B540000024002000900122FF21284603F0D1F9B9
:10B5500004462CB96A460421284603F035FA04460D
:10B560002CB90022FF21284603F0C3F904469DF8B8
:10B57000000030609DF8000050BB01228021284669
:10B5800003F0B7F904460122FF21284603F0B1F980
:10B59000044600221146284603F0ABF9044695F80C
:10B5A0003A219121284603F0A4F904460122002102
:10B5B000284603F09EF904460022FF21284603F0A6
:10B5C00098F9044600228021284603F092F90446A7
:10B5D0002046F8BD02466FF06200704770B506461F
:10B5E0000D4600240122FF21304603F082F9044673
:10B5F0002A464021304603F092F904430022FF21FD
:10B60000304603F076F90443204670BD70B5064617
:10B610000D4600240122FF21304603F06AF904465A
:10B620002A464021304603F0E5F904430022FF2179
:10B63000304603F05EF90443204670BD2DE9F04129
:10B6400006460D460024EFB20122FF21304603F0EA
:10B6500050F904463A464221304603F04AF9044381
:10B660000022FF21304603F044F904432046BDE8A0
:10B67000F081F8B506460D4600240122FF21304630
:10B6800003F037F904466A464221304603F09CF93C
:10B6900004430022FF21304603F02BF904439DF8B8
:10B6A000000028802046F8BD2DE9F04104460D46F3
:10B6B0001646002732462946204600F056FD07462A
:10B6C0003846BDE8F0812DE9F04104460D461646A6
:10B6D000002732462946204600F0A8FD0746384696
:10B6E000BDE8F0812DE9F04104460D4616460027DD
:10B6F00032462946204600F0EFFB07463846BDE8B3
:10B70000F08100002DE9F74F8EB00D460024A346CE
:10B7100000200D900C9000260B9005B9041F24B951
:10B7200000210E98FFF718FB04462CB900220321D4
:10B730000E98FEF7BBFF0446002C2FD1A346002035
:10B740000D900C9000260B9021E004A90E98FFF7B5
:10B750005DFE044604B11DE09DF8280098B9BDF8CF
:10B76000180058441FFA80FB07990C9808440C9065
:10B77000BDF82400C11700EB11610A120D991144A4
:10B7800089B20D91761C0B98401CC0B20B900B989F
:10B790003228DADB00BF0EB96FF00504F4BB0C9859
:10B7A000B0FBF6F003904FEA0B40B0FBF6F80D98B3
:10B7B0000004B0FBF6F00290029800F500404FEA5A
:10B7C000104905F500404FEA104AB9F1000F04D0C6
:10B7D000BAF1000F01D0A84501D3002712E005F50A
:10B7E00000404FEA104A0398B0FBF9F00190B8FB13
:10B7F000FAF0C0F58030019948430190019800F5B6
:10B800000040070C1098076024B901210E98FFF73B
:10B81000A3FA044614B939460E9800E002E0FFF797
:10B82000F5F80446204611B0BDE8F08F2DE9F74F3A
:10B830008AB00E4615460024A0460027002001903D
:10B8400006B9041F24B900210A98FEF79CFE04469D
:10B850002CB902AA00210A98FFF7C8F904462CB9AE
:10B86000002211460A98FEF702FB04462CB900227A
:10B8700003210A98FEF71AFF0446FCB94FF00008AE
:10B8800000270020019012E003A90A98FFF7BEFDEF
:10B89000044604B10EE09DF8240028B9BDF8140058
:10B8A00040441FFA80F87F1C0198401C01900198C9
:10B8B0003228E9DB00BF0FB96FF00504D4B94FEAB5
:10B8C0000840B0FBF7F909F500404FEA104A06F5C9
:10B8D00000404FEA104BABEB0A004FF47A7148433B
:10B8E00028603CB929680A98416229680A98FEF7DD
:10B8F0004AFE044644B99DF8080028B101220021FF
:10B900000A98FEF7B4FA044620460DB0BDE8F08F61
:10B910002DE9F04780460C464FF00009FD4EFE4FE2
:10B920004FF4805AB44201DD344602E0BC4200DAF2
:10B930003C46002C03DBFA2094FBF0F504E0FA20EF
:10B9400094FBF0F000EB0A05AAB22821404602F071
:10B95000E6FF81464846BDE8F0872DE9F8430646F4
:10B960000C46002540F2FF774FF480586A462821A4
:10B97000304603F03FF80546BDB9BDF80000C0F3FE
:10B980000B000090BDF80000B84208DDBDF80000D3
:10B99000A0EB080000B2FA214843206005E0BDF8A2
:10B9A000000000B2FA21484320602846BDE8F88331
:10B9B000F8B5044600250721204600F037FD05466E
:10B9C00025B969462046FEF758FB05465DB9009843
:10B9D000A060E0680099461831462046FEF7D3FD86
:10B9E000054605B966622846F8BD2DE9F0470646CA
:10B9F0000F4608214FF000094FF0FF3AC3F800A0AE
:10BA0000B2FBF1FCB2FBF1FA01FB1A28604619E027
:10BA10000024355C604502D145FA08F544460DE046
:10BA200005F0010ABAF1000F06D04FF0010900FB42
:10BA3000014AC3F800A003E06D10641C8C42EFD3F0
:10BA400000BF401CB84202D2B9F1000FE0D0BDE8FF
:10BA5000F087014601208A09B04B53F8223003B920
:10BA600000207047F0B503460C4600200825B2FBC5
:10BA7000F5F1B2FBF5F705FB1726A14202D36FF0F3
:10BA8000310007E05F5C4FF0010C0CFA06FC47EA5E
:10BA90000C075F54F0BD2DE9F04F0446894615466A
:10BAA000DDF8248000200826002200218646B5FB10
:10BAB000F6F7B5FBF6FB06FB1B5A4F4501D36FF0BB
:10BAC00031004FF0000BC3F800B0002225E014F85D
:10BAD00002C000211EE00CF0010BBBF1000F16D0DC
:10BAE000D3F800B00BF1010BC3F800B0BEF1000FAA
:10BAF0000DD14FF0010B88F800B0022A05D20429BD
:10BB000003D24FF0000B88F800B04FF0010E4FEA5F
:10BB10006C0C491CB142DED9521CA7F1010B9345B4
:10BB2000D5D214F807C000210BE00CF0010BBBF1DB
:10BB3000000F05D0D3F800B00BF1010BC3F800B033
:10BB4000491C5145F1D9BDE8F08F70B505460C464A
:10BB500006232246B021284602F092FE06463046D1
:10BB600070BD70B505460C4606232246B021284616
:10BB700002F0A4FE0646304670BD2DE9FF4F85B0A9
:10BB8000884691461D46DDF850B0DDF848A00026F5
:10BB9000CDF80CB05F46002004901FE003AB3A469E
:10BBA00051464846FFF721FF0398401C10B96FF03B
:10BBB000310617E0039A13998818FFF74AFF4045AA
:10BBC00002D06FF031060DE0039F3A4651462846F9
:10BBD000FFF748FF7F1C0498401C049015990498B7
:10BBE0008842DBD300BF1698076026B9294605981E
:10BBF000FFF7ABFF064696B901A90598FFF7B1FF1D
:10BC00000646002408E0285D01A9095D884202D0AB
:10BC10006FF0310602E0641C5445F4D300BF304697
:10BC200009B0BDE8F08FF0B587B005460E46002498
:10BC3000002795F830712CB9C0220121284602F066
:10BC400058FE044624B969462846FFF7DFFB044640
:10BC50002CB90122FF21284602F04BFE04462CB9E4
:10BC60003246B621284602F0C5FE04462CB9002211
:10BC7000FF21284602F03DFE044644B93A46012120
:10BC8000284602F036FE04460CB985F8307120468D
:10BC900007B0F0BD2DE9F84F80460D4691469A4613
:10BCA000DDE90BB60D9F0024002000900122FF214A
:10BCB000404602F01EFE044300221146404602F0B8
:10BCC00018FE04430022FF21404602F012FE044306
:10BCD00075B12EB1CB2140460A9A02F075FE04439D
:10BCE000AFB16A46EE21404602F06EFE04430EE01C
:10BCF0002EB14A46CB21404602F0FBFD044337B14A
:10BD000053468022EE21404602F035FE04430122D4
:10BD1000FF2105E018CC07000030F8FF8804002060
:10BD2000404602F0E6FD044301220021404602F0B5
:10BD3000E0FD04430022FF21404602F0DAFD044307
:10BD40009DF8000000F0EF008BF800002046BDE8F1
:10BD5000F88F70B506460D46002434B945F001024F
:10BD60000021304602F0C5FD04461CB9304600F003
:10BD7000DAFA044624B900213046FEF719FA0446DF
:10BD80002CB900221146304602F0B3FD044620468D
:10BD900070BD2DE9F04F85B005460E4690461F4612
:10BDA0000024A146A246A3460FB195F83091022285
:10BDB0000121284602F09DFD044624B900212846B1
:10BDC000FFF7C7FF04468CB9B8F1010F0ED101206F
:10BDD000002104AA5B46CDE90026CDE902105246B7
:10BDE00001462846FFF756FF044601E00020307068
:10BDF0004CB947B14A460121284602F07AFD044673
:10BE00000CB985F83091204605B0BDE8F08F2DE9DA
:10BE1000F04F85B005460E4690461F460024A146C9
:10BE2000A246A346002004900FB195F8309101225C
:10BE30001146284602F05DFD044624B940212846FB
:10BE4000FFF787FF044684B9B8F1010F0DD1002038
:10BE5000012104AA5B46CDE90062CDE902105246F9
:10BE60002846FFF717FF044601E0002030704CB968
:10BE700047B14A460121284602F03BFD04460CB971
:10BE800085F83091204605B0BDE8F08F2DE9F047E8
:10BE90000546894616461F460024A04695F830817F
:10BEA00000233A4649462846FFF7B1FF044634B915
:10BEB00000233A4631462846FFF76BFF044644B953
:10BEC00042460121284602F014FD04460CB985F8CB
:10BED00030812046BDE8F0872DE9F74F94B0044645
:10BEE00000254FF0B40B032011902C201090002659
:10BEF00000200F900E904FF42067804681464FF04F
:10BF0000060A0C900B900A900990089007900690F2
:10BF1000B4F83C7100BF06E0002104F5927000F80F
:10BF2000091009F10109D145F6D30122FF2120466C
:10BF300002F0DFFC05462DB900224F21204602F019
:10BF4000D8FC05462DB92C224E21204602F0D1FC0A
:10BF500005462DB90022FF21204602F0CAFC054605
:10BF60002DB95A46B621204602F0C3FC05462DB92C
:10BF700000228021204602F0BCFC054635B9002392
:10BF800008AA09A92046FFF781FF05468DB90026BA
:10BF90000F96B0460FA91198CDE900ABCDE902602C
:10BFA0000491414604F592739A1D2046FFF7E5FD82
:10BFB0000546002D44D10F9E0DA92046FFF733FE04
:10BFC0000546002D3AD1BDF83400B84236DDA94609
:10BFD00006E0002104F5927000F8091009F101094A
:10BFE000D145F6D300E0761C0BEB0600FFF731FDE0
:10BFF00010B910988642F6D34FF001080FA9119896
:10C00000CDE900ABCDE902600491414604F592739D
:10C010009A1D2046FFF7B1FD05468DB90F9E0DA96B
:10C020002046FFF700FE054655B9BDF83400B8427A
:10C0300006DD012006901198079001E04FF00008FE
:10C04000002D7CD1BDF83400B84278DA08F0FF004A
:10C05000069011980790524604F5927112A803F0C9
:10C0600058F9BDF83410C81B002801DB014600E078
:10C0700041420B9100200A905DE00EAB32465146E2
:10C0800004F59570FFF7B1FC0E98401C10B96FF0E5
:10C09000310553E00E990BEB0100FFF7DAFC404548
:10C0A00002D001200A9049E00798401C07900E9E9C
:10C0B0003246514604F59270FFF7D4FC054635B977
:10C0C000761C04F592712046FFF73FFD054605B149
:10C0D00034E00DA92046FFF7A6FD054605B12DE089
:10C0E000BDF83410C81B002801DB014600E04142C6
:10C0F0000C91BDF83400B84215DDDDE90B10884223
:10C100000DD912A92046FFF720FD0546524612A977
:10C1100004F5927003F0FDF80798401E0790012087
:10C120000A9008E00BE00C980B90524604F59271CF
:10C1300012A803F0EEF80A9800289ED000BF85B937
:10C14000159907980860169906980870012184F8D7
:10C1500015111598017884F813111698017884F850
:10C160001411284617B0BDE8F08F2DE9F04F87B0C5
:10C17000044689461646002500274FF0B40A4FF0C2
:10C18000060B2C2006900122FF21204602F0B1FB75
:10C1900005462DB900224F21204602F0AAFB054694
:10C1A0002DB92C224E21204602F0A3FB05462DB9C5
:10C1B0000022FF21204602F09CFB05462DB9524685
:10C1C000B621204602F095FB05464FF0000806E038
:10C1D000002104F5927000F8081008F10108D84514
:10C1E000F6D34EB100E07F1C0AEB0700FFF731FCED
:10C1F00010B906988742F6D305A804F592739A1DE4
:10C200003146CDE900BACDE9027904902046FFF726
:10C21000B4FC054635B9012184F8151184F8139151
:10C2200084F81461284607B0BDE8F08F2DE9F04787
:10C2300086B004460D46164600274FF02C094FF0F5
:10C24000060A0020029094F81581B8F1010F06D17A
:10C2500094F81301286094F8140130701EE004A9CA
:10C260002046FFF77EFC0746C7B902A803AB4A4643
:10C270005146009004A8FFF70EFC074677B90398D3
:10C2800028609DF808003070012184F8151103988A
:10C2900084F813019DF8081084F81411384606B08C
:10C2A000BDE8F087F0B587B006460C461546002776
:10C2B000012005AA06ABCDE90120009303902B468F
:10C2C000224600213046FFF7E5FC0746384607B016
:10C2D000F0BD2DE9FF4706460C4615460027B84637
:10C2E000B9460120CDE901504B4642460146009433
:10C2F00003903046FFF7CEFC0746384604B0BDE851
:10C30000F0870000F0B502460B4600205E080021D1
:10C3100006E05F1A7C1E555C175D57541555491C85
:10C32000B142F6D3F0BDF8B50646002400200090D7
:10C33000002500BF69463046FEF764FF044604B19D
:10C340000FE09DF80000012800D10AE06D1CB5F552
:10C35000FA6F02D36FF0060403E0304602F076FB7A
:10C36000E8E700BF2046F8BD014600204A1C5206FF
:10C37000100E7047014600200122C2EB6102D0B2CC
:10C380007047024600204FF0804100E0890891424A
:10C39000FCD809E04318934204D84318D21A01EBA1
:10C3A000500000E0400889080029F3D1704770B5BB
:10C3B00005460C460026B5F5803F02D2B4F5803F15
:10C3C00002D34FF6FF7606E005FB05F104FB0410EF
:10C3D000FFF7D7FF0646304670BDF8B50646002485
:10C3E00000228321304602F084FA0443B4B90025C8
:10C3F00000BF6A468321304602F0E6FA04469DF803
:10C40000000000B904B103E06D1CB5F5FA6FF0D37C
:10C4100000BFB5F5FA6F01D36FF006040122832146
:10C42000304602F066FA04432046F8BD2DE9F04F8D
:10C4300093B005460F46002400200E900D900C90FE
:10C440000B90824683464FF4C8500A904FF0000983
:10C45000002009900290F020465D072E7ED0012238
:10C460008021284602F045FA04430122FF21284694
:10C4700002F03FFA044300221146284602F039FA3E
:10C4800004430622FF21284602F033FA044312AA8D
:10C490008321284602F098FA04439DF8480040F0B2
:10C4A00004028321284602F024FA04430722FF21D4
:10C4B000284602F01EFA044301228121284602F098
:10C4C00018FA0443284602F0C1FA044301228021ED
:10C4D000284602F00EFA044307F00100002855D068
:10C4E00006F00100002851D16B229421284602F069
:10C4F00000FA04432846FFF770FF044311AA902175
:10C50000284602F08DFA04431198C0F306200E90DD
:10C510001198C0F3C0300D9024229421284602F0D7
:10C52000E8F904432846FFF758FF044311AA902175
:10C53000284602F075FA04431198000E8DF80000A9
:10C540001198000C8DF801001198000A8DF8020076
:10C550001198C0B28DF80300252200E0A4E19421D7
:10C56000284602F0C6F904432846FFF736FF044385
:10C5700011AA9021284602F053FA04431198000EA4
:10C580008DF804001198000C8DF8050007F00200EA
:10C5900002287DD106F002000028FAD1022294215F
:10C5A000284602F0A6F904432846FFF716FF044385
:10C5B00010AA9021284602F007FA04437B22942116
:10C5C000284602F096F904432846FFF706FF044385
:10C5D0000FAA9021284602F0F7F90443772294210C
:10C5E000284602F086F904432846FFF7F6FE044386
:10C5F00011AA9021284602F013FA04437F211198D2
:10C6000001EA50608DF810001198C0F386408DF853
:10C6100011001198C0F3C6208DF812001198C0F3D4
:10C6200006108DF8130011980007400E1290782222
:10C630009421284602F05DF904432846FFF7CDFE19
:10C64000044311AA9021284602F0EAF904437F210D
:10C65000119801EA50709DF848100844C0B28DF856
:10C6600014001198C0F386508DF815001198C0F38E
:10C67000C6308DF816001198C0F306208DF817000B
:10C680001198C0F346008DF818001198C00700E01B
:10C690005FE0400E129079229421284602F029F999
:10C6A00004432846FFF799FE044311AA9021284627
:10C6B00002F0B6F904437F21119801EA90609DF8D9
:10C6C00048100844C0B28DF819001198C0F3C64054
:10C6D0008DF81A001198C0F306308DF81B001198E0
:10C6E000C0F346108DF81C001198C006400E129041
:10C6F0007A229421284602F0FCF804432846FFF7EA
:10C700006CFE044311AA9021284602F089F90443E3
:10C710007F21119801EA90709DF848100844C0B23A
:10C720008DF81D001198C0F3C6508DF81E001198A9
:10C73000C0F306408DF81F001198C0F346208DF815
:10C7400020001198C0F386008DF8210000208DF89C
:10C75000220007F00400042873D106F0040000282A
:10C760006FD17B229421284602F0C3F80443284667
:10C77000FFF733FE04430CAA9021284602F050F93B
:10C7800004437C229421284602F0B3F8044328464F
:10C79000FFF723FE04430BAA9021284602F040F93C
:10C7A000044373229421284602F0A3F80443284648
:10C7B000FFF713FE044311AA9021284602F030F936
:10C7C000044311980006000C099074229421284615
:10C7D00002F08FF804432846FFF7FFFD044311AA37
:10C7E0009021284602F01CF904431199099840EA67
:10C7F0001160099075229421284602F07AF80443CA
:10C800002846FFF7EAFD044311AA9021284602F0CA
:10C8100007F90443119800064FEA10497622942143
:10C82000284602F066F804432846FFF7D6FD044385
:10C8300011AA9021284602F0F3F80443119849EA1E
:10C84000106900228121284602F053F80443062291
:10C85000FF21284602F04DF8044312AA83212846FE
:10C8600002F0B2F804439DF8480000F0FB02832177
:10C87000284602F03EF804430122FF21284602F038
:10C8800038F8044301220021284602F032F804431C
:10C890000022FF21284602F02CF8044300228021C8
:10C8A000284602F026F80443002C60D1072E5ED003
:10C8B00007F00100A8B106F0010090B90E9885F8C4
:10C8C00013010D9885F81401A04607E01DF8081023
:10C8D00005F5957000F8081008F10108B8F1060F89
:10C8E000F4DB07F00200022811D106F0020070B953
:10C8F0009DF84010F12041559DF83C10F220415523
:10C9000005F1F300039004A9039802F0BFFC07F0BF
:10C910000400042824D106F0040008BB4FF48C70F6
:10C920000C994151001D0B99415109984002029008
:10C930004FF49071029848514FF0000BB9F1000F7D
:10C940000CD00A98A9EB000A4FF47A700AFB00F0A9
:10C950004FEA101BCBF100000FFA80FBC5F80CB0BA
:10C9600046EA070012909DF84810F02041552046F5
:10C9700013B0BDE8F08FE0B5064640F277634FF4A0
:10C98000106202FB01F5A5FB0307E0BD10B50146EF
:10C9900000200022002361B14A1E02E052085C1C04
:10C9A000A3B222F0FF04002CF8D1144663F31F2435
:10C9B000A0B210BD01460020CAB20B0A9A40501C1A
:10C9C00070472DE9F04307460C46154600BF29463F
:10C9D0003846FFF7D0FF814609F5FA704FF47A71B7
:10C9E000B0FBF1F60846604300EB5600B0FBF6F8EA
:10C9F0004046BDE8F0832DE9F04306460C46154657
:10CA0000002729463046FFF7B6FF804608F5FA7042
:10CA10004FF47A71B0FBF1F904FB09F000F5FA70FC
:10CA2000B0FBF1F73846BDE8F0832DE9F04F87B051
:10CA300082460D4617460024002005908346049048
:10CA400081461DB1012D01D0022D1AD106AA002167
:10CA50005046FDF7F2F904462CB905AA4621504686
:10CA600001F0B2FF04469DF81400FFF7A3FF1FFA80
:10CA700080F89DF8182041465046FFF7BCFF8346DA
:10CA80005EE0032D21D106AA00215046FDF7D5F91D
:10CA90000446002C54D106AA00215046FDF7CDF9DA
:10CAA00004462CB904AA5121504601F0A3FF0446C4
:10CAB000BDF81000FFF77EFF86B29DF818203146C2
:10CAC0005046FFF798FF83463AE0042D38D101A97C
:10CAD0005046FEF7A3F800269DF8070088B106AA85
:10CAE00000215046FDF7A9F9044654B904AA512182
:10CAF000504601F07FFF0446BDF81000FFF75AFFD3
:10CB000086B22CB906AA01215046FDF796F90446D3
:10CB10005CB903AA7121504601F06CFF0446BDF8D0
:10CB20000C00FFF747FF1FFA80F9A9EB06001FFA78
:10CB300080F99DF8182049465046FFF75CFF834670
:10CB4000C7F800B0204607B0BDE8F08F2DE9F04FE0
:10CB500085B006460D46174600241DB1012D01D0B3
:10CB6000022D23D104AA00213046FDF766F90446C0
:10CB70009CB99DF8102039463046FFF722FF1FFA76
:10CB800080FABAF5807F02DD4FF0FF0803E0AAF1DA
:10CB9000010000F0FF08A6F8D880002C6BD14246B7
:10CBA0004621304601F0A5FE044664E0032D23D162
:10CBB000ACB904AA00213046FDF73FF904469DF8C0
:10CBC000102039463046FFF7FCFE1FFA80F9484630
:10CBD000FFF7DCFE0390BDF80C10D820815334B968
:10CBE000BDF80C205121304601F099FE0446002C7E
:10CBF00041D1E42087513EE0042D3AD169463046C8
:10CC0000FEF70CF84FF000099DF8030090B104AA5C
:10CC100000213046FDF711F904465CB903AA512101
:10CC2000304601F0E7FE0446BDF80C00FFF7C2FEF7
:10CC30001FFA80F92CB904AA01213046FDF7FDF84E
:10CC40000446C4B99DF8102039463046FFF7B9FEB6
:10CC50008346CB445846FFF799FE02902CB97121C8
:10CC60003046029A01F05BFE044624B9DC2087516D
:10CC700001E06FF00304204605B0BDE8F08F2DE918
:10CC8000F04F87B007460E46154600244FF00C09BA
:10CC90004FF0120A4FF0080B0E2005900020019073
:10CCA000284605EBD0714910A5EB410109B1241FBD
:10CCB00010E036B94D4501DB554502DD6FF0030448
:10CCC00008E0012E06D15D4502DB0598854201DDB5
:10CCD0006FF003041CB1204607B0BDE8F08FDEBB47
:10CCE0000C2D0CD118225721384601F002FE0446C3
:10CCF00008225621384601F0FCFD0446E2E00E2DE4
:10CD00000CD130225721384601F0F3FD04460822A9
:10CD10005621384601F0EDFD0446D3E0102D0CD12C
:10CD200040225721384601F0E4FD044608225621EE
:10CD3000384601F0DEFD0446C4E0122DDED150225B
:10CD40005721384601F0D5FD0446082256213846C1
:10CD500001F0CFFD0446B5E0FFE7012ECED1082D4E
:10CD60002AD110224821384601F0C3FD044608228A
:10CD70004721384601F0BDFD0446022232213846E3
:10CD800001F0B7FD04430C223021384601F0B1FD1B
:10CD900004430122FF21384601F0ABFD0443302259
:10CDA0001146384601F0A5FD04430022FF21384614
:10CDB00001F09FFD044385E00A2D2AD12822482155
:10CDC000384601F096FD044608224721384601F016
:10CDD00090FD044603223221384601F08AFD0443C7
:10CDE00009223021384601F084FD04430122FF214D
:10CDF000384601F07EFD044320223021384601F000
:10CE000078FD04430022FF21384601F072FD0443FF
:10CE100058E00C2D2AD138224821384601F069FD0E
:10CE2000044608224721384601F063FD04460322E8
:10CE30003221384601F05DFD044308223021384696
:10CE400001F057FD04430122FF21384601F051FD56
:10CE5000044320223021384601F04BFD04430022D8
:10CE6000FF21384601F045FD04432BE00E2D29D16A
:10CE700048221146384601F03CFD0446082247216D
:10CE8000384601F036FD044603223221384601F0CF
:10CE900030FD044307223021384601F02AFD0443C7
:10CEA0000122FF21384601F024FD044320223021D5
:10CEB000384601F01EFD04430022FF21384601F0F0
:10CEC00018FD0443002C47D12846FFF753FA06907B
:10CED00016B1012E3CD124E003AA03213846FFF706
:10CEE000A4FD04462CB902AA02213846FFF79DFD95
:10CEF00004462CB950213846069A01F0FAFC044643
:10CF00002CB903213846039AFFF720FE04462CB9BA
:10CF100002213846029AFFF719FE0446E820C5555B
:10CF200019E004AA04213846FFF77FFD04462CB916
:10CF300070213846069A01F0DCFC04462CB9042125
:10CF40003846049AFFF702FE0446E020C55502E089
:10CF50006FF0030400BF00BF34B9D7F81480414616
:10CF60003846FCF779FF044634B90123002201A9B1
:10CF70003846FEF70EFF04462046ADE6F8B50746F4
:10CF80000C461546002614B1012C0ED106E06A4667
:10CF90005021384601F018FD064609E06A46702126
:10CFA000384601F011FD064602E06FF0030600BFAF
:10CFB00000BF26B99DF80000FFF7D6F9287030466B
:10CFC000F8BD2DE9F04F89B080460F4600264FF49A
:10CFD000FA60069040F276794FF4707A4FF4257B30
:10CFE00040F24E20059040F2B22004905846039043
:10CFF00040F2262002900020019044F6206000902C
:10D0000000250098874204D22E1F304609B0BDE8A3
:10D01000F08F09EB0A003C1A07A94046FDF7FEFD18
:10D020000646002E3BD19DF81C0030B99DF81D002E
:10D0300018B99DF81E00002831D006AA02214046EA
:10D04000FFF7F3FC06460EB13046DFE79DF81C0003
:10D0500040B1DDE905010D18A54201D2641B01E0D4
:10D060006FF003060EB13046D0E79DF81E0050B1B8
:10D070000699049808444500A54201D2641B0EE0BD
:10D080006FF003060BE09DF81D0040B1069800EB21
:10D090000B05A54201D2641B01E06FF003060EB13F
:10D0A0003046B3E79DF81F0070B101AA0321404646
:10D0B000FFF7BBFC0646019903980D18A54201D263
:10D0C000641B01E06FF0030666B99DF8200048B1CB
:10D0D0000298241A224604214046FFF737FD0646EF
:10D0E000C8F81470304691E72DE9F04F87B0064636
:10D0F0000C4600254FF4FA60039040F276774FF427
:10D1000070784FF4257940F24E2A40F2B22B48460F
:10D11000029040F2262001900020009007EB0800CA
:10D12000206005A93046FDF779FD05461DB128466A
:10D1300007B0BDE8F08F9DF8140028B99DF81500E0
:10D1400010B99DF8160008B303AA02213046FFF774
:10D150006CFC0546D5B99DF8140020B120680399F0
:10D160005144084420609DF8160038B120680399A6
:10D170005944022202FB0100206007E09DF81500DF
:10D1800020B12068039949440844206075B99DF88E
:10D19000170058B16A4603213046FFF746FC0546A2
:10D1A0002168009A029810440844206075B99DF8DF
:10D1B000180058B104AA04213046FFF736FC054692
:10D1C0002168049A01981044084420600DB9216830
:10D1D00071612846ACE72DE9FF5F06460D46002049
:10D1E0000390002463E02F5D641CFF2F44D1285D71
:10D1F0000290641C029830B1012811D002281CD082
:10D20000032834D126E015F80480641C15F8049036
:10D21000641C09EB08201FFA80FAA6F834A12AE062
:10D2200015F80480641C15F80490641C09EB0820B0
:10D230001FFA80FAA6F836A11DE015F80480641CD8
:10D2400015F80490641C09EB08201FFA80FAA6F870
:10D2500038A110E015F80480641C15F80490641CD3
:10D2600009EB08201FFA80FAA6F83CA103E06FF052
:10D270000300039000BF1AE0042F15DC285D019025
:10D28000641C4FF0000B05E0285D0DF80B00641CDA
:10D290000BF1010BBB45F7DB3B466A463046019973
:10D2A00001F0EEFA039002E06FF003000390285DB6
:10D2B00010B10398002896D0039804B0BDE8F09F01
:10D2C0002DE9F84305460E4614460027002020604D
:10D2D00069462846FDF75FFD07465FB99DF80000E7
:10D2E00040B1D5F82080B08A00FB08F909F1800030
:10D2F000000A20603846BDE8F883F8B507460D46B9
:10D3000014460026E86820606A4629463846FFF73A
:10D31000D7FF06461EB920680099084420603046B1
:10D32000F8BD2DE9FF4F90B01746DDF87880122048
:10D330000F904FF480400E9042200D9006200C90EC
:10D3400007200B90002000901098B0F854010A902C
:10D350001098D0F858010990DDE9091000FB01FA96
:10D360000AF180004FEA102A0A980AFB00FA002509
:10D370006FB1119880020190019800EB5705B5FB41
:10D38000F7F505EB45056D4305F50040050C1D99C6
:10D39000139848430890089800F50040000C089046
:10D3A00008984043089008F50040000C029002984D
:10D3B000C01C0621B0FBF1F002900298C0EBC00047
:10D3C00002900298B0F5803F02D3F84807900DE034
:10D3D00008F103000621B0FBF1F8C8EBC80808F516
:10D3E0000040000C079007984043079040F2271038
:10D3F000059005984043059041F20410049004986C
:10D40000083000090490DDE90410401A05900598E1
:10D4100000EB400000010690069800F50050800BDC
:10D420000690DDE9071044181F9804EB50041F987C
:10D43000B4FBF0F4A403069804EB50040698B4FB84
:10D44000F0F46C4304F5FA704FF47A71B0FBF1F428
:10D45000240104F5FA70B0FBF1F44FF04009B9F182
:10D46000000F05D00AEB5900B0FBF9F0039001E082
:10D47000002003900398FEF784FF834624B10AEB53
:10D480005400B0FBF4F600E000263046FEF779FFCA
:10D4900006462098C0F800B0B34501D92098066030
:10D4A000009814B0BDE8F08F2DE9FF4FABB00546F2
:10D4B00088464FF448702A904FF4167029904FF424
:10D4C000C810289041F25C202790B94826904FF46C
:10D4D00070402590B7482490B74823904FF40040FF
:10D4E00022904FF44810219040F27760209000BFC6
:10D4F000286A15904FF47A71D8F810004843000C50
:10D500001690D8F80C000C900DAA41462846FFF75B
:10D51000F4FE15AA41462846FFF7D2FE13904FF4B9
:10D520007A710D9800FB01F707F50040070C15987C
:10D53000484314901498B0F5481F02D94FF448108E
:10D5400014901398002849D1DC2040591E90E02007
:10D55000405D06902846069A1E99FFF732FA099018
:10D56000E42040591D90E820405D05902846059A2A
:10D570001D99FFF726FA089003200A9006980828BC
:10D5800001D102200A900A98C002DDE90812114474
:10D5900048430790079800F5FA704FF47A71B0FB92
:10D5A000F1F0079040F27761079848430790079899
:10D5B00000F5FA704FF47A71B0FBF1F007900D9816
:10D5C0008030000A0D9007990D9848431F901F98CE
:10D5D0008030000A1F900D9800020D90139818B12A
:10D5E00013982FB0BDE8F08F4FB971492D980160A5
:10D5F0000846C5F8400100212E980160D4E01F982C
:10D6000008B901201F904FF448701B901698000431
:10D61000B0FBF7F66748864200D906464FF416700D
:10D6200046431F9901EB41018800FEF7AAFE400026
:10D630001A90B8F8080060494843199014984000BF
:10D64000C0EB074000F5FA704FF47A71B0FBF1F0CF
:10D650001290481000EB0740B0FBF1F111911298C5
:10D6600000021290DDE91112B2FBF1F0002801DB9B
:10D67000014600E04142179117980002179098F870
:10D68000180010B14FF4803410E041F25C21199879
:10D69000B0FBF1F41798C0F58030444304F5004026
:10D6A000040C04F5803464086443A40B1B9804FB49
:10D6B00000FA0AF500404FEA104A0AFB0AFAB3469C
:10D6C0000BF500404FEA104B0BFB0BFB0AEB0B007A
:10D6D00010901098FEF755FE0F900F9800040F90D1
:10D6E0000F9832306421B0FBF1F11A98B1FBF0F9D8
:10D6F00040F6B53009FB00F941F288308144400022
:10D70000B9FBF0F9B9F5704F01D94FF47049DDE973
:10D710001D10084400F5FA704FF47A71B0FBF1F077
:10D720001C904FF4C8111C9801EB5001B1FBF0F0B4
:10D730000490FEF726FE0B900B9800020B900B98BE
:10D7400000F5FA704FF47A71B0FBF1F00B9009FB21
:10D7500009FA0B9800FB00FB0AEB0B00FEF711FE29
:10D760000E904FF47A710E98484318902FB11F987D
:10D7700018B10F491898884201D90D4818902D9971
:10D78000189808602D980068C5F84001079A1B9901
:10D790002E982346CDE90162009103902846DDE9E9
:10D7A0000C21FFF7BEFD139013981AE70000F0FF5D
:10D7B000AE878F02666666009A9906002DE9FF4FD4
:10D7C0008FB007469946DDE91CA6002500200E9083
:10D7D0000D900C900B900A900990089000240290F4
:10D7E00001901098C0F3C3045CB1052C09D0072C3C
:10D7F00007D00C2C05D00D2C03D00E2C01D00F2CF3
:10D8000002D14FF0010B01E04FF0000B2DB90BAA34
:10D8100000213846FCF7C8FB05469DF82C00D0B126
:10D82000CDB901AB07AA51463846FFF73DFE054684
:10D8300015B90198AAF80A006DB906AA0021384660
:10D84000FCF7C0FB0546069828B1DDE906108842C2
:10D8500001D901200E902DB909AA02213846FCF702
:10D86000A3FB05469DF8240050B34DBB05AA022139
:10D870003846FCF7A7FB05462DB90122FF213846A3
:10D8800001F037F805462DB902AAB621384601F055
:10D89000B1F805462DB90022FF21384601F029F8DC
:10D8A0000546BDF80800400200900098C7F84801FE
:10D8B000059828B105990098884201D901200D905A
:10D8C0002DB908AA03213846FCF76EFB05469DF8E2
:10D8D0002000C8B1C5B9B9F1000F02D100200390F2
:10D8E00004E011980002B0FBF9F0039004AA0321B0
:10D8F0003846FCF767FB0546049828B1DDE90301CB
:10D90000884201D201200C9035BBBBF1010F02D13E
:10D91000FF20307028E0012C03D0022C01D0032C12
:10D9200002D1052030701FE0062C01D0092C02D155
:10D930000420307018E0082C04D00A2C02D00D9876
:10D94000012802D1032030700EE0042C02D00C9884
:10D95000012802D10220307006E00E98012801D182
:10D96000307001E000203070307810B90020AAF843
:10D970000A000AAA01213846FCF716FB054675BBCA
:10D980009DF82C0010B10E98012802D14FF001082B
:10D9900001E04FF0000887F82E80042C02D09DF89B
:10D9A000280010B94FF0010801E04FF0000887F897
:10D9B0002F809DF8240010B10D98012802D14FF05E
:10D9C000010801E04FF0000887F830809DF8200042
:10D9D00010B10C98012803D14FF0010802E003E0D8
:10D9E0004FF0000887F83180284613B0BDE8F08F6B
:10D9F0002DE9F04704460D46164600270221204631
:10DA0000FEF714FD0746AFB994F8F180B8F1000FA6
:10DA100006D100202870D0A0007886F8400009E0E8
:10DA2000F220005D287004F1F309494606F1400038
:10DA300001F02CFC3846BDE8F0877CB506460C4664
:10DA40000025224669463046FFF7D2FF0546002DE5
:10DA500026D19DF8000020B9C0A1204601F016FC97
:10DA600019E09DF80000222808DC9DF8000020281D
:10DA700004D0BDA1204601F009FC0CE09DF8000097
:10DA8000272804DABBA1204601F000FC03E0BCA17A
:10DA9000204601F0FBFBC0A104F1200001F0F6FBE1
:10DAA00035B904F16002C021304600F08DFF054613
:10DAB0006DB901AAC221304600F086FF054601205B
:10DAC00084F861009DF80400000984F8620028468B
:10DAD0007CBD70B504460D4600260F2C54D2DFE8FD
:10DAE00004F0080D12171C21262B30353A3F44490B
:10DAF0004E00ABA1284601F0C9FB4AE0ABA1284685
:10DB000001F0C4FB45E0B1A1284601F0BFFB40E0B5
:10DB1000B5A1284601F0BAFB3BE0B8A1284601F0C8
:10DB2000B5FB36E0BBA1284601F0B0FB31E0BDA15A
:10DB3000284601F0ABFB2CE0C0A1284601F0A6FB73
:10DB400027E0C5A1284601F0A1FB22E0C5A1284697
:10DB500001F09CFB1DE0C9A1284601F097FB18E0ED
:10DB6000CAA1284601F092FB13E0CCA1284601F09F
:10DB70008DFB0EE0D0A1284601F088FB09E0D5A17D
:10DB8000284601F083FB04E0DAA1284601F07EFB81
:10DB900000BF00BF304670BD70B504460D4600267C
:10DBA000062C22D2DFE804F003080D12171CD6A1C0
:10DBB000284601F06BFB1DE0D7A1284601F066FB6B
:10DBC00018E0D9A1284601F061FB13E0DAA128464C
:10DBD00001F05CFB0EE0DCA1284601F057FB09E0F8
:10DBE000DDA1284601F052FB04E0DFA1284601F048
:10DBF0004DFB00BF00BF304670BD70B504460D46FA
:10DC00000026204614F1080F54D01DDC10F1140F2B
:10DC100064D00CDC10F1630F77D010F1320F6FD0AD
:10DC200010F1280F64D010F11E0F73D15BE010F1DA
:10DC30000C0F30D010F10B0F4BD010F10A0F43D066
:10DC400010F1090F66D13AE0C01D082862D2DFE862
:10DC500000F02C271D18130E0904C7A1284601F057
:10DC600015FB5CE0C7A1284601F010FB57E0CCA1F2
:10DC7000284601F00BFB52E0CEA1284601F006FB3E
:10DC80004DE0D0A1284601F001FB48E0D4A1284690
:10DC900001F0FCFA43E0D7A1284601F0F7FA3EE094
:10DCA000DAA1284601F0F2FA39E0DBA1284601F0BA
:10DCB000EDFA34E0DCA1284601F0E8FA2FE0E1A11A
:10DCC000284601F0E3FA2AE0E3A1284601F0DEFA53
:10DCD00025E0E6A1284601F0D9FA20E0EAA128468D
:10DCE00001F0D4FA1BE0EEA1284601F0CFFA16E0CD
:10DCF000F1A1284601F0CAFA11E006E000E009E0CF
:10DD0000F3A1284601F0C2FA09E0F8A1284601F083
:10DD1000BDFA04E077A1284601F0B8FA00BF00BFC1
:10DD2000304670BD70B504460D460026032C0ED05B
:10DD300005DC5CB1012C0BD0022C0AD1ECE1042CE7
:10DD400008D0622C07D0632C03D1F9E1DAE1E8E1D5
:10DD5000DDE1FAE1EAE1EEE100000000564C353386
:10DD60004C30582054533000564C35334C305820EA
:10DD700054533100564C35334C30582054533200F4
:10DD8000564C35334C305820455331206F72206C3F
:10DD90006174657200000000564C35334C305800F9
:10DDA0004E6F205570646174650000005643534502
:10DDB0004C20436F6E74696E756974792054657375
:10DDC00074204661696C75726500000056435345C6
:10DDD0004C205761746368646F67205465737420C6
:10DDE0004661696C757265004E6F20564856205624
:10DDF000616C756520666F756E6400004D5352430B
:10DE0000204E6F20546172676574204572726F7284
:10DE100000000000534E5220436865636B20457834
:10DE20006974000052616E676520506861736520F7
:10DE3000436865636B204572726F72005369676D4A
:10DE400061205468726573686F6C64204368656311
:10DE50006B204572726F7200544343204572726F9B
:10DE600072000000506861736520436F6E736973C0
:10DE700074656E6379204572726F72004D696E2011
:10DE8000436C6970204572726F72000052616E6758
:10DE90006520436F6D706C657465000052616E673C
:10DEA0006520416C676F20556E646572666C6F7794
:10DEB000204572726F72000052616E676520416C7E
:10DEC000676F204F7665726C6F77204572726F7244
:10DED0000000000052616E67652049676E6F7265D1
:10DEE000205468726573686F6C64204572726F723B
:10DEF00000000000556E6B6E6F776E204572726F7A
:10DF00007220436F6465000052616E676520566140
:10DF10006C696420202000005369676D61204661B0
:10DF2000696C2020202000005369676E616C2046D8
:10DF300061696C20202000004D696E2052616E677F
:10DF400065204661696C0000506861736520466118
:10DF5000696C20202020000048617264776172653E
:10DF6000204661696C2000004E6F2055706461741A
:10DF700065202020202000004E6F204572726F72B5
:10DF80000000000043616C6962726174696F6E2009
:10DF90005761726E696E67204572726F7200000081
:10DFA0004D696E20636C6970706564206572726F74
:10DFB00072000000556E646566696E656420657266
:10DFC000726F7200496E76616C6964207061726173
:10DFD0006D6574657273206572726F720000000067
:10DFE0004E6F7420737570706F7274656420657203
:10DFF000726F7200496E74657272757074206E6F04
:10E000007420436C656172656400000052616E6744
:10E0100065206572726F720054696D65206F75744A
:10E02000206572726F7200004D6F6465206E6F74B0
:10E0300020737570706F72746564206572726F7290
:10E040000000000042756666657220746F6F207371
:10E050006D616C6C000000004750494F206E6F747A
:10E06000206578697374696E670000004750494FF6
:10E070002066756E6374206E6F7420737570706F98
:10E080007274656400000000436F6E74726F6C20E0
:10E09000496E74657266616365204572726F7200C5
:10E0A000496E76616C696420436F6D6D616E6420AA
:10E0B0004572726F720000004469766973696F6E11
:10E0C000206279207A65726F204572726F7200004B
:10E0D0005265666572656E636520537061642049A0
:10E0E0006E6974204572726F720000004E6F74206A
:10E0F000696D706C656D656E746564206572726FB4
:10E100007200000044A1284601F0C0F822E046A1B8
:10E11000284601F0BBF81DE04AA1284601F0B6F8F8
:10E1200018E04CA1284601F0B1F813E04CA12846B4
:10E1300001F0ACF80EE04EA1284601F0A7F809E086
:10E140004FA1284601F0A2F804E049A1284601F0B9
:10E150009DF800BF00BF304670BD70B504460D4647
:10E160000026052C1DD2DFE804F003080D1217006D
:10E1700046A1284601F08AF816E045A1284601F09C
:10E1800085F811E043A1284601F080F80CE043A196
:10E19000284601F07BF807E043A1284601F076F815
:10E1A00002E06FF0030600BF00BF304670BD2DE9EE
:10E1B000F04107460C4615460026062C22D2DFE821
:10E1C00004F003080D12171C3AA1284601F05EF86E
:10E1D0001EE03DA1284601F059F819E040A128466B
:10E1E00001F054F814E042A1284601F04FF80FE086
:10E1F00045A1284601F04AF80AE048A1284601F066
:10E2000045F805E0AFF21431284601F03FF800BFB1
:10E2100000BF3046BDE8F081504F574552444F573C
:10E220004E205374617465005761697420666F7283
:10E2300020737461746963696E69742053746174C6
:10E24000650000005354414E444259205374617498
:10E250006500000049444C4520537461746500001A
:10E2600052554E4E494E472053746174650000006C
:10E27000554E4B4E4F574E2053746174650000004D
:10E280004552524F52205374617465005443430009
:10E29000445353004D535243000000005052452058
:10E2A00052414E474500000046494E414C205241E4
:10E2B0004E4745005349474D412046494E414C2069
:10E2C00052414E47450000005349474E414C2052B1
:10E2D0004154452046494E414C2052414E4745004D
:10E2E0005349474E414C2052454620434C4950002B
:10E2F00052414E47452049474E4F524520544852BF
:10E300004553484F4C4400005349474E414C20521E
:10E31000415445204D535243000000005349474E9D
:10E32000414C2052415445205052452052414E47C5
:10E330004500000008B501210820F2F7BFFF4FF4A7
:10E34000C040ADF8000010208DF8030003208DF8C8
:10E3500002006946FD48F2F7F5FC4FF40051FB4816
:10E36000F2F79DFD4FF48041F848F2F798FD08BDA3
:10E3700010B5F648001D006820F07060F349091DD3
:10E3800008600846006840F0407008600120F049CD
:10E390000860F049C1F8B4010420F4F71EF9002028
:10E3A000EB4908600420F4F718F90020E949C1F8A6
:10E3B000B40110BD10B5E548001D006820F0706084
:10E3C000E249091D08600846006840F04070086096
:10E3D0000020DF49091F0860DE49C1F8B8010420A8
:10E3E000F4F7FBF80120DA49091F0860D949C1F8A0
:10E3F000B8010420F4F7F1F810BD10B50024D3489B
:10E40000001D006820F07060D049091D08600846B2
:10E41000006840F0006008600120CD490860F4F712
:10E42000DCF80120CB49C1F8B401F4F7D6F807E0D5
:10E43000601CC4B2FA2C03DDFFF7BCFF012010BD45
:10E44000C348803800680028F2D1C149091F08601C
:10E4500000BFF4E710B50020BD49091F0860BB48A4
:10E46000001D006820F07060B849091D086008466A
:10E47000006840F0407008600020B649C1F8B8015B
:10E480000220F4F7AAF80120B149091F0860022010
:10E49000F4F7A3F80020AF49C1F8B40110BD10B5DE
:10E4A0000020AB49091F0860A848001D006820F043
:10E4B0007060A649091D08600846006840F0407079
:10E4C00008600120A349C1F8B8010220F4F785F8DB
:10E4D00001209F49091F08600220F4F77EF8002000
:10E4E0009C49C1F8B40110BD70B504469748001DA1
:10E4F000006820F070609549091D086008460068B2
:10E5000040F04070086000209149091F0860002514
:10E510001DE0E00918B101208D49086002E00020EB
:10E520008B4908606006040E0220F4F756F80120BB
:10E530008749091F08600220F4F74FF80020854939
:10E54000C1F8B4010220F4F748F8681CC5B2082DE0
:10E55000DFDB70BD70B5054600247C48001D0068F7
:10E5600020F070607949091D08600846006840F095
:10E5700000600860002617E000207549091F086048
:10E580000420F4F72AF801207249C1F8B4016006AA
:10E59000040E6F488038006808B1601CC4B20420C3
:10E5A000F4F71BF8701CC6B2082EE5DB15B9FFF7AF
:10E5B00076FF01E0FFF74EFF204670BD70B50646BE
:10E5C0000C461546FFF7D4FE3046FFF78DFFFFF7E8
:10E5D00014FF18B1FFF7EEFE012070BD2046FFF7D3
:10E5E00083FFFFF70AFF2846FFF77EFFFFF705FFCF
:10E5F000FFF7E0FE0020F0E770B504460D46164632
:10E60000FFF7B6FE2046FFF76FFFFFF7F6FE18B1E3
:10E61000FFF7D0FE012070BD2846FFF765FFFFF72A
:10E62000ECFEFFF7A5FE44F00100FFF75DFFFFF7EA
:10E63000E4FE0020FFF78EFF3070FFF7BBFE0020E6
:10E64000E9E72DE9F04107460D4616461C46FFF75F
:10E650008FFE3846FFF748FFFFF7CFFE20B1FFF7E8
:10E66000A9FE0120BDE8F0812846FFF73DFFFFF736
:10E67000C4FE05E014F8010BFFF736FFFFF7BDFEFF
:10E680003000A6F101018EB2F4D1FFF793FE002015
:10E69000E8E72DE9F04106460F4614461D46FFF710
:10E6A00067FE3046FFF720FFFFF7A7FE20B1FFF718
:10E6B00081FE0120BDE8F0813846FFF715FFFFF726
:10E6C0009CFEFFF755FE46F00100FFF70DFFFFF738
:10E6D00094FE0DE0012C04D10020FFF73BFF2870D1
:10E6E00003E00120FFF736FF28706D1C601E84B226
:10E6F000002CEFD1FFF75EFE0020DBE72DE9F041B3
:10E7000006460F4614461D464FF0000823462A468B
:10E7100039463046FFF795FF08B14FF001084046F3
:10E72000BDE8F0812DE9F04106460F4614461D462E
:10E730004FF0000823462A4639463046FFF7A9FF26
:10E7400008B14FF001084046BDE8F081000C0140DF
:10E75000B881214200802142F7B504460D460026CB
:10E76000012302AA29462046FFF7C8FF0646304685
:10E77000FEBDF8B506460C461546002728128DF852
:10E780000000E8B28DF80100204604EBD07149107A
:10E79000A4EB410101290ED101236A4621463046EE
:10E7A000FFF7ACFF074601236A4621463046FFF7D4
:10E7B000A5FF074606E002236A4621463046FFF7DA
:10E7C0009DFF07463846F8BDF8B505460E46144687
:10E7D0000027200E8DF80000200C8DF80100200A83
:10E7E0008DF80200E0B28DF8030004236A4631463A
:10E7F0002846FFF783FF07463846F8BD2DE9F0416C
:10E8000004460D4616460027012332462946204677
:10E81000FFF788FF07463846BDE8F081F8B50546A2
:10E820000E461446002702236A4631462846FFF763
:10E8300079FF07469DF801009DF8001000EB0120CC
:10E8400020803846F8BDF8B505460E461446002728
:10E8500004236A4631462846FFF764FF07469DF8C1
:10E86000000000069DF8011000EB01409DF8021029
:10E8700000EB01209DF80310084420603846F8BDE5
:10E880002DE9F04705460F4690461C464FF000091B
:10E89000CA46402C01D36FF0030995F85C61A3B21E
:10E8A000424639463046FFF729FF8246BAF1000F4B
:10E8B00001D06FF013094846BDE8F0872DE9F04715
:10E8C0000646884691461C464FF0000A402C01D36C
:10E8D0006FF0030A96F85C71A3B24A464146384687
:10E8E000FFF720FF05460DB16FF0130A5046BDE853
:10E8F000F0872DE9F04704460D461646002794F8A8
:10E900005C91324629464846FFF726FF8046B8F11B
:10E91000000F01D06FF013073846BDE8F0872DE9EE
:10E92000F04704460D461646002794F85C9132469F
:10E9300029464846FFF71DFF8046B8F1000F01D079
:10E940006FF013073846BDE8F0872DE9F04704461D
:10E950000D461646002794F85C91324629464846F3
:10E96000FFF732FF8046B8F1000F01D06FF01307B8
:10E970003846BDE8F0872DE9F84F0446894615462C
:10E980001E46002794F85CA16A4649465046FFF7A8
:10E9900035FF8046B8F1000F01D06FF0130787B93B
:10E9A0009DF800002840304300909DF80020494623
:10E9B0005046FFF7D1FE8046B8F1000F01D06FF04E
:10E9C00013073846BDE8F88F2DE9F04704460D4699
:10E9D0001646002794F85C91324629464846FFF7D0
:10E9E0000DFF8046B8F1000F01D06FF013073846D5
:10E9F000BDE8F0872DE9F04704460D46164600278E
:10EA000094F85C91324629464846FFF707FF804656
:10EA1000B8F1000F01D06FF013073846BDE8F0875A
:10EA20002DE9F04704460D461646002794F85C9100
:10EA3000324629464846FFF706FF8046B8F1000FE8
:10EA400001D06FF013073846BDE8F08708B50146DE
:10EA500000200022009202E0009A521C0092009ACC
:10EA6000FA2AF9D308BD000010B588B004466946FB
:10EA70002046FBF7C6F908B010BD2DE9F84305465E
:10EA80000E460024A046374695F85C01B84202D1F4
:10EA90000020BDE8F883002288212846FFF729FFDF
:10EAA000044614B14FF0010825E06A46C02128460B
:10EAB000FFF7A0FF044614B14FF002081BE0BDF8B9
:10EAC00000004EF6AA61884214D139462846FBF769
:10EAD000A0FD044614B14FF003080CE085F85C710A
:10EAE0006A46C0212846FFF785FF044614B14FF05F
:10EAF000040800E000BF14B12046FFF7B5FF204630
:10EB0000C7E770B5044694F85C51542D0CD1002031
:10EB10005A4908601E20F3F784FD01205849C1F8C6
:10EB2000A0011E20F3F77DFD522084F85C012946E8
:10EB30002046FFF7A2FF2046FBF719FE70BDF8B58F
:10EB400004460025264601210420F2F7B7FB4FF4C6
:10EB50008070ADF8000010208DF8030003208DF8C0
:10EB6000020069464748F2F7EDF800204349086083
:10EB70006420F3F756FD01204149C1F8A00152205D
:10EB800086F85C01012086F85D014FF4C870A6F894
:10EB90005E01FFF7CFFB1E20F3F743FD5421304603
:10EBA000FFF76BFF05B110E03046FBF7E0FD0546CF
:10EBB00005B10AE00220F3F734FD33493046FBF794
:10EBC000EEF8054605B100E000BF25B12846FFF785
:10EBD0004BFF2846F8BD2846FCE770B504460025E3
:10EBE0002646012025490860522086F85C01012054
:10EBF00086F85D014FF4C870A6F85E011E20F3F799
:10EC000010FD56213046FFF738FF55B10C231FA2E7
:10EC100003210020F4F7DBFC4FF47A70F3F701FDD9
:10EC200024E03046FBF7A3FD054655B10C231AA29C
:10EC300003210020F4F7CBFC4FF47A70F3F7F1FCDA
:10EC400014E00220F3F7EDFC16493046FBF7A7F875
:10EC5000054655B10C2314A203210020F4F7B7FC9C
:10EC60004FF47A70F3F7DDFC00E000BF25B12846D1
:10EC7000FFF7FAFE284670BD2846FCE7A0012142B6
:10EC80000000214200080140900800203120457218
:10EC9000726F72212121000032204572726F722141
:10ECA00021210000F308002033204572726F722189
:10ECB000212100007FB506460D4600243046FFF7AF
:10ECC00020FF3046FBF750FB0446824800780028BE
:10ECD0002ED08148427841693046FCF7E5FC044675
:10ECE00004B1A6E00220F3F79CFC7B48C27881784F
:10ECF0003046FCF756F8044604B19AE00220F3F7D8
:10ED000090FC754801693046FBF73DFC044604B1B0
:10ED10008FE00220F3F785FC6F4881683046FBF7EF
:10ED200075FE044604B184E00220F3F77AFC15E096
:10ED300002AA03A93046FCF7E7F9044604B178E0DB
:10ED40000220F3F76EFC6A4601A93046FCF7CAFCC4
:10ED5000044604B16DE00220F3F763FC0021304665
:10ED6000FBF792FE044604B163E00220F3F759FC7E
:10ED7000012200213046FBF799FC044604B158E01B
:10ED80000220F3F74EFC012211463046FBF78EFCC1
:10ED9000044604B14DE00220F3F743FCC5EBC50087
:10EDA0004E4901EB4000426800213046FBF743FC2E
:10EDB000044604B13DE00220F3F733FCC5EBC50087
:10EDC000464901EB4000026801213046FBF733FC65
:10EDD000044604B12DE00220F3F723FCC5EBC50087
:10EDE0003E4A02EB400081683046FBF735F80446A6
:10EDF00004B11EE00220F3F714FCC5EBC50037494F
:10EE000001EB4000027B00213046FBF7B6FE0446D2
:10EE100004B10EE00220F3F704FCC5EBC5002F4956
:10EE200001EB4000427B01213046FBF7A6FE044681
:10EE300000BF2CB12046FFF717FE204604B070BD7E
:10EE40002046FBE72DE9F04180460C46154600269A
:10EE500021464046FCF7DAFA064616B13046BDE8D0
:10EE6000F081277E2021284600F08DFA2946384679
:10EE7000FAF7BCFF20891A4908803046EFE770B5E1
:10EE800005460E46002409E04FF4FA70F3F7C9FB7B
:10EE9000601CC4B2032C01D1012070BD314628464C
:10EEA000FFF708FF0028EFD100BFF6E770B5044672
:10EEB000002594F85C615DB90A4A0B492046FFF7CA
:10EEC000C1FF0546542E03D1054800880749086054
:10EED00070BD000098040020AC09002099040020B7
:10EEE000D2040020740900205809002038000020B6
:10EEF0001FB501210420F2F7E1F901210846F2F7DC
:10EF0000DDF91020ADF80C0048208DF80F0003A9A2
:10EF10001948F1F717FF04210020F2F729F8102013
:10EF2000019000208DF808000C208DF809000120C8
:10EF30008DF80A0001A8F1F725FE0A208DF80000DF
:10EF400002208DF8010003208DF8020001208DF8C9
:10EF500003006846F1F777FB1FBD10B50120074994
:10EF600008701020F1F785FE10BD00BF0120044994
:10EF7000086000E000BFFDE700080140E004002059
:10EF8000B4012242704710B54C1084EA530404D5F2
:10EF90004042C1F1000138BF491E1B4204D5524214
:10EFA000C3F1000338BF5B1E00F03AFA14F0804F43
:10EFB00004D04042C1F1000138BF491E14F0004F97
:10EFC00004D05242C3F1000338BF5B1E10BD0000E5
:10EFD0000FB4044910B503AA029800F027FD10BC35
:10EFE0005DF814FB800000200FB41CB5074B06AA87
:10EFF0007B4469460090059800F0FFFC00206946BC
:10F0000000F00EFD1CBC5DF814FB00002D0A000092
:10F0100070B5044685690068C10601D5302600E058
:10F020002026C00707D070BDD4E9012130469047A3
:10F03000206A401C20626D1EF6D570BD70B5044676
:10F0400085690078C00707D170BDD4E9012120206F
:10F050009047206A401C20626D1EF6D570BD0000EE
:10F060002DE9F0410646002410687529314616A5A1
:10F0700010D0AFF30080002802DA404213A507E069
:10F0800031688A0701D512A502E0490704D511A508
:10F09000012401E0AFF3008000210A2206F12407D9
:10F0A00009E0B0FBF2FCB0FBF2F302FB1C003030D5
:10F0B00078541846491C0028F3D123462A46304686
:10F0C000BDE8F04100F02EBA000000002D00000065
:10F0D0002B000000200000002DE9F05F8946044667
:10F0E0004FF0000ADFF824B1FB44C0F820A020460E
:10F0F000E168884700287DD0252806D0D4E9012181
:10F100009047206A401C2062F1E700255F462046B8
:10F11000E16888472028064607DB312E05D2B8195A
:10F1200010F8200C08B10543F1E7A80701D525F038
:10F130000405C4F81CA00027C4F818A02A2E09D082
:10F14000304601F0F6FF38B304EB8708303EC8F8CC
:10F15000186019E059F8041B204604EB87029161FE
:10F16000E1688847012F064618D1E069002820DAB7
:10F1700025F020051DE0D8F8180000EB800006EB14
:10F1800040003038C8F818002046E1688847064635
:10F1900001F0CFFF0028EED1012F0AD02E2E08D18A
:10F1A0002046E16888477F1C0646022F45F020056F
:10F1B000C4DBA069002803DA404245F00105A061E4
:10F1C000E80701D025F01005A6B1A6F141001928E5
:10F1D00002D8203645F400654A463146204625606F
:10F1E0004D46F0F7DDFF60B1012807D0ED1D25F099
:10F1F000070000E007E000F1080978E705F10409DD
:10F2000075E730467AE7206ABDE8F09FF24E0000CD
:10F2100030B505460B462A4613F8014B12F8010B90
:10F2200008B1A042F8D01CB1002802D06D1CF1E753
:10F23000284630BD40EA010310B59B070FD1042AD0
:10F240000DD310C808C9121F9C42F8D020BA19BAB1
:10F25000884201D9012010BD4FF0FF3010BD1AB116
:10F26000D30703D0521C07E0002010BD10F8013B6B
:10F2700011F8014B1B1B07D110F8013B11F8014B92
:10F280001B1B01D1921EF1D1184610BD40EA0103AB
:10F29000024630B59B0710D14FF0013400E008C2A0
:10F2A00008C91D1B9D4315EAC41FF8D013F0FF01C8
:10F2B00002F8011B0DD01B0AF8E711F8013B002BE7
:10F2C00002F8013B05D011F8013B002B02F8013B8D
:10F2D000F3D130BD10B5431C02E010F8011B71B131
:10F2E0008107FAD14FF0013202C88C1A8C4314EA1C
:10F2F000C211F9D0C01A0A0603D0C01E10BDC01A30
:10F3000010BD0A0401D0801E10BD0902FCD0401EB1
:10F3100010BD10B5203AC0F00B80B1E81850203A6B
:10F32000A0E81850B1E81850A0E81850BFF4F5AFA5
:10F330005FEA027C24BFB1E81850A0E8185044BF2F
:10F3400018C918C0BDE810405FEA827C24BF51F89C
:10F35000043B40F8043B08BF7047D20728BF31F890
:10F36000023B48BF11F8012B28BF20F8023B48BFE1
:10F3700000F8012B704702F0FF0343EA032242EA40
:10F38000024200F002B84FF000020429C0F01280DF
:10F3900010F0030C00F01B80CCF1040CBCF1020F48
:10F3A00018BF00F8012BA8BF20F8022BA1EB0C011D
:10F3B00000F00DB85FEAC17C24BF00F8012B00F813
:10F3C000012B48BF00F8012B70474FF0000200B539
:10F3D000134694469646203922BFA0E80C50A0E878
:10F3E0000C50B1F12001BFF4F7AF090728BFA0E826
:10F3F0000C5048BF0CC05DF804EB890028BF40F8F2
:10F40000042B08BF704748BF20F8022B11F0804F33
:10F4100018BF00F8012B704770477047704770475E
:10F4200053EA020C00F069802DE9F04B4FF0000622
:10F43000002B1FBFB3FA83F503FA05F424FA05F68F
:10F440005E4012BF1643B2FA82F502FA05F4C5F126
:10F4500020051EBF22FA05FC44EA0C04203556EABA
:10F46000044C4FEA144418BF641C4FF000084FF0DE
:10F470000009904271EB030C39D3002919BFB1FA8E
:10F4800081F701FA07F6B0FA80F700FA07F6C7F13C
:10F4900020071EBF20FA07FC46EA0C062037B6FB01
:10F4A000F4FCA7EB0507103F07F01F0BCBF120067C
:10F4B0000CFA0BFB2CFA06F644BFB3460026202FAD
:10F4C000A4BF5E464FF0000B5BEA060C08BF4FF08E
:10F4D000010B19EB0B09ABFB027C48EB0608C01BC8
:10F4E00006FB02CC0BFB03CC71EB0C01C1E70B4616
:10F4F000024641464846BDE8F08B13B54FF0000088
:10F500004FF00001AFF30080BDE81C40704710B51C
:10F5100000F0F2FA006810BD10B5044600F0ECFAF5
:10F52000046010BD2DE9F0470D4699469246044609
:10F5300000F124080168880604D5E06921F0100173
:10F54000216000E00120A84201DD471B00E0002708
:10F55000A1697A1902EB0900081AA0612078C00697
:10F5600002D42046FFF754FD002608E0D4E901212B
:10F570001AF806009047206A401C761C20624E450F
:10F58000F4DB2078C0060AD52046FFF741FD06E0EF
:10F59000D4E9012130209047206A401C2062381EA7
:10F5A000A7F10107F4DC07E0D4E9012118F8050010
:10F5B0009047206A401C2062281EA5F10105F3DC5B
:10F5C0002046FFF73BFD2078000602D50220BDE86B
:10F5D000F0870120FBE770472DE9FF4F0C461E46E0
:10F5E0004FF0FF378BB0D2E90001DDF860800A9060
:10F5F0008A46C1F30A5505B93D46002108464FF039
:10F600000000BAF1000F00F4400005DA00EB8000C2
:10F610004FF4400101EA50004FEA9059B9F1010F4F
:10F6200000DDB9460A9850EA4A000ED044F6105060
:10F63000A5F2FF3545432F14B8F1000F1ED07542D7
:10F64000291E1EDDC9F100021CE0B8F1010F4FF0C8
:10F65000000001D0302103E0F24305E02154401CBA
:10F66000B042FBDB30460022002121540B99C1F847
:10F670000880C1E900200FB0BDE8F08FBD1B6D1CF4
:10F68000DEE74A4600DA694206A800F0E7FA06AB70
:10F6900093E8070003AB83E8070050460A9901F09E
:10F6A00060F88DE80700A0F500501F38009003981F
:10F6B000002D09DD42F21F014A46084403A90390C8
:10F6C000684601F0EAFA08E0A0F500504A461F3803
:10F6D00003A90390684601F008FB8DE807000004C9
:10F6E000000C03D04FF0FF30410800E01046B8F1A5
:10F6F000000F03D00022009215461EE0751E05D4AF
:10F7000000F0FEF9303262556D1EF9D5B346012284
:10F71000084302D000227F1C04E02078302801D169
:10F7200000227F1E002A099786D01DE0112D07DADE
:10F7300000F0E6F9303262556D1C50EA0102F5D155
:10F74000084302D00098C8B10EE00021681E05E011
:10F75000235C625C63542254401E491C8142F7DBE7
:10F76000AB46A81B401E0990002004F80B000B9824
:10F77000099AC0F80880C0E9002B7CE711264FF0F9
:10F78000000859E72DE9F04F88460446D21D22F0C3
:10F79000070191B0D1E90001CDE90A0101F0EFFBC9
:10F7A00002460B98C00F01D02D2007E0206881078A
:10F7B00001D52B2002E0202101EAC000032A099094
:10F7C00001D0072A05DB03464146204600F0E6F952
:10F7D0000BE12078800601D5E06900E00620B8F151
:10F7E000650F814606D0B8F1660F18D0B8F1670FE3
:10F7F00070D131E00020B9F1110F009001DB11232D
:10F8000001E009F101030AAA01A90CA8FFF7E4FE2F
:10F81000DDE90C70002609F10105834647E001206F
:10F820004B4600904FF000470AAA01A90CA8FFF729
:10F83000D3FEDDE90DB00C995D46002610B909F143
:10F8400001000D18B9EB050003D4C0F1FF3609F132
:10F850000105A5EB09002BE0B9F1010F01DA4FF02A
:10F8600001090020B9F1110F0090484601DD112374
:10F8700000E003460AAA01A90CA8FFF7ADFEDDE9E6
:10F880000C704D4600268346207800070AD4AB450D
:10F8900000DA5D4601A8012D04DD411911F8011CB3
:10F8A000302907D04F4502DA17F1040F04DA01209E
:10F8B00082460FE06D1EEEE7002F02DCED1B3E449A
:10F8C00003E0781CA84200DD7D1CB81B00F1010A92
:10F8D0004FF000472078000703D4AA4501DB4FF022
:10F8E000FF3A0021B7F1004F0DF143088DF84310A6
:10F8F00024D002202B23002F01DA7F422D230A215E
:10F90000021EA0F1010000DC5FB197FBF1FC97FB48
:10F91000F1F201FB1C7C17460CF1300C08F801CD0C
:10F92000EEE7A8F1010003702188090501D5452102
:10F9300000E06521A0F1010800F8011C09980FA959
:10F94000A1EB0807FF1D00B10120411901EBEA708E
:10F95000A1693844081A401EA0612078C00602D46C
:10F960002046FFF755FB099828B1D4E901219047BB
:10F97000206A401C20622078C00622D52046FFF76E
:10F9800047FB1EE0002E04DBB34502DD01A8805DCD
:10F9900000E03020D4E901219047206A401C206219
:10F9A000761CAAF101005FEA000A0AD100F0A0F873
:10F9B000C0680168405CD4E901219047206A401C7E
:10F9C0002062281EA5F10105DCDC07E0D4E9012155
:10F9D00018F8010B9047206A401C2062381EA7F1DE
:10F9E0000107F3DC2046FFF729FB032011B043E6B3
:10F9F00001694A1C02610878704700B58FB0CDE9F3
:10FA000001310021059105497944CDE903101146E2
:10FA10006846FFF761FB0FB000BD0000E5FFFFFF88
:10FA20000A6802F8010B0A6070470000074B70B5C6
:10FA30000D467B44FFF7E1FF0446284600F07CF9C1
:10FA400010B14FF0FF3070BD204670BD092FFFFF91
:10FA50000FB4002300B589B00CA900910B99CB60BD
:10FA6000204B7B440693204B7B44079304236FF089
:10FA70000042CDE901321D4A7A446B4608920246A3
:10FA8000002003F01CF909B05DF814FB70B50646C0
:10FA90004FF0FF3015460C46324686B00091CDE956
:10FAA000010169460020049004A8FFF7D1FF034636
:10FAB0000498211825B108B10A4600E022462A60C0
:10FAC00000280DD0002B02DD0098884208D0324675
:10FAD000081B69460094CDE9010404A8FFF7B8FFAC
:10FAE00006B070BDB7010000CF0100000F0100009B
:10FAF00000487047E409002000487047C40900200E
:10FB000030B5B0F10A024FEA900E71F100034EEAEF
:10FB1000817EB0EB0E0061EB91014FEA101E4EEAC0
:10FB2000017E10EB0E0041EB11114FEA102E4EEA50
:10FB3000016E10EB0E0041EB11214FEA104E4EEA20
:10FB4000014E10EB0E0041EB1141401841F1000154
:10FB50004FEAD00040EA41704FEAD10110EB800536
:10FB60004FEA810444EA907444EB01046D1944EBBC
:10FB70000404521BA3414FF0000348BF0A3200D5D2
:10FB800030BD401C41F1000130BD10B5044600F00D
:10FB900001F90068005D00F0010010BD2DE9F041A1
:10FBA0001F46044603260168072A01F4006004DBAF
:10FBB00008B116A505E016A503E008B115A500E0FB
:10FBC00015A521F010002060A069C01EA0610FB132
:10FBD000401EA0612046FFF71BFA4FB1D4E9012176
:10FBE00038469047206A401C2062C01C206206E014
:10FBF000206AFAE7D4E9012115F8010B9047761E37
:10FC0000F8D22046FFF71AFABDE8F0814E414E00C7
:10FC10006E616E00494E4600696E6600426842B1F0
:10FC2000016811F8013B23B1521EC0E900121846C9
:10FC300070470121C160881E704742685AB1C3688D
:10FC4000016843B983688B4205D0491E521CC0E944
:10FC50000012002070474FF0FF3070472DE9F04749
:10FC6000814616468AB0334878440DC88DE80D00A9
:10FC700030487844801C03AC0DC884E80D0041F680
:10FC80009B300844372190FBF1F290FBF1F5A5F190
:10FC9000800501FB12041B3C02D56442012000E0F8
:10FCA0000020DFF890A080460027FA44AAF1BE0A9F
:10FCB0000DE0E00709D03246684607EB47010AEB42
:10FCC000810101F012F88DE8070064107F1C002C00
:10FCD000EFD1184F7F44AC3F18E0E80714D007EB92
:10FCE00004100DF1180A90E80E008AE80E00C068B2
:10FCF000F04201D198190890324606A903A800F0F5
:10FD0000F4FF03AB83E807006D10641C002DE4D101
:10FD100032466946B8F1000F03A802D000F0BDFFDB
:10FD200001E000F0E2FFC9E90001C9F808200AB0CB
:10FD3000BDE8F087F0440000007B00F080007047D1
:10FD400000487047C40900207546FFF7F9FFAE462A
:10FD500005006946534620F00700854618B020B5D7
:10FD6000F0F75AFCBDE820404FF000064FF00007C6
:10FD70004FF000084FF0000B21F00701AC46ACE853
:10FD8000C009ACE8C009ACE8C009ACE8C0098D46C0
:10FD90007047000010B5FFF7ABFE001D10BD00BF9F
:10FDA000111B00002DE9FF4F064689B00878FF2897
:10FDB00006D0491C2D2805D000244FF0000908E08A
:10FDC00000200CE00124F8E709EB8903491C00EB53
:10FDD00043090878FF28F7D114B1C9F10000814622
:10FDE000107800252C46AA4629462D2801D02B281C
:10FDF00004D1521C2D2813D0002082468B46107847
:10FE0000FF280FD04FF0000C0A21521CA5FB0178EF
:10FE100004FB018105FB0C11C5194BEB0104EEE756
:10FE20000120EAE7002108464FF00000BAF1000F78
:10FE300002D000EB80004008C0F38158B8F1010FF8
:10FE400001DD4FF0FF380C9809EB000755EA04007C
:10FE500009D04FF0020917F5FA7F0BDA4FEACA70A2
:10FE6000C6E900B012E04FEACA70C6E900B00DB0B2
:10FE7000BDE8F08FB7F5FA7F0DDDF0487844D0E9A2
:10FE80000010C6E9001040EACA707060FFF734FE47
:10FE9000C0F80090EBE7391E02DAC8F1000200E07A
:10FEA000424600DA794206A8FFF7D8FE06AB93E88F
:10FEB000070003AB83E8070044F23E005BEA04015D
:10FEC0000090584604D144F21E012C465D46009134
:10FED000210C0904014306D10099240444EA154485
:10FEE0002D041039009104F07F41014306D100999F
:10FEF000240244EA15642D020839009104F070418F
:10FF0000014306D10099240144EA15742D01091F0B
:10FF1000009104F04041014306D10099A40044EA55
:10FF20009574AD00891E009104F00041084304D18E
:10FF300000986D196441401E009042466846002FAB
:10FF4000CDE9014503A902DD00F0E3FE01E000F088
:10FF5000B8FEBAF1000F04460D4601D084F000440B
:10FF600040F2FF7724F00040284303D0C4F30A5046
:10FF7000B84212D1FFF7C0FDC0F80090C4F30A5098
:10FF8000B8420AD1AE487844D0E90010C6E9001062
:10FF900004F000410843706069E7C6E9005466E771
:10FFA0002DE9FF4F1F464FF0000A4FF0FF3845463E
:10FFB00091B0D7E90146CDF83CA0FFF799FDC068A4
:10FFC0000168405C1090B96912986D1C8847396AC5
:10FFD000814688470028F6D1B9F1FF3F0AD0002EAC
:10FFE00024F4D06411DDB9F12B0F08D0B9F12D0F35
:10FFF0000BD102E0404615B03AE744F48064B96999
:020000040801F1
:1000000012986D1C8847761E8146600504A901D5AB
:100010002D2000E02B20002E01F1010B0DF1300806
:100020008DF810003FDDB9F1690F08D0B9F1490F23
:1000300005D0B9F16E0F02D0B9F14E0F1CD13B467D
:1000400001A8009580E85002DDE912126FF002006D
:1000500002F039FEC11CCED10EE0B96912986D1CB8
:10006000884781461398761E44F4007405600F9803
:10007000401C002E0F9016DDB9F1300FEDD0B9F114
:10008000780F02D0B9F1580F0DD10F9801280AD17D
:100090003B46CDE90054DDE91212001F029602F042
:1000A00010FEC11CA7D1109989453ED144F08004AF
:1000B00006E01399681CAAF1010A44F40074086070
:1000C000B9696D1C1298761E884730288146F0D099
:1000D0002BE01099894505D1200603D4761E44F003
:1000E000800418E0484601F024F808B3761E0DF1AC
:1000F00023018B4544F4007408D2A9F130000BF8B9
:10010000010B200607D5AAF1010003E0200602D466
:100110000AF101008246A00502D51399681C086007
:10012000B96912986D1C88478146002ED1DC53E0D6
:10013000002E51DDB9F1650F02D0B9F1450F4BD159
:10014000A00549D5B9696D1C1298761E24F4407437
:100150008847002E81460CDD2B2804D0B9F12D0FE5
:1001600007D144F48074B96912986D1C8847761ED3
:100170008146E00501D52D2100E02B2108F8011B67
:10018000CDF8008021E0761E0DF13901884544F458
:1001900000740CD2A9F1300010F0FF0088F80000C4
:1001A00002D10099884509D908F1010806E0E00567
:1001B00001D5244801E042F20F708246B9691298D5
:1001C0006D1C8847814613980560002E04DD484663
:1001D00000F0AFFF0028D6D1F96912988847FF20B8
:1001E00053468BF8000088F8000000200A900B901E
:1001F00004AA0CA90AA8FFF7D5FDA00502D46FF048
:100200000100F8E614F0240F0AD0E00714D1386892
:10021000DDE90A12031D3B600068C0E900120BE033
:100220000AA9684600F02EFFE00705D13868009A59
:10023000011D3960006802602846DCE66443000066
:100240005A420000F1D8FFFF0446AFF30080204679
:10025000EFF7C9FF4FF0013C50F8042B51F8043B75
:100260009A4221D1A2EB0C03934313EACC1317D18A
:1002700050F8042B51F8043B9A4215D1A2EB0C0321
:10028000934313EACC130BD150F8042B51F8043BE1
:100290009A4209D1A2EB0C03934313EACC13DBD0AF
:1002A0004FF00000704700BFD01A01BAB1FA81F1D7
:1002B00001F0180122FA01F0CB40C1F12001DBB2BC
:1002C000C0B2C01A2CFA01F3D11A914311EAC3113A
:1002D000E6D170472DE9FF4F1F464FF03C0987B02C
:1002E0004FF00042DDE9141001F10108DDF858A0DB
:1002F00002EA4050039000200490834605460446DD
:100300000590B969461E08988847AAF1010A02902B
:10031000BAF1000F37DD02982E2815D0102100F019
:1003200012FA00282ADB4FF0010B0499014316D082
:10033000B9F1000F0BDB4A46C11700F0F1F9054394
:100340000C43A9F1040905E00120059007E008B17C
:1003500045F0010501200490059800B9361DB969E2
:10036000089808F101088847BBF1000FAAF1010ABB
:100370000290CDD00999C1F80080C9E70298702891
:1003800008D0502806D0F96908988847BBF1000FBB
:1003900014D04FE0002002900120BBF1000F049028
:1003A00009D0B969089808F101088847AAF101093C
:1003B000B9F1000F07DCF969089888476FF0010070
:1003C0000BB0BDE8F08F2B2804D02D280CD14FF0B6
:1003D000FF300490B969089808F101088847A9F12D
:1003E0000109B9F1000FE6DD411CE4D00A2100F05B
:1003F000AAF90028DFDB029908F1010801EB81016D
:1004000000EB41000290B969089888470A2100F082
:100410009AF9099AA9F10109B9F1000FC2F800800F
:1004200001DD0028E7DAF9690898884704990298FD
:1004300000FB016655EA040004D004F040410900C5
:1004400002D006E0039898E0A40044EA9574AD0059
:10045000B61E04F00041080002D16D196441761EF9
:10046000159810F0240F03D04FF00B095C4803E0FF
:100470004FF028096FF07D008246564507DAAAEB57
:1004800006018944B9F1410F01DD4FF04109012016
:100490000021A9F1010200F043F9024628400B4671
:1004A0002140084301D0012100E00021501E0291AB
:1004B00043F1FF3128402140084301D0012000E0F2
:1004C00000200299834651EA0B014FD000210846D3
:1004D0004FF00000039900F4400039B100EB8000B8
:1004E0004FF4400100EBD07001EA60008015012854
:1004F00002DD4FF0FF3000E013D0401C36D00298F0
:1005000060B3BBF1000F0CD14A460120002100F07E
:1005100007F928402140084301D0012000E00020D5
:10052000E0B101204A46002100F0FAF803464019E4
:100530000A4661412D1A8C4111D3B9F1400F09DDF2
:10054000159810F0240F02D0AAF1340603E0AAF1A6
:10055000170600E0761C00254FF0004406E05B1E05
:1005600042F1FF3220EA030521EA0204CAF1010048
:10057000B04206DA1B49039808430190002000901E
:100580000EE0039AC4F3D321E80A0A43164940EA6D
:1005900044500A433146CDE90002684600F0BEFDF2
:1005A000159810F0240F0BD01598C00715D1386896
:1005B000DDE90012031D3B600068C0E900120CE099
:1005C00002A8694600F05EFD1598C00705D138689D
:1005D000029A011D3960006802604046F0E60000A2
:1005E00002FCFFFF0000F07F0000F03F2DE9FF4F0D
:1005F00092461D4685B04FF00041DDE9124BDDE922
:1006000014727F1E01EA4B50414940F0FF4940EA15
:100610000108002122F020004928049102D04E2830
:1006200028D04CE03BA0012607C88DE80700A96947
:100630000698641C88477F1E014606D41DF80600F4
:1006400018B121F0200181420BD0E9690698884752
:10065000032E34D0082E32D06FF0010009B0BDE86F
:10066000F08F761C032E01D0082EE0D1601CCAF852
:100670000000DCE7A9690698641C88477F1E2AD41D
:1006800020F02000412826D1A9690698641C8847DB
:100690007F1E20D420F020004E281CD1A969069886
:1006A000641C88477F1E48F4002849F48009CAF872
:1006B000004001D4282806D0E969069888475FEAF7
:1006C000CB7012D022E0A9690698641C88477F1E6F
:1006D00001D4002803DAE96906988847BCE729288D
:1006E000F1D1641CCAF80040E9E71BF0240F07D0E1
:1006F00028680499031D2B600068C0E9001805E014
:100700002868021D2A600068C0F800902046A5E70E
:100710000000F07F494E46494E4954590000000000
:10072000B2F120030AD5C2F1200301FA02F120FA46
:1007300003F300FA02F041EA0301704700FA03F103
:100740004FF0000070473A2800D2303820F02002E5
:10075000412A01D3A2F13700884201D34FF0FF3084
:1007600070475FEA400C08BF91F0000F4FEA8C23FE
:100770004FEAC12243EA51514FEA1C5018BF00F51D
:10078000F0404FEA300018BF41F000415FEA6C5C76
:1007900000F02980BCF1FF3F08BF40F08040704767
:1007A000130C06BF12044FF0100C4FF0000C130E88
:1007B00004BF12020CF1080C130F04BF12010CF15C
:1007C000040C930F04BF92000CF1020CD30F04BF72
:1007D00052000CF1010C11464FF00002A0F11F0075
:1007E000A0EB0C00704711F0004F08BF704731F0CC
:1007F00000413FF4D5AF0B0C06BF09044FF0100CBD
:100800004FF0000C0B0E04BF09020CF1080C0B0F8B
:1008100004BF09010CF1040C8B0F04BF89000CF11B
:10082000020CCB0F04BF49000CF1010CCCF12003EA
:10083000A0EB0C0022FA03F302FA0CF241EA0301E6
:1008400000F10100704720F07F4C80EA030023F0A4
:100850007F47ACEB070303F57C5300F0004003F146
:10086000FF032DE980494FEA154B09B44FEA1443C1
:1008700025EA0B4E24EA03480FF2042606EB132761
:1008800049083E785FEA320203FB0667C7F50007B6
:1008900007FB06F64FEA54374FEAD64606F1020642
:1008A00007FB066CCCF1005C4FEA1C472CEA074CB6
:1008B00007FB06F40CFB06F504EB15464FEA96160B
:1008C00034BF00204FF000404FEAD13706FB07FC51
:1008D0004FEA1C4C0CFB0BF7D21B03FB0CF761EB34
:1008E00007010CFB0EF7B0EB074072EB17420CFB55
:1008F00008F734BFA2EB0742B2EB074261EB1741A6
:100900004FEA0C444FEA910706FB07FC4FEA1C4CE8
:100910000CFB0BF7B0EBC74072EB573203FB0CF745
:1009200034BFA2EBC742B2EBC74261EB57310CFBBD
:100930000EF7B0EBC70072EB57720CFB08F734BF31
:10094000A2EBC702B2EBC70261EB5771039F4FEAFC
:10095000816141EA921104EBCC044FEAD1374FEAAE
:10096000826206FB07FC42EA90124FEA80604FEA7F
:100970001C4C0CFB0BF7D21B03FB0CF761EB0701C4
:100980000CFB0EF7B0EB074072EB17420CFB08F7BD
:1009900034BFA2EB0742B2EB074261EB17414FEACB
:1009A0008C554FEA910704EB9C2406FB07FC4FEAA9
:1009B0001C4C0CFB0BF7B0EBC74072EB573203FB40
:1009C0000CF734BFA2EBC742B2EBC74261EB573121
:1009D0000CFB0EF7B0EBC70072EB57720CFB08F77D
:1009E00034BFA2EBC702B2EBC70261EB577115EB44
:1009F0004C254FEA816141EA92114FEA82624FEA47
:100A0000D13742EA901206FB07FC44F100044FEA9A
:100A100080604FEA1C4C0CFB0BF7D21B03FB0CF75E
:100A200061EB07010CFB0EF7B0EB074072EB1742CE
:100A30000CFB08F734BFA2EB0742B2EB074261EBB5
:100A4000174115EB1C154FEA813141EA92414FEAFB
:100A5000823242EA90424FEA80304FEA0C7644F10B
:100A6000000448EA03434EEA0B484FF0000EB2EB95
:100A7000080C71EB030724BF624639464EEB0E0E9D
:100A80004FF0000B0018524149414BEB0B0BB2EBFE
:100A9000080C71EB03077BF1000B24BF624639465B
:100AA0004EEB0E0E4FF0000B0018524149414BEB3C
:100AB0000B0BB2EB080C71EB03077BF1000B24BFAF
:100AC000624639464EEB0E0E51EA020718BF46F059
:100AD000010616EB0E7655F1000254F1000103D524
:100AE000BDE88901BDE80088BDE88901BDE800488E
:100AF000B619524141EB0101A3F101037047808017
:100B00007F7E7D7C7B7A7978777676757473727167
:100B100071706F6E6E6D6C6C6B6A6A69686867661F
:100B200066656464636362616160605F5F5E5E5DB1
:100B30005D5C5C5B5B5A5A59595858575756565525
:100B400055555454535352525251515050504F4F87
:100B50004F4E4E4D4D4D4C4C4C4B4B4B4A4A4A49D7
:100B6000494948484847474747464646454545441A
:100B700044444443434343424242424141410000D2
:100B800046EA0646A3F570534FEA164646EA425631
:100B90004FEAD22242EA415210B54FEAD121A3F1E5
:100BA000010300F017F820F0004000F1010C00F004
:100BB000004701EB00501146BCF5006F40EA07000A
:100BC00000D210BD02484FF0000140EA070010BDFE
:100BD0000000F07F002B26D4770021D01CB54FEA0F
:100BE000370703B44FF010004FF010014FF0000032
:100BF0000FBCBDE810400BF1010BBBF1010F08BFAA
:100C00005FEA170722BF12F1010211F101014FF053
:100C1000004143F1000300F0004043EA0000704748
:100C2000F9D35708DAE746EA064613F1400F4FEAD0
:100C300016461FDD13F1200FDFBF16430A460021C1
:100C400020335B42C8D0C3F1200746EA064602FAC9
:100C500007F74FEA164646EA0706C3F1200722FACD
:100C600003F201FA07F721FA03F14FF0000342EA19
:100C70000702B1E746EA020646EA06464FEA16468A
:100C800046EA0106BCBF46EA0646360C4FF00003B2
:100C90004FF000024FF000019EE72DE9C048934657
:100CA00030B491E8380007C831EA400C48BF34EA54
:100CB000430C03D5FFF7C7FDFFF78CFFF0BCBDE881
:100CC00000882DE9C048934630B491E8380007C841
:100CD00031EA400C48BF34EA430C03D5FFF7B3FDBB
:100CE000FFF74EFFF0BCBDE800882DE9C0489346F1
:100CF00030B491E8380007C810F0804F08BF13F0F7
:100D0000804F03D100F019F8FFF764FFF0BCBDE895
:100D100000882DE9C048934630B491E8380007C8F0
:100D200010F0804F08BF13F0804F03D100F005F89A
:100D3000FFF726FFF0BCBDE8008820F07F4780EA7F
:100D4000030023F07F4C07EB0C03A3F57C5300F06A
:100D50000040A3F1FE0392F0000F00F0B38095F085
:100D6000000F00F077802DE901494FEA11404FEA6A
:100D7000144621EA004800FB06FC24EA064708FB6B
:100D800006F607FB08F800FB07F718EB06484CEBE4
:100D9000164C4FEA124B18EB07484FEA15464CEB3E
:100DA000174022EA0B4E0BFB06FC25EA06470EFB1A
:100DB00006F607FB0EFE0BFB07F71EEB064E4CEB91
:100DC000164C4FF000061EEB074E4CEB174B18EB82
:100DD0000B0840F1000018EB0E0B58EB000840F137
:100DE00000008F1A4FF000013CBFC943661B14BFBF
:100DF000B5EB040C00213CBFC943F61B4FEA174476
:100E00004EEA8E0E27EA04454FEA1C4704FB0762B0
:100E10002CEA074C05FB07F70CFB05F604FB0CFC62
:100E200016EB074642EB174216EB0C4642EB1C4210
:100E30001BEB060658EB0202414146EA9E0601D52D
:100E4000BDE80189B619524141EB0101A3F101034B
:100E5000BDE801894FEA14454FEA114724EA0546E7
:100E600021EA074C05FB07F406FB07F70CFB06F12C
:100E700005FB0CFC11EB074144EB17444FEA12470A
:100E800011EB0C4144EB1C4422EA074C05FB07F232
:100E900006FB07F70CFB06F605FB0CFC16EB0746FA
:100EA00042EB174216EB0C4642EB1C456A1854F114
:100EB000000148BF7047B619524141EB0101A3F14F
:100EC0000103704795F0000F37D04FEA11424FEA07
:100ED000144721EA024624EA074C02FB07F106FB0D
:100EE00007F70CFB06F402FB0CFC14EB074441EB88
:100EF00017414FEA154714EB0C4441EB1C4125EA1E
:100F0000074C02FB07F506FB07F70CFB06F602FB96
:100F10000CFC16EB074645EB174516EB0C4645EB6C
:100F20001C42121951F1000148BF7047B6195241D5
:100F300041EB0101A3F1010370474FEA14454FEA69
:100F4000114724EA054621EA074C05FB07F106FB99
:100F500007F70CFB06F24FF0000605FB0CFC12EB4A
:100F6000074241EB174112EB0C4251EB1C4148BFC9
:100F70007047921841EB0101A3F10103704749004A
:100F800050EAC12018BF04204A0D18BF40F00100EC
:100F900040F2FF72B2EB515F08BF40F0020001283F
:100FA00008BF052070472DE9F0414F1E00EBC70137
:100FB0000446D1E9000115461E4637F006020DD061
:100FC0002A46334600F060FF7F1E04EBC703D3E9D7
:100FD000002300F0B5FC37F00602F1D1022F25D036
:100FE000042F13D0062F18BFBDE8F0812A463346E0
:100FF00000F04AFFD4E90A2300F0A2FC2A46334657
:1010000000F042FFD4E9082300F09AFC2A46334658
:1010100000F03AFFD4E9062300F092FC2A4633465A
:1010200000F032FFD4E9042300F08AFC2A4633465C
:1010300000F02AFFD4E9022300F082FC2A4633465E
:1010400000F022FFD4E90023BDE8F04100F078BCB5
:10105000012201F006BE00F073BC002213461046C8
:10106000114600F029BD40F2013200204FF0E0416E
:1010700001F0F7BD024A0020110701F0F2BD0000A7
:1010800001FDFFFF10B50446D1E9000100F002F8B0
:10109000206010BDF8B504460D466A4600F058FBC6
:1010A00000987E30009000281FDC00221346204666
:1010B000294600F059FE18D0002140F608004FF0F4
:1010C000000006462046294600F008FC044640F68B
:1010D000080006EA00014FF0000034F0004004BFB1
:1010E0000220FEF719FA2046F8BD0098FF280DDB14
:1010F0000220FEF711FA002213462046294600F08E
:10110000C1FF8CBF04484FF0FF40F8BD2046294680
:10111000BDE8F84000F0E2BB000080FF10B50446D7
:101120000A46D4E90003194600F03EFBC4E9000179
:1011300010BD30380A2801D20120704700207047C6
:101140002DE9F04D8D4F21F0004A86B005460C4642
:10115000BA452ADBAAEB070028430AD08848824513
:1011600001DC1AD1CDB106B02846BDE8F04DFFF73D
:101170006FBF844A844B284600F086FE07460E4621
:10118000824A834B2846214600F07EFE06B03A464E
:101190003346BDE8F04D00F0D3BB0120FEF7BCF9AB
:1011A00006B0BDE8F04DFFF758BF7A48824542DAF5
:1011B000BAF1795F0BDA2846FFF7E1FE042808BF91
:1011C000FFF758FF284606B02146BDE8F08D2A46B5
:1011D0000B46104600F058FE834602466E480E4607
:1011E0000B4606217844FFF7DEFE5A46334600F0F0
:1011F0004BFE804669488A465A4633460421784465
:10120000FFF7D1FE5A46334600F03EFE00223B4631
:1012100000F096FB02460B464046514600F04CFC5F
:101220002A46234600F030FE06B02A462346BDE893
:10123000F04D00F085BB284624F0004100223D46D9
:101240003B4600F055FF4FF0FF3201F00AFD064625
:10125000024653480F460B4606217844FFF7A3FE8B
:1012600032463B4600F010FECDE900014D483246C3
:101270003B4604217844FFF796FE32463B4600F099
:1012800003FE00222B4600F05BFB834602913046B2
:10129000394600F0C3FA804643480D46504517DCF6
:1012A000DDE900015A46029B00F006FC42462B464F
:1012B00000F0EAFD42462B4600F042FB012201F01D
:1012C000D0FC304A304B01F005F8304A304B4CE04E
:1012D0004FF0000A52460B46404600F031FBCDE984
:1012E000031052462B461046194600F0CDFD3246FB
:1012F0003B4600F0FDFEDDE9033200F0DDFB064673
:101300000F46DDE900015A46029B00F0D5FB8346FB
:10131000009101223046394601F0A3FC194A1A4BCC
:1013200000F0E6FE06460F4601224046294601F03F
:1013300098FC5A46009B00F0A7FD32463B4600F061
:10134000C9FF06460F4601225046294601F089FC96
:101350000E4DDFF858802A46434600F0C9FE32465B
:101360003B4600F0C5FE2A46434600F0C1FE002C75
:10137000D8BF81F0004106B0BDE8F08D0000F03F1D
:101380000000F07F075C143326A6913C182D4454CE
:10139000FB21F93F0000E03F082E00001E2E000058
:1013A000922D0000A82D00003333EF3FFB21E93FD1
:1013B0002DE9F84F04460D4621F000400091734995
:1013C000814211DC7249884201DC06D12CB12046F1
:1013D0002946BDE8F84FFFF73BBE6E48002DCCBF55
:1013E0006D496E49BDE8F88F6D49814211DD6D4947
:1013F0008142D8BF4FF0FF366DDD20462946FFF70A
:10140000BEFD042808BFFFF735FE20462946BDE88B
:10141000F88F6549654F25F00045814233DD644909
:10142000814219DD002632464FF08043204629468E
:1014300000F086FA80468A4601222046294601F0BD
:1014400010FC00223B4600F045FF4246534600F0A8
:1014500033FB04460D463EE001260022BA463B46D9
:101460002046294600F06CFA80460F46002253467B
:101470002046294600F02EFF42463B4600F01CFB6A
:1014800004460D4627E04B4981421BDDDFF828A1C9
:101490000226002253462046294600F0F5FC002291
:1014A0003B4600F04DFA80460F4600225346204648
:1014B000294600F00FFF42463B4600F0FDFA044685
:1014C0000D4608E0032622462B4600203B4900F04B
:1014D000F3FA04460D4622462B461046194600F004
:1014E000D3FC8B46824602460B4600F0CDFC0746F5
:1014F0000246334888460B4606217844FFF753FDE1
:1015000052465B4600F0C0FC82462E488B463A4667
:10151000434605217844FFF746FD3A46434600F02E
:10152000B3FC02460B46002E504659460CDA00F03A
:1015300007FA22462B4600F0A7FC01B022462B46B4
:10154000BDE8F04F00F0D4BD00F0FAF922462B467A
:1015500000F09AFC1C4A7A4402EBC603D3E900234C
:1015600000F0B8FE22462B4600F0B4FE174A7A443B
:1015700002EBC603D3E9002300F0BAFD009A002A6B
:10158000B8BF81F00041BDE8F88F000000001044B2
:101590000000F07F182D4454FB21F93FFB21F9BFD7
:1015A0000000DC3F0000203E0000F33F0000F03F61
:1015B0000000E63F008003400000F83F0000F0BF5D
:1015C000AA2B0000682B0000062B0000CE2A00008A
:1015D0002DE9F04D9446CCF1000423F000464CEA8E
:1015E0000404524F46EAD4749A46884621F00042D9
:1015F000BC4206D8454240EA050442EAD474BC42E3
:1016000004D9BDE8F04D6246FFF725BDAAF140556B
:10161000A5F17F6555EA0C040BD0022404EAAA74F4
:10162000434DDFF810E144EAD87452EA000B04D0CD
:101630000CE0BDE8F04DFFF7BBBE002C14BF012C41
:10164000BDE8F08D022C30D0032C32D056EA0C0BC2
:101650000AD0BE4220D1BA4209D126F0804622F0FB
:1016600080423346114617E000291ADB25E0DFF8F7
:10167000C8B0FB44002C04BFDBE90001BDE8F08DDD
:10168000012C02BFDBE9000181F00041BDE8F08DD3
:10169000022C0AD0032C0CD0BA4212D1B8F1000FA0
:1016A0000BDA23482549BDE8F08D28462449BDE8DA
:1016B000F08D28467146BDE8F08D1D482149BDE8F2
:1016C000F08D921B12153C2AC4BF19481D490EDC2F
:1016D000BAF1000FBEBF12F13C0F0020014606DB3D
:1016E000624600F0E9F921F00041FFF761FE002CAD
:1016F00008BFBDE8F08D012C04BF81F00041BDE8BA
:10170000F08D114A114B022C07D000F0E3FD2A4660
:10171000BDE8F04D0A4B00F0DDBD00F0DBFD2A46D0
:10172000BDE8F04D064B00F0E3BC00000000F07F88
:10173000182D4454FB2109C0622A0000FB21F9BF87
:10174000FB210940FB21F93F075C143326A6A13C8D
:1017500010B5144600222260114A21F00043934242
:10176000A8BF10BD53EA000208BF10BDB3F5801F2B
:10177000A8BF226807DA362201F073FA6FF035024B
:1017800021F000432260DFF81CC06FF31E510CEB08
:1017900023531A4441F0FF5141F00051226010BD23
:1017A0000000F07F02FCFFFF2DE9F04106460C46E9
:1017B00040F2FF75174635EA14502BD0002213462D
:1017C000304600F0D1FA25D03A463046214601F0A5
:1017D00048FA06460C4635EA145010D0002213464B
:1017E000304600F0C1FA15D10220FDF795FEFFF753
:1017F00041FC0A46214662F31E01BDE8F081022049
:10180000FDF78AFEFFF72FFC0A46214662F31E0110
:10181000BDE8F08130462146BDE8F0812DE9F04178
:1018200006460F4600F070FC04000D4618BF01206C
:10183000284320F00040C0F17F6000F1E040C00F7D
:101840000ED0301C18BF0120384320F00040C0F1FA
:101850007F6000F1E040C00F04BF0120FDF75CFE97
:1018600020462946BDE8F08100B583B00A46002134
:10187000CDE9001101466846FEF708F9DDE90001EF
:1018800003B000BD10B500290AD00878002807D0A1
:1018900005487844FEF7DEFC002801D0002010BD8A
:1018A0000248784410BD00005A2900005229000067
:1018B00010B500290AD00878002807D005487844D8
:1018C000FEF7C8FC002801D0002010BD0248784473
:1018D00010BD00004A2900004229000021F000420A
:1018E000A2F16052B2F5801F01F0004328BFD2F18F
:1018F0007F6C0BD95FEA001C43EAC20242EB5070D6
:1019000018BF704728BF20F001007047B2F5801F54
:10191000BCBF184670474FEA410C1CF5001F02D2AD
:10192000084601F0B4B870B500F058FB000000891B
:10193000FFF7F6BF4FF00040A0F5800070470000B1
:1019400010B591EA030F48BF83F0004300F1CA8449
:10195000841A71EB030C05D2121943EB0C03001B24
:1019600061EB0C01DFF824E14FEA1154A4EB135CA6
:101970001EEA430F18BF9EEA445F73D023EA0E03AA
:10198000DCF1200E21EA045143F4801332D322FA11
:101990000CFE10EB0E0023FA0CFE41EB0E01CCF115
:1019A000200E03FA0EFE10EB0E0051F10001B1F50E
:1019B000801FCCF1200E32D201EB045112FA0EF24C
:1019C000BDE8104058BF7047401C38BF5FEA420274
:1019D00018BF7047002814BF20F0010041F100013A
:1019E0004FEA410313F5001F38BF7047A1F1C04112
:1019F00000F042BB012A43EB0302ACF1200CDCF106
:101A00001F0E32BF4FF0000E23FA0CF310EB030051
:101A100041EB0451B4EB115FD0D0A1EB045101F5BF
:101A2000801149085FEA300001EB04510ED350F1F8
:101A3000000038BF12FA0EFE08D1BDE81040C9E719
:101A4000401C38BF5FEA4202CAD1C3E7BDE810407C
:101A50004FEA410313F5001F38BF7047A1F1C041A1
:101A600000F00ABB9EEA445F08D011EA5E0FBDE8B1
:101A7000104004BF01F0004100207047BDE8104055
:101A800070B500F0ABFA00BF64FBBE3E0000E0FFA3
:101A900002494FF0000001F0B2B800BF0000F87F2B
:101AA000491058BFC1F140415B1058BFC3F14043DA
:101AB0008B42EFF3008070472DE9C04130B4DFF86E
:101AC000A0C23CEA111418BF3CEA131400F0EC80E9
:101AD00081EA03051CEA111444EAD57418BF1CEA14
:101AE000131500F0C780A4EB05044FF0004545EA4C
:101AF000C12145EAC32341EA505143EA525304F15C
:101B00007F74994204F500344FEAC0204FEAC222A4
:101B100008BF904200F09C804FEA13650FF2401618
:101B2000765D4FEA134506FB05F7C7F1807706FBA4
:101B300007F74FEAD737A7FB03687642C8F5803826
:101B4000A7FB06CE38BFA8F1010807FB08E64FF057
:101B5000000EA6FB028CE6FB03CEDCF1000CCEF1FE
:101B6000004E38BFAEF1010EA6FB0C584FF0000737
:101B70004FF00005E6FB0E87A1FB08C6A0FB07CED1
:101B800016EB0E0645F10005E1FB076515F1E04E89
:101B90007EBFA4F580345FEA46066D4116F18007EA
:101BA00045F100054FEA17274FEA066647EA056741
:101BB000A6F1DE46B6F1805F4FEA15251FD93846FB
:101BC00024F0010C05EBC471BCF1FE6F01EB0C11AC
:101BD00002D8F0BCBDE8008124425CBF01F5801E44
:101BE0009EEAC47F02D4F0BCBDE80081244238D410
:101BF000F0BCA1F1C041BDE8004100F03DBA4FEAA0
:101C0000D22242EA43524FEAD323A7FB02864FEA8D
:101C1000D02040EA415007FB03661EEA0E0F4FEA50
:101C2000D12105FB026658BFA6EB0056B6EB005665
:101C30004FEA520E4EEAC37E18EB0E0E56EB530ED1
:101C4000BDD518EB02085E417F1C55F10005B6E7D3
:101C50004FF480154FF000074FF000064FF00008DA
:101C6000ADE7F0BC4FF0000001F1C04101F00041D0
:101C7000BDE8008111EA0C1F0CEA131500D00CE03E
:101C800013EA0C1F00F025804FF00000F0BC81EA41
:101C9000030101F00041BDE80081F0BCBDE8004156
:101CA00081EA030100F0E8B9F0BCBDE8004170B57D
:101CB00000F094F9097EFC3E00F007B881EA0301C8
:101CC0004FF0000001F00041704781EA030100F08D
:101CD000D3B9F0BCBDE800414FF000002149704786
:101CE000FFFDFBF9F7F5F4F2F0EEEDEBE9E8E6E4E1
:101CF000E3E1E0DEDDDBDAD8D7D5D4D3D1D0CFCD68
:101D0000CCCBCAC8C7C6C5C4C2C1C0BFBEBDBCBBA0
:101D1000BAB9B8B7B6B5B4B3B2B1B0AFAEADACAB9B
:101D2000AAA9A8A8A7A6A5A4A3A3A2A1A09F9F9E75
:101D30009D9C9C9B9A999998979796959594939327
:101D4000929191908F8F8E8E8D8C8C8B8B8A8989BE
:101D50008888878786858584848383828281818041
:101D60000000FF070000F87F51EA030C17D41CF5B0
:101D7000801F58BFBCF5801F00F10680994218BF34
:101D8000704708BF9042704707D711F5801F58BFB2
:101D900013F5801F19D499427047894270471CF58A
:101DA000801F08D5BCF5801FF7D58B4218BF704740
:101DB00008BF824270474FF4001C1CEB410F38BF34
:101DC0001CEB430F01D28B42704770B500F006F94F
:101DD000922449004FF000514FF08053FFF760BE4E
:101DE00010F0004248BF4042B0FA80F310FA03F10D
:101DF0000AD0C3F11D0303F580634FEA415002EBA3
:101E0000035202EBD12170474FF0000070470000F1
:101E100051EA030C17D41CF5801F58BFBCF5801F76
:101E200000F10680994218BF704708BF9042704782
:101E300007D711F5801F58BF13F5801F19D4994299
:101E40007047894270471CF5801F08D5BCF5801F7C
:101E5000F7D58B4218BF704708BF824270474FF4D6
:101E6000001C1CEB410F38BF1CEB430F01D28B420F
:101E7000704770B500F0B2F8922449004FF000515D
:101E80004FF08053FFF70CBEDFF848C170B51CEA75
:101E9000111E1EBF1CEA13159EEA0C0F95EA0C0FCB
:101EA00000F06F8081EA030423EA4C134EEAD47EEB
:101EB00021EA4C1141F4801143F48013AE44A1FB9C
:101EC000024CA0FB0365AEF17F7E361955EB0C0585
:101ED000A1FB034C4CF10003A0FB021C16EB0C060B
:101EE000654153F10003094218BF46F0010613F49F
:101EF000007F0BD14FEA03314FEA0530340341EA4A
:101F0000155140EA16506FF003020AE04FEAC32170
:101F10004FEAC520F40241EA555140EA56506FF0AD
:101F2000020202EB2E4201EB025585EACE710AD085
:101F30005FEA440C18BF24F0004450F1000041F166
:101F4000000120EAD47040F2FE7C624500D270BDF0
:101F5000A84214BF4FF080444FF04044002E08BF09
:101F60000024BEF1806FA8BFA1F1C041BDE8704060
:101F700080F282804FF0000001F1C04101F0004189
:101F800070479EEA0C0F0CEA131518BF95EA0C0F68
:101F900006D04FF0000081EA030E0EF0004170BD44
:101FA00000F01CF88900013E00F007B800F009B805
:101FB0004FEA430C5FEA5C5C08D081EA030100F061
:101FC0005BB84FEA410C5FEA5C5CF6D14FF0000071
:101FD000014970470000FF070000F87F0EF1020E74
:101FE0002EF0030E5EF8046B364205D4012A43EB53
:101FF000030515F5001F12D8012841EB010C1CF553
:10200000001F0CD80ED14FEAD17C15F5001F0CEB48
:102010004C0C0CF1020C08BF4CEBD37C04E04FF0ED
:10202000080C01E04FEAD37C0CEB4C0526FA05F6D0
:1020300006F00706B6F1040C06D20EEB860CBDE8DE
:1020400070404CF0010C6047DFE80CF0090B020215
:102050004FF000414FF00000A1F5002170BD19467E
:102060001046012851EB010418BFD4F5001484BFB9
:10207000002001F0004170BD0808A0F500114FEAF2
:102080003101704753EA010C17D41CF5801F58BF6B
:10209000BCF5801F00F106808B4218BF704708BF57
:1020A0008242704707D713F5801F58BF11F5801F74
:1020B00019D48B4270479B4270471CF5801F08D58E
:1020C000BCF5801FF7D5994218BF704708BF9042F2
:1020D00070474FF4001C1CEB430F38BF1CEB410F43
:1020E00001D2994270470FB40CBC03BCFFF7C1BECC
:1020F00091EA030F10B581F000413FF529AC83F060
:10210000004300F0EFB800002DE9F04101F5801C1C
:10211000BCF5001FC0F2C3804FEA115C21EA0C51EC
:102120000CF1FD0C41F480115FEA5C0C0CF5C07CF5
:1021300001D3400049413DA4890241EA9051870200
:102140008E0E0A0CA45D04FB04F602FB06F6C6F133
:102150004046A4FB0662F60D46EA422606FB06F45C
:10216000A4FB01235242C3F1404338BF5B1EA6FBD0
:1021700002420024E6FB0324D20B42EA4446A6FBBB
:102180000623A1FB02E2A3FB07E4A4184FF0000220
:1021900052F10002E3FB01426442C2F1404E38BFFB
:1021A000AEF1010EA6FB04234FF00002E6FB0E3257
:1021B000A2FB03464FF00004B61954F10004E2FB01
:1021C0000264A1FB06E6A4FB07E816EB08064FF045
:1021D000000858F10008E4FB01687642C8F1405855
:1021E00038BFA8F10108A2FB06E4A3FB08E52D19FE
:1021F0004FF0000454F10004E2FB0854A1FB05E693
:10220000A7FB04E818EB06084FF0000656F100069D
:10221000E1FB048618F1200556F10006A809A8F193
:102220001B08B10908F03F08B8F10A0F40EA8660C0
:102230001CD901EB0C51BDE8F08100BFFCF5EEE8C4
:10224000E2DDD8D3CFCBC7C3C0BDB9B6B4B1AEAC55
:10225000A9A7A5A3A19F9D9B9A9896959392908FCD
:102260008D8C8B898887868584838281A0FB00681A
:1022700000FB01F208EB4208B8EB872807D53418B9
:1022800058EB0104D5D5401C51F10001D1E7341AB7
:1022900078EB0104CDD4401E71F10001C9E75FEA7B
:1022A0004C0C5FEA9C5C0DD105D34FF0000001F0AF
:1022B0000041BDE8F081BDE8F04170B5FFF78EFE4A
:1022C0006DDBFFBEBDE8F0414FF0000000497047F4
:1022D0000000F87F10B591EA030F48BF83F0004378
:1022E0003FF536AB841A71EB030C07D212198CF050
:1022F000004C43EB0C03001B61EB0C01DFF8A4E185
:102300004FEA1154A4EB135C1EEA430F18BF9EEA78
:10231000445F00F0B08023EA6E03524221EA045188
:10232000C3EB6E0338BF5B1EDCF1200E25D322FA0F
:102330000CFE10EB0E0043FA0CFE41EB0E01CCF14B
:10234000200E03FA0EFE10EB0E0051F10001CCF14D
:10235000200E29D412FA0EF201EB0451BDE8104010
:1023600058BF7047401C1CBFB2F1004F7047002897
:102370000CBF491C20F00100704712EB020E43EB2A
:10238000030218BF4FF0010E4EEA4202ACF1200CDE
:10239000DCF11E0E54D943FA0CFE10EB0E0051F185
:1023A000FF31CCF11E0ED5D50EF1010E12FA0EFE44
:1023B000404141EB010101EB445C5FEA5C5C10D9F8
:1023C00010EBDE7001EB045138BFBEF1004FBDE8E9
:1023D000104018BF704700280CBF491C20F00100B6
:1023E000704730D24FEAD42C11F5001124F4006468
:1023F0001BD0B1FA81F20B3AA41AA41ED2F1200329
:10240000914030FA03F31943904001EBCC71002C5A
:1024100001EB0451BDE81040A8BF704701F1C04175
:102420004FF0000001F000417047B0FA80F310FA5D
:1024300003F100D110BDE41A173C4805C90AE4E7CE
:1024400001EB045110BD491001EB0451BDE81040EF
:102450004FEA300002E04FF0000170474A0008BF29
:102460000042F8D0B2F5001F28BF704701F00041CC
:102470004FF0000070479EEA445F07D011EA5E0FFC
:10248000BDE8104004BF002100207047BDE81040A7
:1024900070B5FFF7A3FD00BF40DFF63E83F00041BB
:1024A000104670470000E0FF43004FEAD30C4FEAAC
:1024B0003C0C43401FBF40070CF1605113F0FE4F2E
:1024C00070471CF0006F03D100200CF000417047F2
:1024D0000CF0004343EA507010B540EACC0000F025
:1024E00090FA00BF000000924FEA0001FFF7C4BD60
:1024F0004FF000414FF00000A1F5002170470000AF
:1025000090EA010F48BF81F0004100F10883421AB0
:102510003CBF801A89184FEAD0524FF07F4C1CEA1A
:10252000410FA2EBD15318BF9CEA026F00F03B8031
:102530004FF0004C4CEA00204CEA012121FA03FC48
:1025400010EB0C0C1ED202F1FF325FEA1C2040EBB4
:10255000C25038BF70471CF07F0F4FEA400C18BFC5
:10256000BCF17F4F38BF7047C3F12003994008BFCB
:1025700020F00100BCF17F4F38BF7047A0F1C04090
:1025800000F085BA4FEA3C00000A40EBC25028BF79
:102590001CF0FF0F4FEA400CE6D018BFBCF17F4F94
:1025A00038BF7047EAE79CEA026F05D010EA5C0F7B
:1025B00008BF00F00040704710B500F022FA00BFDD
:1025C00064FBBE3E401058BFC0F14040491058BFA8
:1025D000C1F140418142EFF3008070474FF47F0C1E
:1025E0001CEAD0121EBF1CEAD11392EA0C0F93EA28
:1025F0000C0F00F0858090EA010F48BF42F4807212
:1026000040F4000C41F400002CF07F4120F07F40AA
:1026100000B58142A2EB03020FF2081CACEB504E56
:10262000C0F100009EF800E04FEA4E0E00FB0EFCE9
:1026300038BF49004FEA2C1C02F5FA020CFB0EF3DE
:102640004FEACE1E4FEA112C4FEAC1210EEB635E1A
:1026500042EB22420EFB0CFC4FEA1C5300FB031121
:102660004FEA112C4FEA01310EFB0CFC4FEADC4C17
:1026700000FB0C11C14228BF09184CEB03335DF875
:1026800004EB10EB410143EBC250B2F57C0F38BFB5
:10269000704729D512F0F00F1CBF00F1C04000F0C8
:1026A00000407047008182838485868788898B8C6F
:1026B0008D8E8F919293959697999A9C9D9FA0A2AB
:1026C000A3A5A7A8AAACAEB0B2B3B5B7B9BCBEC0FB
:1026D000C2C5C7C9CCCED1D4D7D9DCDFE2E6E9EC9C
:1026E000F0F3F7FAFE0000004FEA400C0CF1807C9A
:1026F000BCF17E4F28BF7047B0F1C04000F0C7B9B1
:1027000090EA010F0CEAD11348BF42F4807262458F
:1027100038BF634507D213F47F0F16D080EA01005B
:1027200000F00040704710B500F06BF9097EFC3EE8
:1027300000F005B880EA010000F00040704780EA30
:10274000010000F0004000F0A2B912F47F0F04BFB6
:102750000248704780EA010000F099B90000C07F8C
:1027600050EA010C00F113801CF5000F58BFBCF5B6
:10277000000F01D48842704707D710F5000F58BFEB
:1027800011F5000F15D488427047894270471CF537
:10279000000F04D5BCF5000FF7D5814270474FF00C
:1027A000807C1CEB400F38BF1CEB410F01D28142F3
:1027B000704710B500F025F9922449004FF0005001
:1027C0004FF08051FFF7FEBE41000B0ED3F19E0289
:1027D00008D950F400034FEA032323FA02F048BF5C
:1027E0004042704710B500F00CF900BF49922480B8
:1027F000002070476FF0004282EA2000704700001E
:10280000C10DD1F19E0206DB4FEA002343F00043E5
:1028100023FA02F07047004207D54FEA4001B1F1B8
:10282000FE4F02D24FF00000704710B500F0E9F8FB
:1028300049922480002070476FEA20007047000012
:1028400010F0004148BF4042B0FA80F310FA03F2A2
:10285000C3F19D030BD051EAC35101EB1220530683
:1028600038BF704700F1010008BF20F00100704739
:10287000B0FA80F310FA03F2C3F19D030AD0D90530
:1028800001EB1220530638BF704700F1010008BF6A
:1028900020F001007047000050EA010C00F11380A5
:1028A0001CF5000F58BFBCF5000F01D488427047DB
:1028B00007D710F5000F58BF11F5000F15D4884247
:1028C0007047894270471CF5000F04D5BCF5000F16
:1028D000F7D5814270474FF0807C1CEB400F38BF2A
:1028E0001CEB410F01D28142704710B500F089F80E
:1028F000922449004FF000504FF08051FFF762BE24
:102900004FF47F0C1CEAD0121EBF1CEAD11392EACE
:102910000C0F93EA0C0F00F0478090EA010F48BFBC
:1029200042F480724FF0004C4CEA00204CEA012146
:1029300002EB0302A0FB0113A2F50002002918BF5D
:1029400043F001035B0028BF4FEA330342EB22420E
:102950005FEA132C4CEBC2502EBFBCEB436FB2F5B9
:102960007C0F70474FEA036CBCF1004F08BF20F0AA
:102970000100B2F57C0F38BF70470BD582F0FF0223
:1029800012F5803FC8BF704700F1C040D8BF00F0CB
:102990000040704700F5000C5FEA4C0C48BF7047E0
:1029A000B0F1C04000F073B890EA010F0CEAD11307
:1029B00048BF42F48072624538BF634504D280EA62
:1029C000010000F00040704710B500F01AF800BF99
:1029D0008900013E00F007B800F009B85FEA410C39
:1029E0005FEA1C6C08D080EA010000F050B85FEA92
:1029F000400C5FEA1C6CF6D14FF00040A0F580005F
:102A000070470EF1020E2EF0030E5EF8044B2442C6
:102A100004D44FEA4102B2F17F4F11D84FEA40038C
:102A2000B3F17F4F0CD80ED14FEAD07CB2F17F4F7B
:102A30000CEB4C0C0CF1020C08BF4CEBD17C04E00D
:102A40004FF0080C01E04FEAD17C0CEB4C0324FA68
:102A500003F404F00704B4F1040C06D20EEB840C6A
:102A6000BDE810404CF0010C6047DFE80CF00708AF
:102A700002024FF00040A0F5800010BD0846420061
:102A800018BFD2F1807288BF00F0004010BDFF2156
:102A900041EAD050C005704751EA000C00F11380A4
:102AA0001CF5000F58BFBCF5000F01D481427047E0
:102AB00007D711F5000F58BF10F5000F15D481424C
:102AC0007047894270471CF5000F04D5BCF5000F14
:102AD000F7D5884270474FF0807C1CEB410F38BF20
:102AE0001CEB400F01D28842704780EA010081EA66
:102AF000000180EA0100FFF7F8BE80F0004090EA94
:102B0000010F7FF504AD81F0004100F008B800002E
:102B100090EA010F48BF81F000413FF5F8AC421A3E
:102B200004D882F00042A0EB020011444FEAD052D8
:102B30004FF07F4C1CEA410FA2EBD15318BF9CEA27
:102B4000026F4AD04FF0004C4CEA00204CEA0121C1
:102B500021FA03FCB0EB0C0C0FD412F0FE0F36D0B0
:102B60005FEA4C001DD5001240EBC25038BF7047E1
:102B70001CF03F0F18BF70470BE0A2F101025FEAA3
:102B80001C2040EBC25038BF70471CF07F0F18BFAD
:102B90007047C3F12003994014BF401E20F001008C
:102BA000704780084FEA122308BF7047B0FA80FCD4
:102BB000A2EB0C02CCF1280C60FA0CF093EA122F75
:102BC00004BF00EBC25070474FEAC3707047130A4E
:102BD0005FEADC1008BF7047F6E79CEA026F04D09A
:102BE00010EA5C0F08BF0020704710B5FFF709FF1F
:102BF00040DFF63E81F000407047FCF7C3BD0CF0AB
:102C00000F03092B08BF082000F05F800A2B0BD0B0
:102C1000082B18BF704708BF1CF0400F0AD04FF0B8
:102C200000004FF0000170471CF0400F18BF4FF03C
:102C3000004070471CF0100F08D020F0704300F0E7
:102C40007F4242EAD3014FEA4370704700F0604090
:102C500021F07F4242EA000201F07F4040EA7270B8
:102C600070474FF0FF0C4CF4E06C1CEA11531CBF92
:102C70009CEA030C9445C2BFDA4201EB0251704753
:102C8000002B0DD0BCF1000F0FD0002A01F0004145
:102C9000A4BF41F0E04141F07F614FF00000704778
:102CA00001F000414FF00000704750EA01334FF04F
:102CB0009B0C18BF4CF0806C7EF4EAAE7047FDF7B9
:102CC0006FB9FDF707BBFDF791BC1CF4801F11D055
:102CD0001CF4E02F03D06FEACC31490070474FF06D
:102CE0004050EFF3008222F0704242EA000282F389
:102CF000008870474FF0000070470000000000009F
:102D00000000002F000000000700070000147F14DF
:102D10007F1400242A7F2A120062640813230036DD
:102D20004955225000000503000000001C2241000C
:102D3000000041221C000014083E08140008083E50
:102D40000808000000A0600000080808080800004B
:102D500060600000002010080402003E5149453E1A
:102D60000000427F40000042615149460021414538
:102D70004B31001814127F10002745454539003C9F
:102D80004A4949300001710905030036494949366D
:102D900000064949291E000036360000000056365C
:102DA0000000000814224100001414141414000040
:102DB0004122140800020151090600324959513ECE
:102DC000007C1211127C007F49494936003E414186
:102DD0004122007F4141221C007F49494941007F37
:102DE00009090901003E4149497A007F0808087F26
:102DF0000000417F4100002040413F01007F081456
:102E00002241007F40404040007F020C027F007F53
:102E10000408107F003E4141413E007F0909090638
:102E2000003E4151215E007F09192946004649496B
:102E300049310001017F0101003F4040403F001F38
:102E40002040201F003F4038403F006314081463B7
:102E500000070870080700615149454300007F41A1
:102E6000410000552A552A55000041417F000004C9
:102E70000201020400404040404000000102040002
:102E8000002054545478007F484444380038444467
:102E9000442000384444487F0038545454180008F3
:102EA0007E0901020018A4A4A47C007F0804047811
:102EB0000000447D4000004080847D00007F102899
:102EC00044000000417F4000007C04180478007C2E
:102ED0000804047800384444443800FC24242418AE
:102EE0000018242418FC007C0804040800485454EA
:102EF000542000043F444020003C4040207C001C03
:102F00002040201C003C4030403C00442810284415
:102F1000001CA0A0A07C004464544C44141414145D
:102F20001414000000000000000000000000000079
:102F30000404040404000004000014140A00000047
:102F400000000000000000000A0A1F0A0A1F0A0A07
:102F5000000000040E1505060C14150E04000000F8
:102F600012150D152E2C2A1200000000040A0A3634
:102F700015152916000002020100000000000000E3
:102F800000001008080404040404080810000204E7
:102F90000408080808080404020000000004150ED4
:102FA0000E150400000000000008083E080800009C
:102FB000000000000000000000000202010000000C
:102FC0000000003F000000000000000000000000C2
:102FD0000000000200000020101008080404020293
:102FE000010000000E1111111111110E000000005E
:102FF000040604040404040E000000000E1111086D
:103000000402011F000000000E11100C1010110E20
:1030100000000000080C0C0A091F081C000000003A
:103020001F01010F1110110E000000000C12010D04
:103030001311110E000000001E10080804040404FF
:10304000000000000E11110E1111110E0000000001
:103050000E111119161009060000000000000400EE
:103060000000000400000000000000040000000454
:103070000400000010080402020408100000000010
:1030800000003F003F0000000000000002040810A4
:1030900010080402000000000E11110804040004CE
:1030A000000000001C22292D2D1D221C0000000004
:1030B00004040C0A0A1E1233000000000F12120E44
:1030C0001212120F000000001E1101010101110E69
:1030D000000000000F1212121212120F0000000066
:1030E0001F120A0E0A02121F000000001F120A0E11
:1030F0000A020207000000001C1201013911120C23
:10310000000000003312121E1212123300000000E1
:103110001F0404040404041F000000003E08080803
:10312000080808080907000037120A060A121237B1
:1031300000000000070202020202223F000000001D
:103140003B1B1B1B15151535000000003B12161606
:103150001A1A1217000000000E1111111111110E90
:10316000000000000F12120E020202070000000011
:103170000E1111111117190E180000000F12120E66
:103180000A121237000000001E1101060810110F6C
:10319000000000001F1504040404040E00000000D9
:1031A000331212121212120C000000003312120A13
:1031B0000A0C040400000000151515150E0A0A0A71
:1031C000000000001B0A0A04040A0A1B0000000099
:1031D0001B0A0A0A0404040E000000001F09080468
:1031E0000402121F00001C04040404040404040468
:1031F0001C000002020404040808081010000E0855
:1032000008080808080808080E00040A0000000062
:1032100000000000000000000000000000000000AE
:10322000003F020400000000000000000000000059
:103230000000000C121C123C000000030202020EEF
:103240001212120E000000000000001C1202120CEC
:10325000000000181010101C1212123C0000000098
:103260000000000C121E021C000000182404041EA2
:103270000404041E000000000000003C120C021CAC
:10328000221C00030202020E121212370000000478
:10329000040000060404040E000000080800000CEE
:1032A00008080808080700030202021A0A060A139F
:1032B00000000007040404040404041F00000000CC
:1032C0000000000F15151515000000000000000F8C
:1032D00012121237000000000000000C1212120C33
:1032E000000000000000000F1212120E0207000082
:1032F0000000001C1212121C103800000000001BFD
:1033000006020207000000000000001E020C101E52
:10331000000000000004041E0404041C000000005F
:103320000000001B1212123C000000000000001BF5
:103330000A0A04040000000000000015150E0A0A25
:10334000000000000000001B0A040A1B000000002F
:103350000000003312120C08040300000000001EDD
:103360000804041E000018080808080C08080808CB
:1033700018000808080808080808080808080604CB
:1033800004040408040404040600160900000000F4
:1033900000000000000000006800000476005401F6
:1033A000F7FD000175191A0C6A231B1C1F2072748B
:1033B000433B4138393A6B6C376F06246D6E7000B1
:1033C0008300000000080000000100183200050022
:1033D000000020410000D242295C0F3E9A99993E9C
:1033E0003333733F295C0F3E00007000000000245F
:1033F000000000020003000000650054FFEF000021
:10340000FA80000B12820001030C30C30E8C8CE991
:1034100014D5400213710F8E3883F8833000F8837F
:10342000258EF8833000F883FFFFFFFF0FFEA9D63B
:10343000240004001A8279A10000003CFFFF000074
:103440000010000038836FA2003E033040000000EF
:1034500002CAE3093E8000002000000000000000D6
:103460004000000060000000000C0000000C186E1E
:10347000000006920A16C0DFFFFF0256FD8CD377CC
:10348000FFE1C496E0C5BEAA00000000FFFF0B2BC1
:1034900000001657000003594000000000001DFA0C
:1034A00000026C1D000000003FFFDFEB003EB3B6E2
:1034B000000D227800002F3C00000000001942B5EA
:1034C000000039A20000B365D90E9FC91DCF4C344E
:1034D00030000000500000003BB67AE800640000B5
:1034E00000C8000000000000100000001000FA9268
:1034F0001000225E000D229F00010000003200003B
:10350000FF46000063D400001000000004D6000055
:1035100004CC000004CC0000000010720000004049
:103520000000000000000000000600020005000787
:103530000000000000640000000000000000000522
:1035400000050064002000000000000000000000F2
:10355000000040000000030000000032F898000066
:10356000FF650000830F0000FF9BFC0000000000CF
:10357000000000000000000000000000000000004B
:10358000000000000000000000000000000000003B
:1035900000000000000010004000000000000006D5
:1035A0000000B26A000200000001FB830068000016
:1035B00000D9FC007CF1FF830000000000650000E2
:1035C000006403E8006400280000002500000000FB
:1035D00016A000000000100000001000002F0000E6
:1035E000000001F40000100000280000FFFF4581EA
:1035F000FFFFFA7200000000000000000044000518
:103600000005BAC6004778A20000000100000000D3
:1036100000000600000000140000254D002F706D12
:10362000000005AE000C02D0000000000000000009
:103630000000000000000000001B0000000000006F
:10364000000000000000000000640000000800000E
:10365000000000000000000000000000000000006A
:10366000000000000000000000000000000000005A
:10367000000000000000000000000000000000004A
:10368000000000000000000000000000000000003A
:10369000000000000000000000000000000000002A
:1036A0000000000000000000001B000000000000FF
:1036B00000000000000E000E00000AC70004000019
:1036C00000000032FFFFFF9C00000B2B00000002F7
:1036D0000000000100000064FFE5000000000000A1
:1036E00000000000000000000000000100000000D9
:1036F00000010000000000000001800000018000C7
:1037000000018000002426D300000000000000001B
:10371000000600100096003C0000000000000000C1
:1037200000000000000000000C0A4E68CDCF7709B1
:1037300050166759C619CE82000000000000000034
:103740000000000000000000000000000000000079
:1037500017D78400030000000000000000000000F4
:10376000C7938F9D1E1B1C19000000000000000065
:103770000000000000000000000000000000000049
:103780000203188500004000000000030000000351
:1037900000000000000000004000000000000000E9
:1037A0000000000000000000000000000000000019
:1037B0000000000000000000000000000000000009
:1037C000000000000000000000000000677DDF7EB8
:1037D00072902E554CF6E6880000000000000000B4
:1037E0000000000000000000D8DCB4B8B0D8B9ABCD
:1037F000F3F8FAB3B7BB8E9EAEF132F51BF1B4B855
:10380000B08097F1A9DFDFDFAADFDFDFF2AAC5CD45
:10381000C7A90CC92C97F1A989264666B28999A92E
:103820002D557DB0B08AA896365676F1BAA3B4B2BB
:1038300080C0B8A89711B28398BAA3F024084410A6
:103840006418B2B9B49883F1A329557DBAB5B1A370
:103850008393F0002850F5B2B6AA839328547CF1E4
:10386000B9A3829361BAA2DADEDFDB819AB9AEF541
:10387000606870F1DABAA2DFD9BAA2FAB9A382926B
:10388000DB31BAA2D9BAA2F8DF85A4D0C1BBAD831F
:10389000C2C5C7B8A2DFDFDFBAA0DFDFDFD8D8F14B
:1038A000B8AAB38DB4980D355DB2B6BAAF8C96197F
:1038B0008F9FA70E161EB49AB8AA872C547CBAA460
:1038C000B08AB691325676B28494A4C808CDD8B8DE
:1038D000B4B0F19982A82D557D98A80E161EA22C81
:1038E000547C92A4F02C5078F184A898C4CDFCD8D4
:1038F0000DDBA8FC2DF3D9BAA6F8DABAA6DED8BA41
:10390000B2B68696A6D0F3C841DAA6C8F8D8B0B445
:10391000B882A892F52C548898F135D9F418D8F1CA
:10392000A2D0F8F9A884D9C7DFF8F883C5DADF692F
:10393000DF83C1D8F40114F1A8824EA884F311D119
:1039400082F5D992289788F109F41C1CD884A8F331
:10395000C0F9D1D99782F129F40DD8F3F9F9D1D969
:1039600082F4C203D8DEDF1AD8F1A2FAF9A884984B
:10397000D9C7DFF8F8F883C7DADF69DFF883C3D87F
:10398000F40114F198A8822EA884F311D182F5D9FC
:1039900092509788F109F41CD884A8F3C0F8F9D1A3
:1039A000D99782F149F40DD8F3F9F9D1D982F4C449
:1039B00003D8DEDFD8F1AD8898CCA809F9D9829276
:1039C000A8F57CF1883ACF944A6E98DB6931DAAD7C
:1039D000F2DEF9D88795A8F221D1DAA5F9F417D942
:1039E000F1AE8ED0C0C3AE82C684C3A88595C8A5EB
:1039F00088F2C0F1F4010EF18E9EA8C63E56F55431
:103A0000F18872F40115F19845856EF58E9E048853
:103A1000F142985A8E9E068869F4011CF1981E1195
:103A200008D0F504F11E970202983625DBF9D985F6
:103A3000A5F3C1DA85A5F3DFD88595A8F309DAA542
:103A4000FAD88292A8F578F1881A849F268898215E
:103A5000DAF41DF3D8879F39D1AFD9DFDFFBF9F452
:103A60000CF3D8FAD0F8DAF9F9D0DFD9F9D8F40B99
:103A7000D8F3879F39D1AFD9DFDFF41DF3D8FAFC33
:103A8000A869F9F9AFD0DADEFAD9F88F9FA8F1CC9E
:103A9000F398DB45D9AFDFD0F8D8F18F9FA8CAF3F0
:103AA0008809DAAF8FCBF8D8F2AD978D0CD9A5DFA6
:103AB000F9BAA6F3FAF412F2D8950DD1D9BAA6F351
:103AC000FADAA5F2C1BAA6F3DFD8F1BAB2B6869691
:103AD000A6D0CAF349DAA6CBF8D8B0B4B8D8AD842A
:103AE000F2C0DFF18FCBC3A8B2B68696C8C1CBC3F4
:103AF000F3B0B48898A821DB718D9D71859521D98B
:103B0000ADF2FAD88597A828D9F408D8F28D29DA29
:103B1000F405D9F285A4C2F2D8A88D9401D1D9F4C4
:103B200011F2D88721D8F40AD8F28498A8C801D114
:103B3000D9F411D8F3A4C8BBAFD0F2DEF8F8F8F886
:103B4000F8F8F8F8D8F1B8F6B5B9B08A95A3DE3C24
:103B5000A3D9F8D85CA3D9F8D87CA3D9F8D8F8F9B8
:103B6000D1A5D9DFDAFAD8B18530F7D9DED8F83067
:103B7000ADDADED8F2B48C99A32D557DA083DFDFBA
:103B8000DFB591A0F629D9FBD8A0FC29D9FAD8A095
:103B9000D051D9F8D8FC51D9F9D879D9FBD8A0D0CF
:103BA000FC79D9FAD8A1F9F9F9F9F9A0DADFDFDF60
:103BB000D8A1F8F8F8F8F8ACDEF8ADDE8393AC2CB9
:103BC000547CF1A8DFDFDFF69D2CDAA0DFD9FADB29
:103BD0002DF8D8A850DAA0D0DED9D0F8F8F8DB5507
:103BE000F8D8A878DAA0D0DFD9D0FAF8F8F8F8DB5E
:103BF0007DF8D89CA88CF530DB38D9D0DEDFA0D09A
:103C0000DEDFD8A848DB58D9DFD0DEA0DFD0DED891
:103C1000A868DB70D9DFDFA0DFDFD8F1A888902C9F
:103C2000547C98A8D05C38D1DAF2AE8CDFF9D8B0E9
:103C300087A8C1C1B188A8C6F9F9DA36D8A8F9DAD7
:103C400036D8A8F9DA36D8A8F9DA36D8A8F9DA36A3
:103C5000D8F78D9DADF818DAF2AEDFD8F7ADFA30AF
:103C6000D9A4DEF9D8F2AEDEFAF983A7D9C3C5C765
:103C7000F1889BA77AADF7DEDFA4F8849408A797B4
:103C8000F300AEF29819A488C6A39488F632DFF246
:103C90008393DB09D9F2AADFD8D8AEF8F9D1DAF3E9
:103CA000A4DEA7F1889B7AD8F38494AE19F9DAAA36
:103CB000F1DFD8A881C0C3C5C7A39283F628ADDEC3
:103CC000D9F8D8A350ADD9F8D8A378ADD9F8D8F899
:103CD000F9D1A1DADEC3C5C7D8A18194F818F2B032
:103CE00089ACC3C5C7F1D8B8B4B09786A8319B06D4
:103CF0009907AB9728889BF00C201440B0B4B8F01B
:103D0000A88A9A285078B79BA829517924705944D9
:103D10006938644831F1BBAB88002C547CF0B38B1C
:103D2000B8A804285078F1B088B49726A85998BB51
:103D3000ABB38B02264666B0B8F08A9CA8295179AD
:103D40008B2951798A2470598B2058718A4469389B
:103D50008B3940688A6448318B30496088F1AC0007
:103D60002C547CF08CA804285078F1889726A85908
:103D700098AC8C02264666F0899CA829517924705B
:103D800059446938644831A98809205970AB113801
:103D90004069A8193148608CA83C415C207C00F146
:103DA00087981986A86E767EA999882D557DD8B1F9
:103DB000B5B9A3DFDFDFAED0DFAAD0DEF2ABF8F912
:103DC000D9B087C4AAF1DFDFBBAFDFDFB9D8B1F16B
:103DD000A3978E60DFB084F2C8F8F9D9DED8938556
:103DE000F14AB183A308B5839A0810B79F10D8F1A0
:103DF000B0BAAEB08AC2B2B68E9EF1FBD9F41DD86D
:103E0000F9D90CF1D8F8F8AD61D9AEFBD8F40CF1C2
:103E1000D8F8F8AD19D9AEFBDFD8F416F1D8F8AD63
:103E20008D61D9F4F4ACF59C9C8DDF2BBAB6AEFA5B
:103E3000F8F40BD8F1AED0F8AD51DAAEFAF8F1D80B
:103E4000B9B1B6A3839C08B9B1839AB5AAC0FD30B5
:103E500083B79F10B58B93F20202D1ABDADED8F1B3
:103E6000B080BAABC0C3B284C1C3D8B1B9F38BA31D
:103E700091B609B4D9ABDEB0879CB9A3DDF1B38BA1
:103E80008B8B8B8BB087A3A3A3A3B28BB69BF2A320
:103E9000A3A3A3A3A3A3A3A3A3F1B087B59AA3F35A
:103EA0009BA3A3DCBAACDFB9A3A3A3A3A3A3A3A33F
:103EB000A3A3A3A3A3A3A3A3D8D8D8BBB3B7F1AAA2
:103EC000F9DAFFD9809AAA28B48098A720B79787F3
:103ED000A86688F07951F1902C870CA7819762939E
:103EE000F071716085940129517990A5F1284C6C8D
:103EF000870C95188578A38390284C6C886CD8F330
:103F0000A28200F210A8921980A2F2D926D8F188D4
:103F1000A84DD948D896A83980D93CD89580A839D9
:103F2000A68698D92CDA87A72CD8A8899519A980B4
:103F3000D938D8A88939A980DA3CD8A82EA83990D0
:103F4000D90CD8A8953198D90CD8A809D9FFD8018F
:103F5000DAFFD89539A9DA26FFD890A80D8999A853
:103F600010809821DA2ED88999A83180DA2ED8A825
:103F700086963180DA2ED8A8873180DA2ED8A882AA
:103F800092F34180F1D92ED8A882F31980F1D92E6D
:103F9000D882ACF3C0A28022F1A62EA72EA9229827
:103FA000A829DAACDEFFD8A2F22AF1A92E8292A8C3
:103FB000F23180A696F1D900AC8C9C0C30ACDED0EE
:103FC000DEFFD88C9CACD010ACDE8092A2F24C828A
:103FD000A8F1CAF235F19688A6D900D8F1FF0400FD
:103FE00000080000000000000002000100001000B6
:103FF000555555555555C53F7D6FEB0312D6D4BF6A
:104000005544880E55C1C93F3B8F68B52882A4BF6F
:1040100088B20175E0EF493F09F7FD0DE13D023F30
:104020004B2D8A1C273A03C0C88A599CE52A0040B8
:1040300059018D1B6C06E6BF82922EB1C5B8B33F05
:104040004FBB610567ACDD3F182D4454FB21E93FB0
:104050009BF681D20B73EF3F182D4454FB21F93F9F
:10406000E2652F227F2B7A3C075C143326A6813C25
:10407000BDCBF07A8807703C075C143326A6913CD0
:10408000C4EB98999999C9BF711623FEC671BCBF3C
:104090006D9A74AFF2B0B3BF9AFDDE522DDEADBFA4
:1040A0002F6C6A2C44B4A2BF0D5555555555D53FBC
:1040B000FF8300922449C23F6E204CC5CD45B73FD7
:1040C000513DD0A0660DB13FEB0D76244B7BA93F4F
:1040D00011DA22E33AAD903F00000000000000003A
:1040E00002400000000000A00000000005400000A9
:1040F000000000C8000000000C4000000000409CD0
:1041000000000000194000000020BCBE00000000BC
:1041100034400000BFC91B8E00000004B540000001
:10412000504BCFD06607E2CF010000006C41000089
:104130003E8251AADFEEA73401000000D942000000
:10414000DCB5A0E23A301F97FFFFFFFFB445000047
:10415000FD25A0C8E9A3C14FFFFFFFFFFF3F0000FF
:104160000000008000000000FF3F00000000008011
:104170000000000050726F6475637420494420721F
:10418000656164206173203020696E6469636174C5
:104190006573206465766963652069732065697459
:1041A00068657220696E636F6D70617469626C65B9
:1041B000206F7220616E204D5055333035302E0DFA
:1041C0000A0000001843010800000020E404000079
:1041D0002801000824460108E4040020440B0000E4
:1041E00084010008000000000000F07F1C000000B7
:1041F00043000000F8FFFFFF0C0000000E0000006D
:104200000F0000002E00000010010000430000001D
:10421000F8FFFFFF004040404040404040404141E7
:10422000414141404040404040404040404040408B
:104230004040404040050202020202020202020225
:104240000202020202202020202020202020200222
:1042500002020202020290909090909010101010B2
:10426000101010101010101010101010101010104E
:1042700002020202020288888888888808080808E2
:1042800008080808080808080808080808080808AE
:1042900002020202400000000000000000000000D6
:1042A000000000000000000000000000000000000E
:1042B00000000000000000000000000000000000FE
:1042C00000000000000000000000000000000000EE
:1042D00000000000000000000000000000000000DE
:1042E00000000000000000000000000000000000CE
:1042F00000000000000000000000000000000000BE
:1043000000000000000000000000000000000000AD
:1043100000000000000000001184A24A04380A01D5
:1043200002030406070809020D01304FF0429A9972
:10433000993E081B193F084A4110A129607964047D
:104340002E0406081A8054A15AFF04092FA7012140
:10435000031058421EA4330108980401201AC024F7
:104360000D380AD7233CD8C9E4093E402D01FF018E
:104370000106111301091301101301113809012459
:10438000010125FF01751B154E2C01482C01302021
:10439000211530090154100F01310401320301408D
:1043A00083014625016013012716015006015110B3
:1043B0000C01529601560801573001611301621336
:1043C00001641301652C0166A045380B22320147B8
:1043D000140149FF014A69157A0A017B2C017821F1
:1043E0001B152334014228160144FF0145260146CE
:1043F00005014040010E0601201A0143402A2E34D7
:104400000301354427197528094B09014C05014D55
:1044100004181244100C01452001470801482801E6
:1044200067100C0170040171010172FE01763B01FD
:1044300077B72B0D01272E80010101F80F1A8EE4AA
:10444000491249F3391B59F9100901014F0201FFC3
:104450000E0110250301018401020A010303010476
:10446000080105C801060301078D0108080109C6F6
:10447000010A01010B02010C1012010DD5010E18E9
:10448000010F12011001011182011218270113D529
:1044900001141801151301160301178601180A01EA
:1044A0001909011A08011BC2011C03011D8F011EFD
:1044B0000A011FD51701012102012210120123D583
:1044C0000124180125220126010127820128101844
:1044D0000129D5012A18012B0B012C28012D780167
:1044E0002E28012F9101301601310B0132160133B4
:1044F0000B0134160135A10136160137A001381021
:1045000024013904013A28013B30013C0C013D04EF
:10451000013E0F013F7901402801411E01422F0158
:10452000438701441601450B01461601470B01481C
:10453000160149A7014A16014BA6014C1E014D0464
:10454000014EF311130150100F0151800152090166
:1045500053080154010155100F01560F01577901FD
:104560005809015905015A1012015B60015C0501EF
:104570005DD1015E0C015F3C0160102D0161D00135
:10458000620B01630301642801651001662A01675B
:104590003901680B016902016A28016B10016C2A5C
:1045A000016D61016E0C016F100901700F017179CD
:1045B00001721601730B01741601750B0176160159
:1045C00077A10178160179A0017A1029017B0401F5
:1045D000FF0401791D017B2701960E0197FE0198CA
:1045E000030199EF019A02019B44017307017001D5
:1045F00001FF0101190671320A7205490842401291
:104600001223E8806B0E0A0E1C400D030E4399190D
:104610003A3C1C4B120E1C12203B204E2A21520306
:04462000323C529640
:04000005080000ED02
:00000001FF
